ARM GAS  C:\Users\12491\AppData\Local\Temp\ccM8LxEj.s 			page 1


   1              		.cpu cortex-m7
   2              		.arch armv7e-m
   3              		.fpu fpv5-d16
   4              		.eabi_attribute 28, 1
   5              		.eabi_attribute 20, 1
   6              		.eabi_attribute 21, 1
   7              		.eabi_attribute 23, 3
   8              		.eabi_attribute 24, 1
   9              		.eabi_attribute 25, 1
  10              		.eabi_attribute 26, 1
  11              		.eabi_attribute 30, 1
  12              		.eabi_attribute 34, 1
  13              		.eabi_attribute 18, 4
  14              		.file	"stm32h7xx_hal_sram.c"
  15              		.text
  16              	.Ltext0:
  17              		.cfi_sections	.debug_frame
  18              		.file 1 "Drivers/STM32H7xx_HAL_Driver/Src/stm32h7xx_hal_sram.c"
  19              		.section	.text.HAL_SRAM_MspInit,"ax",%progbits
  20              		.align	1
  21              		.weak	HAL_SRAM_MspInit
  22              		.syntax unified
  23              		.thumb
  24              		.thumb_func
  26              	HAL_SRAM_MspInit:
  27              	.LVL0:
  28              	.LFB146:
   1:Drivers/STM32H7xx_HAL_Driver/Src/stm32h7xx_hal_sram.c **** /**
   2:Drivers/STM32H7xx_HAL_Driver/Src/stm32h7xx_hal_sram.c ****   ******************************************************************************
   3:Drivers/STM32H7xx_HAL_Driver/Src/stm32h7xx_hal_sram.c ****   * @file    stm32h7xx_hal_sram.c
   4:Drivers/STM32H7xx_HAL_Driver/Src/stm32h7xx_hal_sram.c ****   * @author  MCD Application Team
   5:Drivers/STM32H7xx_HAL_Driver/Src/stm32h7xx_hal_sram.c ****   * @brief   SRAM HAL module driver.
   6:Drivers/STM32H7xx_HAL_Driver/Src/stm32h7xx_hal_sram.c ****   *          This file provides a generic firmware to drive SRAM memories
   7:Drivers/STM32H7xx_HAL_Driver/Src/stm32h7xx_hal_sram.c ****   *          mounted as external device.
   8:Drivers/STM32H7xx_HAL_Driver/Src/stm32h7xx_hal_sram.c ****   *
   9:Drivers/STM32H7xx_HAL_Driver/Src/stm32h7xx_hal_sram.c ****   ******************************************************************************
  10:Drivers/STM32H7xx_HAL_Driver/Src/stm32h7xx_hal_sram.c ****   * @attention
  11:Drivers/STM32H7xx_HAL_Driver/Src/stm32h7xx_hal_sram.c ****   *
  12:Drivers/STM32H7xx_HAL_Driver/Src/stm32h7xx_hal_sram.c ****   * Copyright (c) 2017 STMicroelectronics.
  13:Drivers/STM32H7xx_HAL_Driver/Src/stm32h7xx_hal_sram.c ****   * All rights reserved.
  14:Drivers/STM32H7xx_HAL_Driver/Src/stm32h7xx_hal_sram.c ****   *
  15:Drivers/STM32H7xx_HAL_Driver/Src/stm32h7xx_hal_sram.c ****   * This software is licensed under terms that can be found in the LICENSE file
  16:Drivers/STM32H7xx_HAL_Driver/Src/stm32h7xx_hal_sram.c ****   * in the root directory of this software component.
  17:Drivers/STM32H7xx_HAL_Driver/Src/stm32h7xx_hal_sram.c ****   * If no LICENSE file comes with this software, it is provided AS-IS.
  18:Drivers/STM32H7xx_HAL_Driver/Src/stm32h7xx_hal_sram.c ****   *
  19:Drivers/STM32H7xx_HAL_Driver/Src/stm32h7xx_hal_sram.c ****   ******************************************************************************
  20:Drivers/STM32H7xx_HAL_Driver/Src/stm32h7xx_hal_sram.c ****   @verbatim
  21:Drivers/STM32H7xx_HAL_Driver/Src/stm32h7xx_hal_sram.c ****   ==============================================================================
  22:Drivers/STM32H7xx_HAL_Driver/Src/stm32h7xx_hal_sram.c ****                           ##### How to use this driver #####
  23:Drivers/STM32H7xx_HAL_Driver/Src/stm32h7xx_hal_sram.c ****   ==============================================================================
  24:Drivers/STM32H7xx_HAL_Driver/Src/stm32h7xx_hal_sram.c ****   [..]
  25:Drivers/STM32H7xx_HAL_Driver/Src/stm32h7xx_hal_sram.c ****     This driver is a generic layered driver which contains a set of APIs used to
  26:Drivers/STM32H7xx_HAL_Driver/Src/stm32h7xx_hal_sram.c ****     control SRAM memories. It uses the FMC layer functions to interface
  27:Drivers/STM32H7xx_HAL_Driver/Src/stm32h7xx_hal_sram.c ****     with SRAM devices.
  28:Drivers/STM32H7xx_HAL_Driver/Src/stm32h7xx_hal_sram.c ****     The following sequence should be followed to configure the FMC to interface
  29:Drivers/STM32H7xx_HAL_Driver/Src/stm32h7xx_hal_sram.c ****     with SRAM/PSRAM memories:
  30:Drivers/STM32H7xx_HAL_Driver/Src/stm32h7xx_hal_sram.c **** 
ARM GAS  C:\Users\12491\AppData\Local\Temp\ccM8LxEj.s 			page 2


  31:Drivers/STM32H7xx_HAL_Driver/Src/stm32h7xx_hal_sram.c ****    (#) Declare a SRAM_HandleTypeDef handle structure, for example:
  32:Drivers/STM32H7xx_HAL_Driver/Src/stm32h7xx_hal_sram.c ****           SRAM_HandleTypeDef  hsram; and:
  33:Drivers/STM32H7xx_HAL_Driver/Src/stm32h7xx_hal_sram.c **** 
  34:Drivers/STM32H7xx_HAL_Driver/Src/stm32h7xx_hal_sram.c ****        (++) Fill the SRAM_HandleTypeDef handle "Init" field with the allowed
  35:Drivers/STM32H7xx_HAL_Driver/Src/stm32h7xx_hal_sram.c ****             values of the structure member.
  36:Drivers/STM32H7xx_HAL_Driver/Src/stm32h7xx_hal_sram.c **** 
  37:Drivers/STM32H7xx_HAL_Driver/Src/stm32h7xx_hal_sram.c ****        (++) Fill the SRAM_HandleTypeDef handle "Instance" field with a predefined
  38:Drivers/STM32H7xx_HAL_Driver/Src/stm32h7xx_hal_sram.c ****             base register instance for NOR or SRAM device
  39:Drivers/STM32H7xx_HAL_Driver/Src/stm32h7xx_hal_sram.c **** 
  40:Drivers/STM32H7xx_HAL_Driver/Src/stm32h7xx_hal_sram.c ****        (++) Fill the SRAM_HandleTypeDef handle "Extended" field with a predefined
  41:Drivers/STM32H7xx_HAL_Driver/Src/stm32h7xx_hal_sram.c ****             base register instance for NOR or SRAM extended mode
  42:Drivers/STM32H7xx_HAL_Driver/Src/stm32h7xx_hal_sram.c **** 
  43:Drivers/STM32H7xx_HAL_Driver/Src/stm32h7xx_hal_sram.c ****    (#) Declare two FMC_NORSRAM_TimingTypeDef structures, for both normal and extended
  44:Drivers/STM32H7xx_HAL_Driver/Src/stm32h7xx_hal_sram.c ****        mode timings; for example:
  45:Drivers/STM32H7xx_HAL_Driver/Src/stm32h7xx_hal_sram.c ****           FMC_NORSRAM_TimingTypeDef  Timing and FMC_NORSRAM_TimingTypeDef  ExTiming;
  46:Drivers/STM32H7xx_HAL_Driver/Src/stm32h7xx_hal_sram.c ****       and fill its fields with the allowed values of the structure member.
  47:Drivers/STM32H7xx_HAL_Driver/Src/stm32h7xx_hal_sram.c **** 
  48:Drivers/STM32H7xx_HAL_Driver/Src/stm32h7xx_hal_sram.c ****    (#) Initialize the SRAM Controller by calling the function HAL_SRAM_Init(). This function
  49:Drivers/STM32H7xx_HAL_Driver/Src/stm32h7xx_hal_sram.c ****        performs the following sequence:
  50:Drivers/STM32H7xx_HAL_Driver/Src/stm32h7xx_hal_sram.c **** 
  51:Drivers/STM32H7xx_HAL_Driver/Src/stm32h7xx_hal_sram.c ****        (##) MSP hardware layer configuration using the function HAL_SRAM_MspInit()
  52:Drivers/STM32H7xx_HAL_Driver/Src/stm32h7xx_hal_sram.c ****        (##) Control register configuration using the FMC NORSRAM interface function
  53:Drivers/STM32H7xx_HAL_Driver/Src/stm32h7xx_hal_sram.c ****             FMC_NORSRAM_Init()
  54:Drivers/STM32H7xx_HAL_Driver/Src/stm32h7xx_hal_sram.c ****        (##) Timing register configuration using the FMC NORSRAM interface function
  55:Drivers/STM32H7xx_HAL_Driver/Src/stm32h7xx_hal_sram.c ****             FMC_NORSRAM_Timing_Init()
  56:Drivers/STM32H7xx_HAL_Driver/Src/stm32h7xx_hal_sram.c ****        (##) Extended mode Timing register configuration using the FMC NORSRAM interface function
  57:Drivers/STM32H7xx_HAL_Driver/Src/stm32h7xx_hal_sram.c ****             FMC_NORSRAM_Extended_Timing_Init()
  58:Drivers/STM32H7xx_HAL_Driver/Src/stm32h7xx_hal_sram.c ****        (##) Enable the SRAM device using the macro __FMC_NORSRAM_ENABLE()
  59:Drivers/STM32H7xx_HAL_Driver/Src/stm32h7xx_hal_sram.c **** 
  60:Drivers/STM32H7xx_HAL_Driver/Src/stm32h7xx_hal_sram.c ****    (#) At this stage you can perform read/write accesses from/to the memory connected
  61:Drivers/STM32H7xx_HAL_Driver/Src/stm32h7xx_hal_sram.c ****        to the NOR/SRAM Bank. You can perform either polling or DMA transfer using the
  62:Drivers/STM32H7xx_HAL_Driver/Src/stm32h7xx_hal_sram.c ****        following APIs:
  63:Drivers/STM32H7xx_HAL_Driver/Src/stm32h7xx_hal_sram.c ****        (++) HAL_SRAM_Read()/HAL_SRAM_Write() for polling read/write access
  64:Drivers/STM32H7xx_HAL_Driver/Src/stm32h7xx_hal_sram.c ****        (++) HAL_SRAM_Read_DMA()/HAL_SRAM_Write_DMA() for DMA read/write transfer
  65:Drivers/STM32H7xx_HAL_Driver/Src/stm32h7xx_hal_sram.c **** 
  66:Drivers/STM32H7xx_HAL_Driver/Src/stm32h7xx_hal_sram.c ****    (#) You can also control the SRAM device by calling the control APIs HAL_SRAM_WriteOperation_Ena
  67:Drivers/STM32H7xx_HAL_Driver/Src/stm32h7xx_hal_sram.c ****        HAL_SRAM_WriteOperation_Disable() to respectively enable/disable the SRAM write operation
  68:Drivers/STM32H7xx_HAL_Driver/Src/stm32h7xx_hal_sram.c **** 
  69:Drivers/STM32H7xx_HAL_Driver/Src/stm32h7xx_hal_sram.c ****    (#) You can continuously monitor the SRAM device HAL state by calling the function
  70:Drivers/STM32H7xx_HAL_Driver/Src/stm32h7xx_hal_sram.c ****        HAL_SRAM_GetState()
  71:Drivers/STM32H7xx_HAL_Driver/Src/stm32h7xx_hal_sram.c **** 
  72:Drivers/STM32H7xx_HAL_Driver/Src/stm32h7xx_hal_sram.c ****        *** Callback registration ***
  73:Drivers/STM32H7xx_HAL_Driver/Src/stm32h7xx_hal_sram.c ****     =============================================
  74:Drivers/STM32H7xx_HAL_Driver/Src/stm32h7xx_hal_sram.c ****     [..]
  75:Drivers/STM32H7xx_HAL_Driver/Src/stm32h7xx_hal_sram.c ****       The compilation define  USE_HAL_SRAM_REGISTER_CALLBACKS when set to 1
  76:Drivers/STM32H7xx_HAL_Driver/Src/stm32h7xx_hal_sram.c ****       allows the user to configure dynamically the driver callbacks.
  77:Drivers/STM32H7xx_HAL_Driver/Src/stm32h7xx_hal_sram.c **** 
  78:Drivers/STM32H7xx_HAL_Driver/Src/stm32h7xx_hal_sram.c ****       Use Functions HAL_SRAM_RegisterCallback() to register a user callback,
  79:Drivers/STM32H7xx_HAL_Driver/Src/stm32h7xx_hal_sram.c ****       it allows to register following callbacks:
  80:Drivers/STM32H7xx_HAL_Driver/Src/stm32h7xx_hal_sram.c ****         (+) MspInitCallback    : SRAM MspInit.
  81:Drivers/STM32H7xx_HAL_Driver/Src/stm32h7xx_hal_sram.c ****         (+) MspDeInitCallback  : SRAM MspDeInit.
  82:Drivers/STM32H7xx_HAL_Driver/Src/stm32h7xx_hal_sram.c ****       This function takes as parameters the HAL peripheral handle, the Callback ID
  83:Drivers/STM32H7xx_HAL_Driver/Src/stm32h7xx_hal_sram.c ****       and a pointer to the user callback function.
  84:Drivers/STM32H7xx_HAL_Driver/Src/stm32h7xx_hal_sram.c **** 
  85:Drivers/STM32H7xx_HAL_Driver/Src/stm32h7xx_hal_sram.c ****       Use function HAL_SRAM_UnRegisterCallback() to reset a callback to the default
  86:Drivers/STM32H7xx_HAL_Driver/Src/stm32h7xx_hal_sram.c ****       weak (overridden) function. It allows to reset following callbacks:
  87:Drivers/STM32H7xx_HAL_Driver/Src/stm32h7xx_hal_sram.c ****         (+) MspInitCallback    : SRAM MspInit.
ARM GAS  C:\Users\12491\AppData\Local\Temp\ccM8LxEj.s 			page 3


  88:Drivers/STM32H7xx_HAL_Driver/Src/stm32h7xx_hal_sram.c ****         (+) MspDeInitCallback  : SRAM MspDeInit.
  89:Drivers/STM32H7xx_HAL_Driver/Src/stm32h7xx_hal_sram.c ****       This function) takes as parameters the HAL peripheral handle and the Callback ID.
  90:Drivers/STM32H7xx_HAL_Driver/Src/stm32h7xx_hal_sram.c **** 
  91:Drivers/STM32H7xx_HAL_Driver/Src/stm32h7xx_hal_sram.c ****       By default, after the HAL_SRAM_Init and if the state is HAL_SRAM_STATE_RESET
  92:Drivers/STM32H7xx_HAL_Driver/Src/stm32h7xx_hal_sram.c ****       all callbacks are reset to the corresponding legacy weak (overridden) functions.
  93:Drivers/STM32H7xx_HAL_Driver/Src/stm32h7xx_hal_sram.c ****       Exception done for MspInit and MspDeInit callbacks that are respectively
  94:Drivers/STM32H7xx_HAL_Driver/Src/stm32h7xx_hal_sram.c ****       reset to the legacy weak (overridden) functions in the HAL_SRAM_Init
  95:Drivers/STM32H7xx_HAL_Driver/Src/stm32h7xx_hal_sram.c ****       and  HAL_SRAM_DeInit only when these callbacks are null (not registered beforehand).
  96:Drivers/STM32H7xx_HAL_Driver/Src/stm32h7xx_hal_sram.c ****       If not, MspInit or MspDeInit are not null, the HAL_SRAM_Init and HAL_SRAM_DeInit
  97:Drivers/STM32H7xx_HAL_Driver/Src/stm32h7xx_hal_sram.c ****       keep and use the user MspInit/MspDeInit callbacks (registered beforehand)
  98:Drivers/STM32H7xx_HAL_Driver/Src/stm32h7xx_hal_sram.c **** 
  99:Drivers/STM32H7xx_HAL_Driver/Src/stm32h7xx_hal_sram.c ****       Callbacks can be registered/unregistered in READY state only.
 100:Drivers/STM32H7xx_HAL_Driver/Src/stm32h7xx_hal_sram.c ****       Exception done for MspInit/MspDeInit callbacks that can be registered/unregistered
 101:Drivers/STM32H7xx_HAL_Driver/Src/stm32h7xx_hal_sram.c ****       in READY or RESET state, thus registered (user) MspInit/DeInit callbacks can be used
 102:Drivers/STM32H7xx_HAL_Driver/Src/stm32h7xx_hal_sram.c ****       during the Init/DeInit.
 103:Drivers/STM32H7xx_HAL_Driver/Src/stm32h7xx_hal_sram.c ****       In that case first register the MspInit/MspDeInit user callbacks
 104:Drivers/STM32H7xx_HAL_Driver/Src/stm32h7xx_hal_sram.c ****       using HAL_SRAM_RegisterCallback before calling HAL_SRAM_DeInit
 105:Drivers/STM32H7xx_HAL_Driver/Src/stm32h7xx_hal_sram.c ****       or HAL_SRAM_Init function.
 106:Drivers/STM32H7xx_HAL_Driver/Src/stm32h7xx_hal_sram.c **** 
 107:Drivers/STM32H7xx_HAL_Driver/Src/stm32h7xx_hal_sram.c ****       When The compilation define USE_HAL_SRAM_REGISTER_CALLBACKS is set to 0 or
 108:Drivers/STM32H7xx_HAL_Driver/Src/stm32h7xx_hal_sram.c ****       not defined, the callback registering feature is not available
 109:Drivers/STM32H7xx_HAL_Driver/Src/stm32h7xx_hal_sram.c ****       and weak (overridden) callbacks are used.
 110:Drivers/STM32H7xx_HAL_Driver/Src/stm32h7xx_hal_sram.c **** 
 111:Drivers/STM32H7xx_HAL_Driver/Src/stm32h7xx_hal_sram.c ****   @endverbatim
 112:Drivers/STM32H7xx_HAL_Driver/Src/stm32h7xx_hal_sram.c ****   ******************************************************************************
 113:Drivers/STM32H7xx_HAL_Driver/Src/stm32h7xx_hal_sram.c ****   */
 114:Drivers/STM32H7xx_HAL_Driver/Src/stm32h7xx_hal_sram.c **** 
 115:Drivers/STM32H7xx_HAL_Driver/Src/stm32h7xx_hal_sram.c **** /* Includes ------------------------------------------------------------------*/
 116:Drivers/STM32H7xx_HAL_Driver/Src/stm32h7xx_hal_sram.c **** #include "stm32h7xx_hal.h"
 117:Drivers/STM32H7xx_HAL_Driver/Src/stm32h7xx_hal_sram.c **** 
 118:Drivers/STM32H7xx_HAL_Driver/Src/stm32h7xx_hal_sram.c **** 
 119:Drivers/STM32H7xx_HAL_Driver/Src/stm32h7xx_hal_sram.c **** /** @addtogroup STM32H7xx_HAL_Driver
 120:Drivers/STM32H7xx_HAL_Driver/Src/stm32h7xx_hal_sram.c ****   * @{
 121:Drivers/STM32H7xx_HAL_Driver/Src/stm32h7xx_hal_sram.c ****   */
 122:Drivers/STM32H7xx_HAL_Driver/Src/stm32h7xx_hal_sram.c **** 
 123:Drivers/STM32H7xx_HAL_Driver/Src/stm32h7xx_hal_sram.c **** #ifdef HAL_SRAM_MODULE_ENABLED
 124:Drivers/STM32H7xx_HAL_Driver/Src/stm32h7xx_hal_sram.c **** 
 125:Drivers/STM32H7xx_HAL_Driver/Src/stm32h7xx_hal_sram.c **** /** @defgroup SRAM SRAM
 126:Drivers/STM32H7xx_HAL_Driver/Src/stm32h7xx_hal_sram.c ****   * @brief SRAM driver modules
 127:Drivers/STM32H7xx_HAL_Driver/Src/stm32h7xx_hal_sram.c ****   * @{
 128:Drivers/STM32H7xx_HAL_Driver/Src/stm32h7xx_hal_sram.c ****   */
 129:Drivers/STM32H7xx_HAL_Driver/Src/stm32h7xx_hal_sram.c **** 
 130:Drivers/STM32H7xx_HAL_Driver/Src/stm32h7xx_hal_sram.c **** /* Private typedef -----------------------------------------------------------*/
 131:Drivers/STM32H7xx_HAL_Driver/Src/stm32h7xx_hal_sram.c **** /* Private define ------------------------------------------------------------*/
 132:Drivers/STM32H7xx_HAL_Driver/Src/stm32h7xx_hal_sram.c **** /* Private macro -------------------------------------------------------------*/
 133:Drivers/STM32H7xx_HAL_Driver/Src/stm32h7xx_hal_sram.c **** /* Private variables ---------------------------------------------------------*/
 134:Drivers/STM32H7xx_HAL_Driver/Src/stm32h7xx_hal_sram.c **** /* Private function prototypes -----------------------------------------------*/
 135:Drivers/STM32H7xx_HAL_Driver/Src/stm32h7xx_hal_sram.c **** /** @addtogroup SRAM_Private_Functions SRAM Private Functions
 136:Drivers/STM32H7xx_HAL_Driver/Src/stm32h7xx_hal_sram.c ****   * @{
 137:Drivers/STM32H7xx_HAL_Driver/Src/stm32h7xx_hal_sram.c ****   */
 138:Drivers/STM32H7xx_HAL_Driver/Src/stm32h7xx_hal_sram.c **** static void SRAM_DMACplt(MDMA_HandleTypeDef *hmdma);
 139:Drivers/STM32H7xx_HAL_Driver/Src/stm32h7xx_hal_sram.c **** static void SRAM_DMACpltProt(MDMA_HandleTypeDef *hmdma);
 140:Drivers/STM32H7xx_HAL_Driver/Src/stm32h7xx_hal_sram.c **** static void SRAM_DMAError(MDMA_HandleTypeDef *hmdma);
 141:Drivers/STM32H7xx_HAL_Driver/Src/stm32h7xx_hal_sram.c **** /**
 142:Drivers/STM32H7xx_HAL_Driver/Src/stm32h7xx_hal_sram.c ****   * @}
 143:Drivers/STM32H7xx_HAL_Driver/Src/stm32h7xx_hal_sram.c ****   */
 144:Drivers/STM32H7xx_HAL_Driver/Src/stm32h7xx_hal_sram.c **** 
ARM GAS  C:\Users\12491\AppData\Local\Temp\ccM8LxEj.s 			page 4


 145:Drivers/STM32H7xx_HAL_Driver/Src/stm32h7xx_hal_sram.c **** /* Exported functions --------------------------------------------------------*/
 146:Drivers/STM32H7xx_HAL_Driver/Src/stm32h7xx_hal_sram.c **** 
 147:Drivers/STM32H7xx_HAL_Driver/Src/stm32h7xx_hal_sram.c **** /** @defgroup SRAM_Exported_Functions SRAM Exported Functions
 148:Drivers/STM32H7xx_HAL_Driver/Src/stm32h7xx_hal_sram.c ****   * @{
 149:Drivers/STM32H7xx_HAL_Driver/Src/stm32h7xx_hal_sram.c ****   */
 150:Drivers/STM32H7xx_HAL_Driver/Src/stm32h7xx_hal_sram.c **** 
 151:Drivers/STM32H7xx_HAL_Driver/Src/stm32h7xx_hal_sram.c **** /** @defgroup SRAM_Exported_Functions_Group1 Initialization and de-initialization functions
 152:Drivers/STM32H7xx_HAL_Driver/Src/stm32h7xx_hal_sram.c ****   * @brief    Initialization and Configuration functions.
 153:Drivers/STM32H7xx_HAL_Driver/Src/stm32h7xx_hal_sram.c ****   *
 154:Drivers/STM32H7xx_HAL_Driver/Src/stm32h7xx_hal_sram.c ****   @verbatim
 155:Drivers/STM32H7xx_HAL_Driver/Src/stm32h7xx_hal_sram.c ****   ==============================================================================
 156:Drivers/STM32H7xx_HAL_Driver/Src/stm32h7xx_hal_sram.c ****            ##### SRAM Initialization and de_initialization functions #####
 157:Drivers/STM32H7xx_HAL_Driver/Src/stm32h7xx_hal_sram.c ****   ==============================================================================
 158:Drivers/STM32H7xx_HAL_Driver/Src/stm32h7xx_hal_sram.c ****     [..]  This section provides functions allowing to initialize/de-initialize
 159:Drivers/STM32H7xx_HAL_Driver/Src/stm32h7xx_hal_sram.c ****           the SRAM memory
 160:Drivers/STM32H7xx_HAL_Driver/Src/stm32h7xx_hal_sram.c **** 
 161:Drivers/STM32H7xx_HAL_Driver/Src/stm32h7xx_hal_sram.c **** @endverbatim
 162:Drivers/STM32H7xx_HAL_Driver/Src/stm32h7xx_hal_sram.c ****   * @{
 163:Drivers/STM32H7xx_HAL_Driver/Src/stm32h7xx_hal_sram.c ****   */
 164:Drivers/STM32H7xx_HAL_Driver/Src/stm32h7xx_hal_sram.c **** 
 165:Drivers/STM32H7xx_HAL_Driver/Src/stm32h7xx_hal_sram.c **** /**
 166:Drivers/STM32H7xx_HAL_Driver/Src/stm32h7xx_hal_sram.c ****   * @brief  Performs the SRAM device initialization sequence
 167:Drivers/STM32H7xx_HAL_Driver/Src/stm32h7xx_hal_sram.c ****   * @param  hsram pointer to a SRAM_HandleTypeDef structure that contains
 168:Drivers/STM32H7xx_HAL_Driver/Src/stm32h7xx_hal_sram.c ****   *                the configuration information for SRAM module.
 169:Drivers/STM32H7xx_HAL_Driver/Src/stm32h7xx_hal_sram.c ****   * @param  Timing Pointer to SRAM control timing structure
 170:Drivers/STM32H7xx_HAL_Driver/Src/stm32h7xx_hal_sram.c ****   * @param  ExtTiming Pointer to SRAM extended mode timing structure
 171:Drivers/STM32H7xx_HAL_Driver/Src/stm32h7xx_hal_sram.c ****   * @retval HAL status
 172:Drivers/STM32H7xx_HAL_Driver/Src/stm32h7xx_hal_sram.c ****   */
 173:Drivers/STM32H7xx_HAL_Driver/Src/stm32h7xx_hal_sram.c **** HAL_StatusTypeDef HAL_SRAM_Init(SRAM_HandleTypeDef *hsram, FMC_NORSRAM_TimingTypeDef *Timing,
 174:Drivers/STM32H7xx_HAL_Driver/Src/stm32h7xx_hal_sram.c ****                                 FMC_NORSRAM_TimingTypeDef *ExtTiming)
 175:Drivers/STM32H7xx_HAL_Driver/Src/stm32h7xx_hal_sram.c **** {
 176:Drivers/STM32H7xx_HAL_Driver/Src/stm32h7xx_hal_sram.c ****   /* Check the SRAM handle parameter */
 177:Drivers/STM32H7xx_HAL_Driver/Src/stm32h7xx_hal_sram.c ****   if (hsram == NULL)
 178:Drivers/STM32H7xx_HAL_Driver/Src/stm32h7xx_hal_sram.c ****   {
 179:Drivers/STM32H7xx_HAL_Driver/Src/stm32h7xx_hal_sram.c ****     return HAL_ERROR;
 180:Drivers/STM32H7xx_HAL_Driver/Src/stm32h7xx_hal_sram.c ****   }
 181:Drivers/STM32H7xx_HAL_Driver/Src/stm32h7xx_hal_sram.c **** 
 182:Drivers/STM32H7xx_HAL_Driver/Src/stm32h7xx_hal_sram.c ****   if (hsram->State == HAL_SRAM_STATE_RESET)
 183:Drivers/STM32H7xx_HAL_Driver/Src/stm32h7xx_hal_sram.c ****   {
 184:Drivers/STM32H7xx_HAL_Driver/Src/stm32h7xx_hal_sram.c ****     /* Allocate lock resource and initialize it */
 185:Drivers/STM32H7xx_HAL_Driver/Src/stm32h7xx_hal_sram.c ****     hsram->Lock = HAL_UNLOCKED;
 186:Drivers/STM32H7xx_HAL_Driver/Src/stm32h7xx_hal_sram.c **** 
 187:Drivers/STM32H7xx_HAL_Driver/Src/stm32h7xx_hal_sram.c **** #if (USE_HAL_SRAM_REGISTER_CALLBACKS == 1)
 188:Drivers/STM32H7xx_HAL_Driver/Src/stm32h7xx_hal_sram.c ****     if (hsram->MspInitCallback == NULL)
 189:Drivers/STM32H7xx_HAL_Driver/Src/stm32h7xx_hal_sram.c ****     {
 190:Drivers/STM32H7xx_HAL_Driver/Src/stm32h7xx_hal_sram.c ****       hsram->MspInitCallback = HAL_SRAM_MspInit;
 191:Drivers/STM32H7xx_HAL_Driver/Src/stm32h7xx_hal_sram.c ****     }
 192:Drivers/STM32H7xx_HAL_Driver/Src/stm32h7xx_hal_sram.c ****     hsram->DmaXferCpltCallback = HAL_SRAM_DMA_XferCpltCallback;
 193:Drivers/STM32H7xx_HAL_Driver/Src/stm32h7xx_hal_sram.c ****     hsram->DmaXferErrorCallback = HAL_SRAM_DMA_XferErrorCallback;
 194:Drivers/STM32H7xx_HAL_Driver/Src/stm32h7xx_hal_sram.c **** 
 195:Drivers/STM32H7xx_HAL_Driver/Src/stm32h7xx_hal_sram.c ****     /* Init the low level hardware */
 196:Drivers/STM32H7xx_HAL_Driver/Src/stm32h7xx_hal_sram.c ****     hsram->MspInitCallback(hsram);
 197:Drivers/STM32H7xx_HAL_Driver/Src/stm32h7xx_hal_sram.c **** #else
 198:Drivers/STM32H7xx_HAL_Driver/Src/stm32h7xx_hal_sram.c ****     /* Initialize the low level hardware (MSP) */
 199:Drivers/STM32H7xx_HAL_Driver/Src/stm32h7xx_hal_sram.c ****     HAL_SRAM_MspInit(hsram);
 200:Drivers/STM32H7xx_HAL_Driver/Src/stm32h7xx_hal_sram.c **** #endif /* USE_HAL_SRAM_REGISTER_CALLBACKS */
 201:Drivers/STM32H7xx_HAL_Driver/Src/stm32h7xx_hal_sram.c ****   }
ARM GAS  C:\Users\12491\AppData\Local\Temp\ccM8LxEj.s 			page 5


 202:Drivers/STM32H7xx_HAL_Driver/Src/stm32h7xx_hal_sram.c **** 
 203:Drivers/STM32H7xx_HAL_Driver/Src/stm32h7xx_hal_sram.c ****   /* Initialize SRAM control Interface */
 204:Drivers/STM32H7xx_HAL_Driver/Src/stm32h7xx_hal_sram.c ****   (void)FMC_NORSRAM_Init(hsram->Instance, &(hsram->Init));
 205:Drivers/STM32H7xx_HAL_Driver/Src/stm32h7xx_hal_sram.c **** 
 206:Drivers/STM32H7xx_HAL_Driver/Src/stm32h7xx_hal_sram.c ****   /* Initialize SRAM timing Interface */
 207:Drivers/STM32H7xx_HAL_Driver/Src/stm32h7xx_hal_sram.c ****   (void)FMC_NORSRAM_Timing_Init(hsram->Instance, Timing, hsram->Init.NSBank);
 208:Drivers/STM32H7xx_HAL_Driver/Src/stm32h7xx_hal_sram.c **** 
 209:Drivers/STM32H7xx_HAL_Driver/Src/stm32h7xx_hal_sram.c ****   /* Initialize SRAM extended mode timing Interface */
 210:Drivers/STM32H7xx_HAL_Driver/Src/stm32h7xx_hal_sram.c ****   (void)FMC_NORSRAM_Extended_Timing_Init(hsram->Extended, ExtTiming, hsram->Init.NSBank,
 211:Drivers/STM32H7xx_HAL_Driver/Src/stm32h7xx_hal_sram.c ****                                          hsram->Init.ExtendedMode);
 212:Drivers/STM32H7xx_HAL_Driver/Src/stm32h7xx_hal_sram.c **** 
 213:Drivers/STM32H7xx_HAL_Driver/Src/stm32h7xx_hal_sram.c ****   /* Enable the NORSRAM device */
 214:Drivers/STM32H7xx_HAL_Driver/Src/stm32h7xx_hal_sram.c ****   __FMC_NORSRAM_ENABLE(hsram->Instance, hsram->Init.NSBank);
 215:Drivers/STM32H7xx_HAL_Driver/Src/stm32h7xx_hal_sram.c **** 
 216:Drivers/STM32H7xx_HAL_Driver/Src/stm32h7xx_hal_sram.c ****   /* Enable FMC Peripheral */
 217:Drivers/STM32H7xx_HAL_Driver/Src/stm32h7xx_hal_sram.c ****   __FMC_ENABLE();
 218:Drivers/STM32H7xx_HAL_Driver/Src/stm32h7xx_hal_sram.c **** 
 219:Drivers/STM32H7xx_HAL_Driver/Src/stm32h7xx_hal_sram.c ****   /* Initialize the SRAM controller state */
 220:Drivers/STM32H7xx_HAL_Driver/Src/stm32h7xx_hal_sram.c ****   hsram->State = HAL_SRAM_STATE_READY;
 221:Drivers/STM32H7xx_HAL_Driver/Src/stm32h7xx_hal_sram.c **** 
 222:Drivers/STM32H7xx_HAL_Driver/Src/stm32h7xx_hal_sram.c ****   return HAL_OK;
 223:Drivers/STM32H7xx_HAL_Driver/Src/stm32h7xx_hal_sram.c **** }
 224:Drivers/STM32H7xx_HAL_Driver/Src/stm32h7xx_hal_sram.c **** 
 225:Drivers/STM32H7xx_HAL_Driver/Src/stm32h7xx_hal_sram.c **** /**
 226:Drivers/STM32H7xx_HAL_Driver/Src/stm32h7xx_hal_sram.c ****   * @brief  Performs the SRAM device De-initialization sequence.
 227:Drivers/STM32H7xx_HAL_Driver/Src/stm32h7xx_hal_sram.c ****   * @param  hsram pointer to a SRAM_HandleTypeDef structure that contains
 228:Drivers/STM32H7xx_HAL_Driver/Src/stm32h7xx_hal_sram.c ****   *                the configuration information for SRAM module.
 229:Drivers/STM32H7xx_HAL_Driver/Src/stm32h7xx_hal_sram.c ****   * @retval HAL status
 230:Drivers/STM32H7xx_HAL_Driver/Src/stm32h7xx_hal_sram.c ****   */
 231:Drivers/STM32H7xx_HAL_Driver/Src/stm32h7xx_hal_sram.c **** HAL_StatusTypeDef HAL_SRAM_DeInit(SRAM_HandleTypeDef *hsram)
 232:Drivers/STM32H7xx_HAL_Driver/Src/stm32h7xx_hal_sram.c **** {
 233:Drivers/STM32H7xx_HAL_Driver/Src/stm32h7xx_hal_sram.c **** #if (USE_HAL_SRAM_REGISTER_CALLBACKS == 1)
 234:Drivers/STM32H7xx_HAL_Driver/Src/stm32h7xx_hal_sram.c ****   if (hsram->MspDeInitCallback == NULL)
 235:Drivers/STM32H7xx_HAL_Driver/Src/stm32h7xx_hal_sram.c ****   {
 236:Drivers/STM32H7xx_HAL_Driver/Src/stm32h7xx_hal_sram.c ****     hsram->MspDeInitCallback = HAL_SRAM_MspDeInit;
 237:Drivers/STM32H7xx_HAL_Driver/Src/stm32h7xx_hal_sram.c ****   }
 238:Drivers/STM32H7xx_HAL_Driver/Src/stm32h7xx_hal_sram.c **** 
 239:Drivers/STM32H7xx_HAL_Driver/Src/stm32h7xx_hal_sram.c ****   /* DeInit the low level hardware */
 240:Drivers/STM32H7xx_HAL_Driver/Src/stm32h7xx_hal_sram.c ****   hsram->MspDeInitCallback(hsram);
 241:Drivers/STM32H7xx_HAL_Driver/Src/stm32h7xx_hal_sram.c **** #else
 242:Drivers/STM32H7xx_HAL_Driver/Src/stm32h7xx_hal_sram.c ****   /* De-Initialize the low level hardware (MSP) */
 243:Drivers/STM32H7xx_HAL_Driver/Src/stm32h7xx_hal_sram.c ****   HAL_SRAM_MspDeInit(hsram);
 244:Drivers/STM32H7xx_HAL_Driver/Src/stm32h7xx_hal_sram.c **** #endif /* USE_HAL_SRAM_REGISTER_CALLBACKS */
 245:Drivers/STM32H7xx_HAL_Driver/Src/stm32h7xx_hal_sram.c **** 
 246:Drivers/STM32H7xx_HAL_Driver/Src/stm32h7xx_hal_sram.c ****   /* Configure the SRAM registers with their reset values */
 247:Drivers/STM32H7xx_HAL_Driver/Src/stm32h7xx_hal_sram.c ****   (void)FMC_NORSRAM_DeInit(hsram->Instance, hsram->Extended, hsram->Init.NSBank);
 248:Drivers/STM32H7xx_HAL_Driver/Src/stm32h7xx_hal_sram.c **** 
 249:Drivers/STM32H7xx_HAL_Driver/Src/stm32h7xx_hal_sram.c ****   /* Reset the SRAM controller state */
 250:Drivers/STM32H7xx_HAL_Driver/Src/stm32h7xx_hal_sram.c ****   hsram->State = HAL_SRAM_STATE_RESET;
 251:Drivers/STM32H7xx_HAL_Driver/Src/stm32h7xx_hal_sram.c **** 
 252:Drivers/STM32H7xx_HAL_Driver/Src/stm32h7xx_hal_sram.c ****   /* Release Lock */
 253:Drivers/STM32H7xx_HAL_Driver/Src/stm32h7xx_hal_sram.c ****   __HAL_UNLOCK(hsram);
 254:Drivers/STM32H7xx_HAL_Driver/Src/stm32h7xx_hal_sram.c **** 
 255:Drivers/STM32H7xx_HAL_Driver/Src/stm32h7xx_hal_sram.c ****   return HAL_OK;
 256:Drivers/STM32H7xx_HAL_Driver/Src/stm32h7xx_hal_sram.c **** }
 257:Drivers/STM32H7xx_HAL_Driver/Src/stm32h7xx_hal_sram.c **** 
 258:Drivers/STM32H7xx_HAL_Driver/Src/stm32h7xx_hal_sram.c **** /**
ARM GAS  C:\Users\12491\AppData\Local\Temp\ccM8LxEj.s 			page 6


 259:Drivers/STM32H7xx_HAL_Driver/Src/stm32h7xx_hal_sram.c ****   * @brief  SRAM MSP Init.
 260:Drivers/STM32H7xx_HAL_Driver/Src/stm32h7xx_hal_sram.c ****   * @param  hsram pointer to a SRAM_HandleTypeDef structure that contains
 261:Drivers/STM32H7xx_HAL_Driver/Src/stm32h7xx_hal_sram.c ****   *                the configuration information for SRAM module.
 262:Drivers/STM32H7xx_HAL_Driver/Src/stm32h7xx_hal_sram.c ****   * @retval None
 263:Drivers/STM32H7xx_HAL_Driver/Src/stm32h7xx_hal_sram.c ****   */
 264:Drivers/STM32H7xx_HAL_Driver/Src/stm32h7xx_hal_sram.c **** __weak void HAL_SRAM_MspInit(SRAM_HandleTypeDef *hsram)
 265:Drivers/STM32H7xx_HAL_Driver/Src/stm32h7xx_hal_sram.c **** {
  29              		.loc 1 265 1 view -0
  30              		.cfi_startproc
  31              		@ args = 0, pretend = 0, frame = 0
  32              		@ frame_needed = 0, uses_anonymous_args = 0
  33              		@ link register save eliminated.
 266:Drivers/STM32H7xx_HAL_Driver/Src/stm32h7xx_hal_sram.c ****   /* Prevent unused argument(s) compilation warning */
 267:Drivers/STM32H7xx_HAL_Driver/Src/stm32h7xx_hal_sram.c ****   UNUSED(hsram);
  34              		.loc 1 267 3 view .LVU1
 268:Drivers/STM32H7xx_HAL_Driver/Src/stm32h7xx_hal_sram.c **** 
 269:Drivers/STM32H7xx_HAL_Driver/Src/stm32h7xx_hal_sram.c ****   /* NOTE : This function Should not be modified, when the callback is needed,
 270:Drivers/STM32H7xx_HAL_Driver/Src/stm32h7xx_hal_sram.c ****             the HAL_SRAM_MspInit could be implemented in the user file
 271:Drivers/STM32H7xx_HAL_Driver/Src/stm32h7xx_hal_sram.c ****    */
 272:Drivers/STM32H7xx_HAL_Driver/Src/stm32h7xx_hal_sram.c **** }
  35              		.loc 1 272 1 is_stmt 0 view .LVU2
  36 0000 7047     		bx	lr
  37              		.cfi_endproc
  38              	.LFE146:
  40              		.section	.text.HAL_SRAM_Init,"ax",%progbits
  41              		.align	1
  42              		.global	HAL_SRAM_Init
  43              		.syntax unified
  44              		.thumb
  45              		.thumb_func
  47              	HAL_SRAM_Init:
  48              	.LVL1:
  49              	.LFB144:
 175:Drivers/STM32H7xx_HAL_Driver/Src/stm32h7xx_hal_sram.c ****   /* Check the SRAM handle parameter */
  50              		.loc 1 175 1 is_stmt 1 view -0
  51              		.cfi_startproc
  52              		@ args = 0, pretend = 0, frame = 0
  53              		@ frame_needed = 0, uses_anonymous_args = 0
 177:Drivers/STM32H7xx_HAL_Driver/Src/stm32h7xx_hal_sram.c ****   {
  54              		.loc 1 177 3 view .LVU4
 177:Drivers/STM32H7xx_HAL_Driver/Src/stm32h7xx_hal_sram.c ****   {
  55              		.loc 1 177 6 is_stmt 0 view .LVU5
  56 0000 68B3     		cbz	r0, .L5
 175:Drivers/STM32H7xx_HAL_Driver/Src/stm32h7xx_hal_sram.c ****   /* Check the SRAM handle parameter */
  57              		.loc 1 175 1 view .LVU6
  58 0002 70B5     		push	{r4, r5, r6, lr}
  59              	.LCFI0:
  60              		.cfi_def_cfa_offset 16
  61              		.cfi_offset 4, -16
  62              		.cfi_offset 5, -12
  63              		.cfi_offset 6, -8
  64              		.cfi_offset 14, -4
  65 0004 0E46     		mov	r6, r1
  66 0006 1546     		mov	r5, r2
  67 0008 0446     		mov	r4, r0
 182:Drivers/STM32H7xx_HAL_Driver/Src/stm32h7xx_hal_sram.c ****   {
  68              		.loc 1 182 3 is_stmt 1 view .LVU7
ARM GAS  C:\Users\12491\AppData\Local\Temp\ccM8LxEj.s 			page 7


 182:Drivers/STM32H7xx_HAL_Driver/Src/stm32h7xx_hal_sram.c ****   {
  69              		.loc 1 182 12 is_stmt 0 view .LVU8
  70 000a 90F84530 		ldrb	r3, [r0, #69]	@ zero_extendqisi2
 182:Drivers/STM32H7xx_HAL_Driver/Src/stm32h7xx_hal_sram.c ****   {
  71              		.loc 1 182 6 view .LVU9
  72 000e 0BB3     		cbz	r3, .L10
  73              	.LVL2:
  74              	.L4:
 204:Drivers/STM32H7xx_HAL_Driver/Src/stm32h7xx_hal_sram.c **** 
  75              		.loc 1 204 3 is_stmt 1 view .LVU10
 204:Drivers/STM32H7xx_HAL_Driver/Src/stm32h7xx_hal_sram.c **** 
  76              		.loc 1 204 43 is_stmt 0 view .LVU11
  77 0010 2146     		mov	r1, r4
 204:Drivers/STM32H7xx_HAL_Driver/Src/stm32h7xx_hal_sram.c **** 
  78              		.loc 1 204 9 view .LVU12
  79 0012 51F8080B 		ldr	r0, [r1], #8
  80 0016 FFF7FEFF 		bl	FMC_NORSRAM_Init
  81              	.LVL3:
 207:Drivers/STM32H7xx_HAL_Driver/Src/stm32h7xx_hal_sram.c **** 
  82              		.loc 1 207 3 is_stmt 1 view .LVU13
 207:Drivers/STM32H7xx_HAL_Driver/Src/stm32h7xx_hal_sram.c **** 
  83              		.loc 1 207 9 is_stmt 0 view .LVU14
  84 001a A268     		ldr	r2, [r4, #8]
  85 001c 3146     		mov	r1, r6
  86 001e 2068     		ldr	r0, [r4]
  87 0020 FFF7FEFF 		bl	FMC_NORSRAM_Timing_Init
  88              	.LVL4:
 210:Drivers/STM32H7xx_HAL_Driver/Src/stm32h7xx_hal_sram.c ****                                          hsram->Init.ExtendedMode);
  89              		.loc 1 210 3 is_stmt 1 view .LVU15
 210:Drivers/STM32H7xx_HAL_Driver/Src/stm32h7xx_hal_sram.c ****                                          hsram->Init.ExtendedMode);
  90              		.loc 1 210 9 is_stmt 0 view .LVU16
  91 0024 E36A     		ldr	r3, [r4, #44]
  92 0026 A268     		ldr	r2, [r4, #8]
  93 0028 2946     		mov	r1, r5
  94 002a 6068     		ldr	r0, [r4, #4]
  95 002c FFF7FEFF 		bl	FMC_NORSRAM_Extended_Timing_Init
  96              	.LVL5:
 214:Drivers/STM32H7xx_HAL_Driver/Src/stm32h7xx_hal_sram.c **** 
  97              		.loc 1 214 3 is_stmt 1 view .LVU17
  98 0030 2268     		ldr	r2, [r4]
  99 0032 A168     		ldr	r1, [r4, #8]
 100 0034 52F82130 		ldr	r3, [r2, r1, lsl #2]
 101 0038 43F00103 		orr	r3, r3, #1
 102 003c 42F82130 		str	r3, [r2, r1, lsl #2]
 217:Drivers/STM32H7xx_HAL_Driver/Src/stm32h7xx_hal_sram.c **** 
 103              		.loc 1 217 3 view .LVU18
 104 0040 084A     		ldr	r2, .L11
 105 0042 1368     		ldr	r3, [r2]
 106 0044 43F00043 		orr	r3, r3, #-2147483648
 107 0048 1360     		str	r3, [r2]
 220:Drivers/STM32H7xx_HAL_Driver/Src/stm32h7xx_hal_sram.c **** 
 108              		.loc 1 220 3 view .LVU19
 220:Drivers/STM32H7xx_HAL_Driver/Src/stm32h7xx_hal_sram.c **** 
 109              		.loc 1 220 16 is_stmt 0 view .LVU20
 110 004a 0123     		movs	r3, #1
 111 004c 84F84530 		strb	r3, [r4, #69]
 222:Drivers/STM32H7xx_HAL_Driver/Src/stm32h7xx_hal_sram.c **** }
ARM GAS  C:\Users\12491\AppData\Local\Temp\ccM8LxEj.s 			page 8


 112              		.loc 1 222 3 is_stmt 1 view .LVU21
 222:Drivers/STM32H7xx_HAL_Driver/Src/stm32h7xx_hal_sram.c **** }
 113              		.loc 1 222 10 is_stmt 0 view .LVU22
 114 0050 0020     		movs	r0, #0
 223:Drivers/STM32H7xx_HAL_Driver/Src/stm32h7xx_hal_sram.c **** 
 115              		.loc 1 223 1 view .LVU23
 116 0052 70BD     		pop	{r4, r5, r6, pc}
 117              	.LVL6:
 118              	.L10:
 185:Drivers/STM32H7xx_HAL_Driver/Src/stm32h7xx_hal_sram.c **** 
 119              		.loc 1 185 5 is_stmt 1 view .LVU24
 185:Drivers/STM32H7xx_HAL_Driver/Src/stm32h7xx_hal_sram.c **** 
 120              		.loc 1 185 17 is_stmt 0 view .LVU25
 121 0054 80F84430 		strb	r3, [r0, #68]
 199:Drivers/STM32H7xx_HAL_Driver/Src/stm32h7xx_hal_sram.c **** #endif /* USE_HAL_SRAM_REGISTER_CALLBACKS */
 122              		.loc 1 199 5 is_stmt 1 view .LVU26
 123 0058 FFF7FEFF 		bl	HAL_SRAM_MspInit
 124              	.LVL7:
 199:Drivers/STM32H7xx_HAL_Driver/Src/stm32h7xx_hal_sram.c **** #endif /* USE_HAL_SRAM_REGISTER_CALLBACKS */
 125              		.loc 1 199 5 is_stmt 0 view .LVU27
 126 005c D8E7     		b	.L4
 127              	.LVL8:
 128              	.L5:
 129              	.LCFI1:
 130              		.cfi_def_cfa_offset 0
 131              		.cfi_restore 4
 132              		.cfi_restore 5
 133              		.cfi_restore 6
 134              		.cfi_restore 14
 179:Drivers/STM32H7xx_HAL_Driver/Src/stm32h7xx_hal_sram.c ****   }
 135              		.loc 1 179 12 view .LVU28
 136 005e 0120     		movs	r0, #1
 137              	.LVL9:
 223:Drivers/STM32H7xx_HAL_Driver/Src/stm32h7xx_hal_sram.c **** 
 138              		.loc 1 223 1 view .LVU29
 139 0060 7047     		bx	lr
 140              	.L12:
 141 0062 00BF     		.align	2
 142              	.L11:
 143 0064 00400052 		.word	1375748096
 144              		.cfi_endproc
 145              	.LFE144:
 147              		.section	.text.HAL_SRAM_MspDeInit,"ax",%progbits
 148              		.align	1
 149              		.weak	HAL_SRAM_MspDeInit
 150              		.syntax unified
 151              		.thumb
 152              		.thumb_func
 154              	HAL_SRAM_MspDeInit:
 155              	.LVL10:
 156              	.LFB147:
 273:Drivers/STM32H7xx_HAL_Driver/Src/stm32h7xx_hal_sram.c **** 
 274:Drivers/STM32H7xx_HAL_Driver/Src/stm32h7xx_hal_sram.c **** /**
 275:Drivers/STM32H7xx_HAL_Driver/Src/stm32h7xx_hal_sram.c ****   * @brief  SRAM MSP DeInit.
 276:Drivers/STM32H7xx_HAL_Driver/Src/stm32h7xx_hal_sram.c ****   * @param  hsram pointer to a SRAM_HandleTypeDef structure that contains
 277:Drivers/STM32H7xx_HAL_Driver/Src/stm32h7xx_hal_sram.c ****   *                the configuration information for SRAM module.
 278:Drivers/STM32H7xx_HAL_Driver/Src/stm32h7xx_hal_sram.c ****   * @retval None
ARM GAS  C:\Users\12491\AppData\Local\Temp\ccM8LxEj.s 			page 9


 279:Drivers/STM32H7xx_HAL_Driver/Src/stm32h7xx_hal_sram.c ****   */
 280:Drivers/STM32H7xx_HAL_Driver/Src/stm32h7xx_hal_sram.c **** __weak void HAL_SRAM_MspDeInit(SRAM_HandleTypeDef *hsram)
 281:Drivers/STM32H7xx_HAL_Driver/Src/stm32h7xx_hal_sram.c **** {
 157              		.loc 1 281 1 is_stmt 1 view -0
 158              		.cfi_startproc
 159              		@ args = 0, pretend = 0, frame = 0
 160              		@ frame_needed = 0, uses_anonymous_args = 0
 161              		@ link register save eliminated.
 282:Drivers/STM32H7xx_HAL_Driver/Src/stm32h7xx_hal_sram.c ****   /* Prevent unused argument(s) compilation warning */
 283:Drivers/STM32H7xx_HAL_Driver/Src/stm32h7xx_hal_sram.c ****   UNUSED(hsram);
 162              		.loc 1 283 3 view .LVU31
 284:Drivers/STM32H7xx_HAL_Driver/Src/stm32h7xx_hal_sram.c **** 
 285:Drivers/STM32H7xx_HAL_Driver/Src/stm32h7xx_hal_sram.c ****   /* NOTE : This function Should not be modified, when the callback is needed,
 286:Drivers/STM32H7xx_HAL_Driver/Src/stm32h7xx_hal_sram.c ****             the HAL_SRAM_MspDeInit could be implemented in the user file
 287:Drivers/STM32H7xx_HAL_Driver/Src/stm32h7xx_hal_sram.c ****    */
 288:Drivers/STM32H7xx_HAL_Driver/Src/stm32h7xx_hal_sram.c **** }
 163              		.loc 1 288 1 is_stmt 0 view .LVU32
 164 0000 7047     		bx	lr
 165              		.cfi_endproc
 166              	.LFE147:
 168              		.section	.text.HAL_SRAM_DeInit,"ax",%progbits
 169              		.align	1
 170              		.global	HAL_SRAM_DeInit
 171              		.syntax unified
 172              		.thumb
 173              		.thumb_func
 175              	HAL_SRAM_DeInit:
 176              	.LVL11:
 177              	.LFB145:
 232:Drivers/STM32H7xx_HAL_Driver/Src/stm32h7xx_hal_sram.c **** #if (USE_HAL_SRAM_REGISTER_CALLBACKS == 1)
 178              		.loc 1 232 1 is_stmt 1 view -0
 179              		.cfi_startproc
 180              		@ args = 0, pretend = 0, frame = 0
 181              		@ frame_needed = 0, uses_anonymous_args = 0
 232:Drivers/STM32H7xx_HAL_Driver/Src/stm32h7xx_hal_sram.c **** #if (USE_HAL_SRAM_REGISTER_CALLBACKS == 1)
 182              		.loc 1 232 1 is_stmt 0 view .LVU34
 183 0000 10B5     		push	{r4, lr}
 184              	.LCFI2:
 185              		.cfi_def_cfa_offset 8
 186              		.cfi_offset 4, -8
 187              		.cfi_offset 14, -4
 188 0002 0446     		mov	r4, r0
 243:Drivers/STM32H7xx_HAL_Driver/Src/stm32h7xx_hal_sram.c **** #endif /* USE_HAL_SRAM_REGISTER_CALLBACKS */
 189              		.loc 1 243 3 is_stmt 1 view .LVU35
 190 0004 FFF7FEFF 		bl	HAL_SRAM_MspDeInit
 191              	.LVL12:
 247:Drivers/STM32H7xx_HAL_Driver/Src/stm32h7xx_hal_sram.c **** 
 192              		.loc 1 247 3 view .LVU36
 247:Drivers/STM32H7xx_HAL_Driver/Src/stm32h7xx_hal_sram.c **** 
 193              		.loc 1 247 9 is_stmt 0 view .LVU37
 194 0008 A268     		ldr	r2, [r4, #8]
 195 000a 6168     		ldr	r1, [r4, #4]
 196 000c 2068     		ldr	r0, [r4]
 197 000e FFF7FEFF 		bl	FMC_NORSRAM_DeInit
 198              	.LVL13:
 250:Drivers/STM32H7xx_HAL_Driver/Src/stm32h7xx_hal_sram.c **** 
 199              		.loc 1 250 3 is_stmt 1 view .LVU38
ARM GAS  C:\Users\12491\AppData\Local\Temp\ccM8LxEj.s 			page 10


 250:Drivers/STM32H7xx_HAL_Driver/Src/stm32h7xx_hal_sram.c **** 
 200              		.loc 1 250 16 is_stmt 0 view .LVU39
 201 0012 0020     		movs	r0, #0
 202 0014 84F84500 		strb	r0, [r4, #69]
 253:Drivers/STM32H7xx_HAL_Driver/Src/stm32h7xx_hal_sram.c **** 
 203              		.loc 1 253 3 is_stmt 1 view .LVU40
 253:Drivers/STM32H7xx_HAL_Driver/Src/stm32h7xx_hal_sram.c **** 
 204              		.loc 1 253 3 view .LVU41
 205 0018 84F84400 		strb	r0, [r4, #68]
 253:Drivers/STM32H7xx_HAL_Driver/Src/stm32h7xx_hal_sram.c **** 
 206              		.loc 1 253 3 view .LVU42
 255:Drivers/STM32H7xx_HAL_Driver/Src/stm32h7xx_hal_sram.c **** }
 207              		.loc 1 255 3 view .LVU43
 256:Drivers/STM32H7xx_HAL_Driver/Src/stm32h7xx_hal_sram.c **** 
 208              		.loc 1 256 1 is_stmt 0 view .LVU44
 209 001c 10BD     		pop	{r4, pc}
 256:Drivers/STM32H7xx_HAL_Driver/Src/stm32h7xx_hal_sram.c **** 
 210              		.loc 1 256 1 view .LVU45
 211              		.cfi_endproc
 212              	.LFE145:
 214              		.section	.text.HAL_SRAM_DMA_XferCpltCallback,"ax",%progbits
 215              		.align	1
 216              		.weak	HAL_SRAM_DMA_XferCpltCallback
 217              		.syntax unified
 218              		.thumb
 219              		.thumb_func
 221              	HAL_SRAM_DMA_XferCpltCallback:
 222              	.LVL14:
 223              	.LFB148:
 289:Drivers/STM32H7xx_HAL_Driver/Src/stm32h7xx_hal_sram.c **** 
 290:Drivers/STM32H7xx_HAL_Driver/Src/stm32h7xx_hal_sram.c **** /**
 291:Drivers/STM32H7xx_HAL_Driver/Src/stm32h7xx_hal_sram.c ****   * @brief  DMA transfer complete callback.
 292:Drivers/STM32H7xx_HAL_Driver/Src/stm32h7xx_hal_sram.c ****   * @param  hmdma pointer to a SRAM_HandleTypeDef structure that contains
 293:Drivers/STM32H7xx_HAL_Driver/Src/stm32h7xx_hal_sram.c ****   *                the configuration information for SRAM module.
 294:Drivers/STM32H7xx_HAL_Driver/Src/stm32h7xx_hal_sram.c ****   * @retval None
 295:Drivers/STM32H7xx_HAL_Driver/Src/stm32h7xx_hal_sram.c ****   */
 296:Drivers/STM32H7xx_HAL_Driver/Src/stm32h7xx_hal_sram.c **** __weak void HAL_SRAM_DMA_XferCpltCallback(MDMA_HandleTypeDef *hmdma)
 297:Drivers/STM32H7xx_HAL_Driver/Src/stm32h7xx_hal_sram.c **** {
 224              		.loc 1 297 1 is_stmt 1 view -0
 225              		.cfi_startproc
 226              		@ args = 0, pretend = 0, frame = 0
 227              		@ frame_needed = 0, uses_anonymous_args = 0
 228              		@ link register save eliminated.
 298:Drivers/STM32H7xx_HAL_Driver/Src/stm32h7xx_hal_sram.c ****   /* Prevent unused argument(s) compilation warning */
 299:Drivers/STM32H7xx_HAL_Driver/Src/stm32h7xx_hal_sram.c ****   UNUSED(hmdma);
 229              		.loc 1 299 3 view .LVU47
 300:Drivers/STM32H7xx_HAL_Driver/Src/stm32h7xx_hal_sram.c **** 
 301:Drivers/STM32H7xx_HAL_Driver/Src/stm32h7xx_hal_sram.c ****   /* NOTE : This function Should not be modified, when the callback is needed,
 302:Drivers/STM32H7xx_HAL_Driver/Src/stm32h7xx_hal_sram.c ****             the HAL_SRAM_DMA_XferCpltCallback could be implemented in the user file
 303:Drivers/STM32H7xx_HAL_Driver/Src/stm32h7xx_hal_sram.c ****    */
 304:Drivers/STM32H7xx_HAL_Driver/Src/stm32h7xx_hal_sram.c **** }
 230              		.loc 1 304 1 is_stmt 0 view .LVU48
 231 0000 7047     		bx	lr
 232              		.cfi_endproc
 233              	.LFE148:
 235              		.section	.text.SRAM_DMACpltProt,"ax",%progbits
 236              		.align	1
ARM GAS  C:\Users\12491\AppData\Local\Temp\ccM8LxEj.s 			page 11


 237              		.syntax unified
 238              		.thumb
 239              		.thumb_func
 241              	SRAM_DMACpltProt:
 242              	.LVL15:
 243              	.LFB162:
 305:Drivers/STM32H7xx_HAL_Driver/Src/stm32h7xx_hal_sram.c **** 
 306:Drivers/STM32H7xx_HAL_Driver/Src/stm32h7xx_hal_sram.c **** /**
 307:Drivers/STM32H7xx_HAL_Driver/Src/stm32h7xx_hal_sram.c ****   * @brief  DMA transfer complete error callback.
 308:Drivers/STM32H7xx_HAL_Driver/Src/stm32h7xx_hal_sram.c ****   * @param  hmdma pointer to a SRAM_HandleTypeDef structure that contains
 309:Drivers/STM32H7xx_HAL_Driver/Src/stm32h7xx_hal_sram.c ****   *                the configuration information for SRAM module.
 310:Drivers/STM32H7xx_HAL_Driver/Src/stm32h7xx_hal_sram.c ****   * @retval None
 311:Drivers/STM32H7xx_HAL_Driver/Src/stm32h7xx_hal_sram.c ****   */
 312:Drivers/STM32H7xx_HAL_Driver/Src/stm32h7xx_hal_sram.c **** __weak void HAL_SRAM_DMA_XferErrorCallback(MDMA_HandleTypeDef *hmdma)
 313:Drivers/STM32H7xx_HAL_Driver/Src/stm32h7xx_hal_sram.c **** {
 314:Drivers/STM32H7xx_HAL_Driver/Src/stm32h7xx_hal_sram.c ****   /* Prevent unused argument(s) compilation warning */
 315:Drivers/STM32H7xx_HAL_Driver/Src/stm32h7xx_hal_sram.c ****   UNUSED(hmdma);
 316:Drivers/STM32H7xx_HAL_Driver/Src/stm32h7xx_hal_sram.c **** 
 317:Drivers/STM32H7xx_HAL_Driver/Src/stm32h7xx_hal_sram.c ****   /* NOTE : This function Should not be modified, when the callback is needed,
 318:Drivers/STM32H7xx_HAL_Driver/Src/stm32h7xx_hal_sram.c ****             the HAL_SRAM_DMA_XferErrorCallback could be implemented in the user file
 319:Drivers/STM32H7xx_HAL_Driver/Src/stm32h7xx_hal_sram.c ****    */
 320:Drivers/STM32H7xx_HAL_Driver/Src/stm32h7xx_hal_sram.c **** }
 321:Drivers/STM32H7xx_HAL_Driver/Src/stm32h7xx_hal_sram.c **** 
 322:Drivers/STM32H7xx_HAL_Driver/Src/stm32h7xx_hal_sram.c **** /**
 323:Drivers/STM32H7xx_HAL_Driver/Src/stm32h7xx_hal_sram.c ****   * @}
 324:Drivers/STM32H7xx_HAL_Driver/Src/stm32h7xx_hal_sram.c ****   */
 325:Drivers/STM32H7xx_HAL_Driver/Src/stm32h7xx_hal_sram.c **** 
 326:Drivers/STM32H7xx_HAL_Driver/Src/stm32h7xx_hal_sram.c **** /** @defgroup SRAM_Exported_Functions_Group2 Input Output and memory control functions
 327:Drivers/STM32H7xx_HAL_Driver/Src/stm32h7xx_hal_sram.c ****   * @brief    Input Output and memory control functions
 328:Drivers/STM32H7xx_HAL_Driver/Src/stm32h7xx_hal_sram.c ****   *
 329:Drivers/STM32H7xx_HAL_Driver/Src/stm32h7xx_hal_sram.c ****   @verbatim
 330:Drivers/STM32H7xx_HAL_Driver/Src/stm32h7xx_hal_sram.c ****   ==============================================================================
 331:Drivers/STM32H7xx_HAL_Driver/Src/stm32h7xx_hal_sram.c ****                   ##### SRAM Input and Output functions #####
 332:Drivers/STM32H7xx_HAL_Driver/Src/stm32h7xx_hal_sram.c ****   ==============================================================================
 333:Drivers/STM32H7xx_HAL_Driver/Src/stm32h7xx_hal_sram.c ****   [..]
 334:Drivers/STM32H7xx_HAL_Driver/Src/stm32h7xx_hal_sram.c ****     This section provides functions allowing to use and control the SRAM memory
 335:Drivers/STM32H7xx_HAL_Driver/Src/stm32h7xx_hal_sram.c **** 
 336:Drivers/STM32H7xx_HAL_Driver/Src/stm32h7xx_hal_sram.c **** @endverbatim
 337:Drivers/STM32H7xx_HAL_Driver/Src/stm32h7xx_hal_sram.c ****   * @{
 338:Drivers/STM32H7xx_HAL_Driver/Src/stm32h7xx_hal_sram.c ****   */
 339:Drivers/STM32H7xx_HAL_Driver/Src/stm32h7xx_hal_sram.c **** 
 340:Drivers/STM32H7xx_HAL_Driver/Src/stm32h7xx_hal_sram.c **** /**
 341:Drivers/STM32H7xx_HAL_Driver/Src/stm32h7xx_hal_sram.c ****   * @brief  Reads 8-bit buffer from SRAM memory.
 342:Drivers/STM32H7xx_HAL_Driver/Src/stm32h7xx_hal_sram.c ****   * @param  hsram pointer to a SRAM_HandleTypeDef structure that contains
 343:Drivers/STM32H7xx_HAL_Driver/Src/stm32h7xx_hal_sram.c ****   *                the configuration information for SRAM module.
 344:Drivers/STM32H7xx_HAL_Driver/Src/stm32h7xx_hal_sram.c ****   * @param  pAddress Pointer to read start address
 345:Drivers/STM32H7xx_HAL_Driver/Src/stm32h7xx_hal_sram.c ****   * @param  pDstBuffer Pointer to destination buffer
 346:Drivers/STM32H7xx_HAL_Driver/Src/stm32h7xx_hal_sram.c ****   * @param  BufferSize Size of the buffer to read from memory
 347:Drivers/STM32H7xx_HAL_Driver/Src/stm32h7xx_hal_sram.c ****   * @retval HAL status
 348:Drivers/STM32H7xx_HAL_Driver/Src/stm32h7xx_hal_sram.c ****   */
 349:Drivers/STM32H7xx_HAL_Driver/Src/stm32h7xx_hal_sram.c **** HAL_StatusTypeDef HAL_SRAM_Read_8b(SRAM_HandleTypeDef *hsram, uint32_t *pAddress, uint8_t *pDstBuff
 350:Drivers/STM32H7xx_HAL_Driver/Src/stm32h7xx_hal_sram.c ****                                    uint32_t BufferSize)
 351:Drivers/STM32H7xx_HAL_Driver/Src/stm32h7xx_hal_sram.c **** {
 352:Drivers/STM32H7xx_HAL_Driver/Src/stm32h7xx_hal_sram.c ****   uint32_t size;
 353:Drivers/STM32H7xx_HAL_Driver/Src/stm32h7xx_hal_sram.c ****   __IO uint8_t *psramaddress = (uint8_t *)pAddress;
 354:Drivers/STM32H7xx_HAL_Driver/Src/stm32h7xx_hal_sram.c ****   uint8_t *pdestbuff = pDstBuffer;
 355:Drivers/STM32H7xx_HAL_Driver/Src/stm32h7xx_hal_sram.c ****   HAL_SRAM_StateTypeDef state = hsram->State;
ARM GAS  C:\Users\12491\AppData\Local\Temp\ccM8LxEj.s 			page 12


 356:Drivers/STM32H7xx_HAL_Driver/Src/stm32h7xx_hal_sram.c **** 
 357:Drivers/STM32H7xx_HAL_Driver/Src/stm32h7xx_hal_sram.c ****   /* Check the SRAM controller state */
 358:Drivers/STM32H7xx_HAL_Driver/Src/stm32h7xx_hal_sram.c ****   if ((state == HAL_SRAM_STATE_READY) || (state == HAL_SRAM_STATE_PROTECTED))
 359:Drivers/STM32H7xx_HAL_Driver/Src/stm32h7xx_hal_sram.c ****   {
 360:Drivers/STM32H7xx_HAL_Driver/Src/stm32h7xx_hal_sram.c ****     /* Process Locked */
 361:Drivers/STM32H7xx_HAL_Driver/Src/stm32h7xx_hal_sram.c ****     __HAL_LOCK(hsram);
 362:Drivers/STM32H7xx_HAL_Driver/Src/stm32h7xx_hal_sram.c **** 
 363:Drivers/STM32H7xx_HAL_Driver/Src/stm32h7xx_hal_sram.c ****     /* Update the SRAM controller state */
 364:Drivers/STM32H7xx_HAL_Driver/Src/stm32h7xx_hal_sram.c ****     hsram->State = HAL_SRAM_STATE_BUSY;
 365:Drivers/STM32H7xx_HAL_Driver/Src/stm32h7xx_hal_sram.c **** 
 366:Drivers/STM32H7xx_HAL_Driver/Src/stm32h7xx_hal_sram.c ****     /* Read data from memory */
 367:Drivers/STM32H7xx_HAL_Driver/Src/stm32h7xx_hal_sram.c ****     for (size = BufferSize; size != 0U; size--)
 368:Drivers/STM32H7xx_HAL_Driver/Src/stm32h7xx_hal_sram.c ****     {
 369:Drivers/STM32H7xx_HAL_Driver/Src/stm32h7xx_hal_sram.c ****       *pdestbuff = *psramaddress;
 370:Drivers/STM32H7xx_HAL_Driver/Src/stm32h7xx_hal_sram.c ****       pdestbuff++;
 371:Drivers/STM32H7xx_HAL_Driver/Src/stm32h7xx_hal_sram.c ****       psramaddress++;
 372:Drivers/STM32H7xx_HAL_Driver/Src/stm32h7xx_hal_sram.c ****     }
 373:Drivers/STM32H7xx_HAL_Driver/Src/stm32h7xx_hal_sram.c **** 
 374:Drivers/STM32H7xx_HAL_Driver/Src/stm32h7xx_hal_sram.c ****     /* Update the SRAM controller state */
 375:Drivers/STM32H7xx_HAL_Driver/Src/stm32h7xx_hal_sram.c ****     hsram->State = state;
 376:Drivers/STM32H7xx_HAL_Driver/Src/stm32h7xx_hal_sram.c **** 
 377:Drivers/STM32H7xx_HAL_Driver/Src/stm32h7xx_hal_sram.c ****     /* Process unlocked */
 378:Drivers/STM32H7xx_HAL_Driver/Src/stm32h7xx_hal_sram.c ****     __HAL_UNLOCK(hsram);
 379:Drivers/STM32H7xx_HAL_Driver/Src/stm32h7xx_hal_sram.c ****   }
 380:Drivers/STM32H7xx_HAL_Driver/Src/stm32h7xx_hal_sram.c ****   else
 381:Drivers/STM32H7xx_HAL_Driver/Src/stm32h7xx_hal_sram.c ****   {
 382:Drivers/STM32H7xx_HAL_Driver/Src/stm32h7xx_hal_sram.c ****     return HAL_ERROR;
 383:Drivers/STM32H7xx_HAL_Driver/Src/stm32h7xx_hal_sram.c ****   }
 384:Drivers/STM32H7xx_HAL_Driver/Src/stm32h7xx_hal_sram.c **** 
 385:Drivers/STM32H7xx_HAL_Driver/Src/stm32h7xx_hal_sram.c ****   return HAL_OK;
 386:Drivers/STM32H7xx_HAL_Driver/Src/stm32h7xx_hal_sram.c **** }
 387:Drivers/STM32H7xx_HAL_Driver/Src/stm32h7xx_hal_sram.c **** 
 388:Drivers/STM32H7xx_HAL_Driver/Src/stm32h7xx_hal_sram.c **** /**
 389:Drivers/STM32H7xx_HAL_Driver/Src/stm32h7xx_hal_sram.c ****   * @brief  Writes 8-bit buffer to SRAM memory.
 390:Drivers/STM32H7xx_HAL_Driver/Src/stm32h7xx_hal_sram.c ****   * @param  hsram pointer to a SRAM_HandleTypeDef structure that contains
 391:Drivers/STM32H7xx_HAL_Driver/Src/stm32h7xx_hal_sram.c ****   *                the configuration information for SRAM module.
 392:Drivers/STM32H7xx_HAL_Driver/Src/stm32h7xx_hal_sram.c ****   * @param  pAddress Pointer to write start address
 393:Drivers/STM32H7xx_HAL_Driver/Src/stm32h7xx_hal_sram.c ****   * @param  pSrcBuffer Pointer to source buffer to write
 394:Drivers/STM32H7xx_HAL_Driver/Src/stm32h7xx_hal_sram.c ****   * @param  BufferSize Size of the buffer to write to memory
 395:Drivers/STM32H7xx_HAL_Driver/Src/stm32h7xx_hal_sram.c ****   * @retval HAL status
 396:Drivers/STM32H7xx_HAL_Driver/Src/stm32h7xx_hal_sram.c ****   */
 397:Drivers/STM32H7xx_HAL_Driver/Src/stm32h7xx_hal_sram.c **** HAL_StatusTypeDef HAL_SRAM_Write_8b(SRAM_HandleTypeDef *hsram, uint32_t *pAddress, uint8_t *pSrcBuf
 398:Drivers/STM32H7xx_HAL_Driver/Src/stm32h7xx_hal_sram.c ****                                     uint32_t BufferSize)
 399:Drivers/STM32H7xx_HAL_Driver/Src/stm32h7xx_hal_sram.c **** {
 400:Drivers/STM32H7xx_HAL_Driver/Src/stm32h7xx_hal_sram.c ****   uint32_t size;
 401:Drivers/STM32H7xx_HAL_Driver/Src/stm32h7xx_hal_sram.c ****   __IO uint8_t *psramaddress = (uint8_t *)pAddress;
 402:Drivers/STM32H7xx_HAL_Driver/Src/stm32h7xx_hal_sram.c ****   uint8_t *psrcbuff = pSrcBuffer;
 403:Drivers/STM32H7xx_HAL_Driver/Src/stm32h7xx_hal_sram.c **** 
 404:Drivers/STM32H7xx_HAL_Driver/Src/stm32h7xx_hal_sram.c ****   /* Check the SRAM controller state */
 405:Drivers/STM32H7xx_HAL_Driver/Src/stm32h7xx_hal_sram.c ****   if (hsram->State == HAL_SRAM_STATE_READY)
 406:Drivers/STM32H7xx_HAL_Driver/Src/stm32h7xx_hal_sram.c ****   {
 407:Drivers/STM32H7xx_HAL_Driver/Src/stm32h7xx_hal_sram.c ****     /* Process Locked */
 408:Drivers/STM32H7xx_HAL_Driver/Src/stm32h7xx_hal_sram.c ****     __HAL_LOCK(hsram);
 409:Drivers/STM32H7xx_HAL_Driver/Src/stm32h7xx_hal_sram.c **** 
 410:Drivers/STM32H7xx_HAL_Driver/Src/stm32h7xx_hal_sram.c ****     /* Update the SRAM controller state */
 411:Drivers/STM32H7xx_HAL_Driver/Src/stm32h7xx_hal_sram.c ****     hsram->State = HAL_SRAM_STATE_BUSY;
 412:Drivers/STM32H7xx_HAL_Driver/Src/stm32h7xx_hal_sram.c **** 
ARM GAS  C:\Users\12491\AppData\Local\Temp\ccM8LxEj.s 			page 13


 413:Drivers/STM32H7xx_HAL_Driver/Src/stm32h7xx_hal_sram.c ****     /* Write data to memory */
 414:Drivers/STM32H7xx_HAL_Driver/Src/stm32h7xx_hal_sram.c ****     for (size = BufferSize; size != 0U; size--)
 415:Drivers/STM32H7xx_HAL_Driver/Src/stm32h7xx_hal_sram.c ****     {
 416:Drivers/STM32H7xx_HAL_Driver/Src/stm32h7xx_hal_sram.c ****       *psramaddress = *psrcbuff;
 417:Drivers/STM32H7xx_HAL_Driver/Src/stm32h7xx_hal_sram.c ****       psrcbuff++;
 418:Drivers/STM32H7xx_HAL_Driver/Src/stm32h7xx_hal_sram.c ****       psramaddress++;
 419:Drivers/STM32H7xx_HAL_Driver/Src/stm32h7xx_hal_sram.c ****     }
 420:Drivers/STM32H7xx_HAL_Driver/Src/stm32h7xx_hal_sram.c **** 
 421:Drivers/STM32H7xx_HAL_Driver/Src/stm32h7xx_hal_sram.c ****     /* Update the SRAM controller state */
 422:Drivers/STM32H7xx_HAL_Driver/Src/stm32h7xx_hal_sram.c ****     hsram->State = HAL_SRAM_STATE_READY;
 423:Drivers/STM32H7xx_HAL_Driver/Src/stm32h7xx_hal_sram.c **** 
 424:Drivers/STM32H7xx_HAL_Driver/Src/stm32h7xx_hal_sram.c ****     /* Process unlocked */
 425:Drivers/STM32H7xx_HAL_Driver/Src/stm32h7xx_hal_sram.c ****     __HAL_UNLOCK(hsram);
 426:Drivers/STM32H7xx_HAL_Driver/Src/stm32h7xx_hal_sram.c ****   }
 427:Drivers/STM32H7xx_HAL_Driver/Src/stm32h7xx_hal_sram.c ****   else
 428:Drivers/STM32H7xx_HAL_Driver/Src/stm32h7xx_hal_sram.c ****   {
 429:Drivers/STM32H7xx_HAL_Driver/Src/stm32h7xx_hal_sram.c ****     return HAL_ERROR;
 430:Drivers/STM32H7xx_HAL_Driver/Src/stm32h7xx_hal_sram.c ****   }
 431:Drivers/STM32H7xx_HAL_Driver/Src/stm32h7xx_hal_sram.c **** 
 432:Drivers/STM32H7xx_HAL_Driver/Src/stm32h7xx_hal_sram.c ****   return HAL_OK;
 433:Drivers/STM32H7xx_HAL_Driver/Src/stm32h7xx_hal_sram.c **** }
 434:Drivers/STM32H7xx_HAL_Driver/Src/stm32h7xx_hal_sram.c **** 
 435:Drivers/STM32H7xx_HAL_Driver/Src/stm32h7xx_hal_sram.c **** /**
 436:Drivers/STM32H7xx_HAL_Driver/Src/stm32h7xx_hal_sram.c ****   * @brief  Reads 16-bit buffer from SRAM memory.
 437:Drivers/STM32H7xx_HAL_Driver/Src/stm32h7xx_hal_sram.c ****   * @param  hsram pointer to a SRAM_HandleTypeDef structure that contains
 438:Drivers/STM32H7xx_HAL_Driver/Src/stm32h7xx_hal_sram.c ****   *                the configuration information for SRAM module.
 439:Drivers/STM32H7xx_HAL_Driver/Src/stm32h7xx_hal_sram.c ****   * @param  pAddress Pointer to read start address
 440:Drivers/STM32H7xx_HAL_Driver/Src/stm32h7xx_hal_sram.c ****   * @param  pDstBuffer Pointer to destination buffer
 441:Drivers/STM32H7xx_HAL_Driver/Src/stm32h7xx_hal_sram.c ****   * @param  BufferSize Size of the buffer to read from memory
 442:Drivers/STM32H7xx_HAL_Driver/Src/stm32h7xx_hal_sram.c ****   * @retval HAL status
 443:Drivers/STM32H7xx_HAL_Driver/Src/stm32h7xx_hal_sram.c ****   */
 444:Drivers/STM32H7xx_HAL_Driver/Src/stm32h7xx_hal_sram.c **** HAL_StatusTypeDef HAL_SRAM_Read_16b(SRAM_HandleTypeDef *hsram, uint32_t *pAddress, uint16_t *pDstBu
 445:Drivers/STM32H7xx_HAL_Driver/Src/stm32h7xx_hal_sram.c ****                                     uint32_t BufferSize)
 446:Drivers/STM32H7xx_HAL_Driver/Src/stm32h7xx_hal_sram.c **** {
 447:Drivers/STM32H7xx_HAL_Driver/Src/stm32h7xx_hal_sram.c ****   uint32_t size;
 448:Drivers/STM32H7xx_HAL_Driver/Src/stm32h7xx_hal_sram.c ****   __IO uint32_t *psramaddress = pAddress;
 449:Drivers/STM32H7xx_HAL_Driver/Src/stm32h7xx_hal_sram.c ****   uint16_t *pdestbuff = pDstBuffer;
 450:Drivers/STM32H7xx_HAL_Driver/Src/stm32h7xx_hal_sram.c ****   uint8_t limit;
 451:Drivers/STM32H7xx_HAL_Driver/Src/stm32h7xx_hal_sram.c ****   HAL_SRAM_StateTypeDef state = hsram->State;
 452:Drivers/STM32H7xx_HAL_Driver/Src/stm32h7xx_hal_sram.c **** 
 453:Drivers/STM32H7xx_HAL_Driver/Src/stm32h7xx_hal_sram.c ****   /* Check the SRAM controller state */
 454:Drivers/STM32H7xx_HAL_Driver/Src/stm32h7xx_hal_sram.c ****   if ((state == HAL_SRAM_STATE_READY) || (state == HAL_SRAM_STATE_PROTECTED))
 455:Drivers/STM32H7xx_HAL_Driver/Src/stm32h7xx_hal_sram.c ****   {
 456:Drivers/STM32H7xx_HAL_Driver/Src/stm32h7xx_hal_sram.c ****     /* Process Locked */
 457:Drivers/STM32H7xx_HAL_Driver/Src/stm32h7xx_hal_sram.c ****     __HAL_LOCK(hsram);
 458:Drivers/STM32H7xx_HAL_Driver/Src/stm32h7xx_hal_sram.c **** 
 459:Drivers/STM32H7xx_HAL_Driver/Src/stm32h7xx_hal_sram.c ****     /* Update the SRAM controller state */
 460:Drivers/STM32H7xx_HAL_Driver/Src/stm32h7xx_hal_sram.c ****     hsram->State = HAL_SRAM_STATE_BUSY;
 461:Drivers/STM32H7xx_HAL_Driver/Src/stm32h7xx_hal_sram.c **** 
 462:Drivers/STM32H7xx_HAL_Driver/Src/stm32h7xx_hal_sram.c ****     /* Check if the size is a 32-bits multiple */
 463:Drivers/STM32H7xx_HAL_Driver/Src/stm32h7xx_hal_sram.c ****     limit = (((BufferSize % 2U) != 0U) ? 1U : 0U);
 464:Drivers/STM32H7xx_HAL_Driver/Src/stm32h7xx_hal_sram.c **** 
 465:Drivers/STM32H7xx_HAL_Driver/Src/stm32h7xx_hal_sram.c ****     /* Read data from memory */
 466:Drivers/STM32H7xx_HAL_Driver/Src/stm32h7xx_hal_sram.c ****     for (size = BufferSize; size != limit; size -= 2U)
 467:Drivers/STM32H7xx_HAL_Driver/Src/stm32h7xx_hal_sram.c ****     {
 468:Drivers/STM32H7xx_HAL_Driver/Src/stm32h7xx_hal_sram.c ****       *pdestbuff = (uint16_t)((*psramaddress) & 0x0000FFFFU);
 469:Drivers/STM32H7xx_HAL_Driver/Src/stm32h7xx_hal_sram.c ****       pdestbuff++;
ARM GAS  C:\Users\12491\AppData\Local\Temp\ccM8LxEj.s 			page 14


 470:Drivers/STM32H7xx_HAL_Driver/Src/stm32h7xx_hal_sram.c ****       *pdestbuff = (uint16_t)(((*psramaddress) & 0xFFFF0000U) >> 16U);
 471:Drivers/STM32H7xx_HAL_Driver/Src/stm32h7xx_hal_sram.c ****       pdestbuff++;
 472:Drivers/STM32H7xx_HAL_Driver/Src/stm32h7xx_hal_sram.c ****       psramaddress++;
 473:Drivers/STM32H7xx_HAL_Driver/Src/stm32h7xx_hal_sram.c ****     }
 474:Drivers/STM32H7xx_HAL_Driver/Src/stm32h7xx_hal_sram.c **** 
 475:Drivers/STM32H7xx_HAL_Driver/Src/stm32h7xx_hal_sram.c ****     /* Read last 16-bits if size is not 32-bits multiple */
 476:Drivers/STM32H7xx_HAL_Driver/Src/stm32h7xx_hal_sram.c ****     if (limit != 0U)
 477:Drivers/STM32H7xx_HAL_Driver/Src/stm32h7xx_hal_sram.c ****     {
 478:Drivers/STM32H7xx_HAL_Driver/Src/stm32h7xx_hal_sram.c ****       *pdestbuff = (uint16_t)((*psramaddress) & 0x0000FFFFU);
 479:Drivers/STM32H7xx_HAL_Driver/Src/stm32h7xx_hal_sram.c ****     }
 480:Drivers/STM32H7xx_HAL_Driver/Src/stm32h7xx_hal_sram.c **** 
 481:Drivers/STM32H7xx_HAL_Driver/Src/stm32h7xx_hal_sram.c ****     /* Update the SRAM controller state */
 482:Drivers/STM32H7xx_HAL_Driver/Src/stm32h7xx_hal_sram.c ****     hsram->State = state;
 483:Drivers/STM32H7xx_HAL_Driver/Src/stm32h7xx_hal_sram.c **** 
 484:Drivers/STM32H7xx_HAL_Driver/Src/stm32h7xx_hal_sram.c ****     /* Process unlocked */
 485:Drivers/STM32H7xx_HAL_Driver/Src/stm32h7xx_hal_sram.c ****     __HAL_UNLOCK(hsram);
 486:Drivers/STM32H7xx_HAL_Driver/Src/stm32h7xx_hal_sram.c ****   }
 487:Drivers/STM32H7xx_HAL_Driver/Src/stm32h7xx_hal_sram.c ****   else
 488:Drivers/STM32H7xx_HAL_Driver/Src/stm32h7xx_hal_sram.c ****   {
 489:Drivers/STM32H7xx_HAL_Driver/Src/stm32h7xx_hal_sram.c ****     return HAL_ERROR;
 490:Drivers/STM32H7xx_HAL_Driver/Src/stm32h7xx_hal_sram.c ****   }
 491:Drivers/STM32H7xx_HAL_Driver/Src/stm32h7xx_hal_sram.c **** 
 492:Drivers/STM32H7xx_HAL_Driver/Src/stm32h7xx_hal_sram.c ****   return HAL_OK;
 493:Drivers/STM32H7xx_HAL_Driver/Src/stm32h7xx_hal_sram.c **** }
 494:Drivers/STM32H7xx_HAL_Driver/Src/stm32h7xx_hal_sram.c **** 
 495:Drivers/STM32H7xx_HAL_Driver/Src/stm32h7xx_hal_sram.c **** /**
 496:Drivers/STM32H7xx_HAL_Driver/Src/stm32h7xx_hal_sram.c ****   * @brief  Writes 16-bit buffer to SRAM memory.
 497:Drivers/STM32H7xx_HAL_Driver/Src/stm32h7xx_hal_sram.c ****   * @param  hsram pointer to a SRAM_HandleTypeDef structure that contains
 498:Drivers/STM32H7xx_HAL_Driver/Src/stm32h7xx_hal_sram.c ****   *                the configuration information for SRAM module.
 499:Drivers/STM32H7xx_HAL_Driver/Src/stm32h7xx_hal_sram.c ****   * @param  pAddress Pointer to write start address
 500:Drivers/STM32H7xx_HAL_Driver/Src/stm32h7xx_hal_sram.c ****   * @param  pSrcBuffer Pointer to source buffer to write
 501:Drivers/STM32H7xx_HAL_Driver/Src/stm32h7xx_hal_sram.c ****   * @param  BufferSize Size of the buffer to write to memory
 502:Drivers/STM32H7xx_HAL_Driver/Src/stm32h7xx_hal_sram.c ****   * @retval HAL status
 503:Drivers/STM32H7xx_HAL_Driver/Src/stm32h7xx_hal_sram.c ****   */
 504:Drivers/STM32H7xx_HAL_Driver/Src/stm32h7xx_hal_sram.c **** HAL_StatusTypeDef HAL_SRAM_Write_16b(SRAM_HandleTypeDef *hsram, uint32_t *pAddress, uint16_t *pSrcB
 505:Drivers/STM32H7xx_HAL_Driver/Src/stm32h7xx_hal_sram.c ****                                      uint32_t BufferSize)
 506:Drivers/STM32H7xx_HAL_Driver/Src/stm32h7xx_hal_sram.c **** {
 507:Drivers/STM32H7xx_HAL_Driver/Src/stm32h7xx_hal_sram.c ****   uint32_t size;
 508:Drivers/STM32H7xx_HAL_Driver/Src/stm32h7xx_hal_sram.c ****   __IO uint32_t *psramaddress = pAddress;
 509:Drivers/STM32H7xx_HAL_Driver/Src/stm32h7xx_hal_sram.c ****   uint16_t *psrcbuff = pSrcBuffer;
 510:Drivers/STM32H7xx_HAL_Driver/Src/stm32h7xx_hal_sram.c ****   uint8_t limit;
 511:Drivers/STM32H7xx_HAL_Driver/Src/stm32h7xx_hal_sram.c **** 
 512:Drivers/STM32H7xx_HAL_Driver/Src/stm32h7xx_hal_sram.c ****   /* Check the SRAM controller state */
 513:Drivers/STM32H7xx_HAL_Driver/Src/stm32h7xx_hal_sram.c ****   if (hsram->State == HAL_SRAM_STATE_READY)
 514:Drivers/STM32H7xx_HAL_Driver/Src/stm32h7xx_hal_sram.c ****   {
 515:Drivers/STM32H7xx_HAL_Driver/Src/stm32h7xx_hal_sram.c ****     /* Process Locked */
 516:Drivers/STM32H7xx_HAL_Driver/Src/stm32h7xx_hal_sram.c ****     __HAL_LOCK(hsram);
 517:Drivers/STM32H7xx_HAL_Driver/Src/stm32h7xx_hal_sram.c **** 
 518:Drivers/STM32H7xx_HAL_Driver/Src/stm32h7xx_hal_sram.c ****     /* Update the SRAM controller state */
 519:Drivers/STM32H7xx_HAL_Driver/Src/stm32h7xx_hal_sram.c ****     hsram->State = HAL_SRAM_STATE_BUSY;
 520:Drivers/STM32H7xx_HAL_Driver/Src/stm32h7xx_hal_sram.c **** 
 521:Drivers/STM32H7xx_HAL_Driver/Src/stm32h7xx_hal_sram.c ****     /* Check if the size is a 32-bits multiple */
 522:Drivers/STM32H7xx_HAL_Driver/Src/stm32h7xx_hal_sram.c ****     limit = (((BufferSize % 2U) != 0U) ? 1U : 0U);
 523:Drivers/STM32H7xx_HAL_Driver/Src/stm32h7xx_hal_sram.c **** 
 524:Drivers/STM32H7xx_HAL_Driver/Src/stm32h7xx_hal_sram.c ****     /* Write data to memory */
 525:Drivers/STM32H7xx_HAL_Driver/Src/stm32h7xx_hal_sram.c ****     for (size = BufferSize; size != limit; size -= 2U)
 526:Drivers/STM32H7xx_HAL_Driver/Src/stm32h7xx_hal_sram.c ****     {
ARM GAS  C:\Users\12491\AppData\Local\Temp\ccM8LxEj.s 			page 15


 527:Drivers/STM32H7xx_HAL_Driver/Src/stm32h7xx_hal_sram.c ****       *psramaddress = (uint32_t)(*psrcbuff);
 528:Drivers/STM32H7xx_HAL_Driver/Src/stm32h7xx_hal_sram.c ****       psrcbuff++;
 529:Drivers/STM32H7xx_HAL_Driver/Src/stm32h7xx_hal_sram.c ****       *psramaddress |= ((uint32_t)(*psrcbuff) << 16U);
 530:Drivers/STM32H7xx_HAL_Driver/Src/stm32h7xx_hal_sram.c ****       psrcbuff++;
 531:Drivers/STM32H7xx_HAL_Driver/Src/stm32h7xx_hal_sram.c ****       psramaddress++;
 532:Drivers/STM32H7xx_HAL_Driver/Src/stm32h7xx_hal_sram.c ****     }
 533:Drivers/STM32H7xx_HAL_Driver/Src/stm32h7xx_hal_sram.c **** 
 534:Drivers/STM32H7xx_HAL_Driver/Src/stm32h7xx_hal_sram.c ****     /* Write last 16-bits if size is not 32-bits multiple */
 535:Drivers/STM32H7xx_HAL_Driver/Src/stm32h7xx_hal_sram.c ****     if (limit != 0U)
 536:Drivers/STM32H7xx_HAL_Driver/Src/stm32h7xx_hal_sram.c ****     {
 537:Drivers/STM32H7xx_HAL_Driver/Src/stm32h7xx_hal_sram.c ****       *psramaddress = ((uint32_t)(*psrcbuff) & 0x0000FFFFU) | ((*psramaddress) & 0xFFFF0000U);
 538:Drivers/STM32H7xx_HAL_Driver/Src/stm32h7xx_hal_sram.c ****     }
 539:Drivers/STM32H7xx_HAL_Driver/Src/stm32h7xx_hal_sram.c **** 
 540:Drivers/STM32H7xx_HAL_Driver/Src/stm32h7xx_hal_sram.c ****     /* Update the SRAM controller state */
 541:Drivers/STM32H7xx_HAL_Driver/Src/stm32h7xx_hal_sram.c ****     hsram->State = HAL_SRAM_STATE_READY;
 542:Drivers/STM32H7xx_HAL_Driver/Src/stm32h7xx_hal_sram.c **** 
 543:Drivers/STM32H7xx_HAL_Driver/Src/stm32h7xx_hal_sram.c ****     /* Process unlocked */
 544:Drivers/STM32H7xx_HAL_Driver/Src/stm32h7xx_hal_sram.c ****     __HAL_UNLOCK(hsram);
 545:Drivers/STM32H7xx_HAL_Driver/Src/stm32h7xx_hal_sram.c ****   }
 546:Drivers/STM32H7xx_HAL_Driver/Src/stm32h7xx_hal_sram.c ****   else
 547:Drivers/STM32H7xx_HAL_Driver/Src/stm32h7xx_hal_sram.c ****   {
 548:Drivers/STM32H7xx_HAL_Driver/Src/stm32h7xx_hal_sram.c ****     return HAL_ERROR;
 549:Drivers/STM32H7xx_HAL_Driver/Src/stm32h7xx_hal_sram.c ****   }
 550:Drivers/STM32H7xx_HAL_Driver/Src/stm32h7xx_hal_sram.c **** 
 551:Drivers/STM32H7xx_HAL_Driver/Src/stm32h7xx_hal_sram.c ****   return HAL_OK;
 552:Drivers/STM32H7xx_HAL_Driver/Src/stm32h7xx_hal_sram.c **** }
 553:Drivers/STM32H7xx_HAL_Driver/Src/stm32h7xx_hal_sram.c **** 
 554:Drivers/STM32H7xx_HAL_Driver/Src/stm32h7xx_hal_sram.c **** /**
 555:Drivers/STM32H7xx_HAL_Driver/Src/stm32h7xx_hal_sram.c ****   * @brief  Reads 32-bit buffer from SRAM memory.
 556:Drivers/STM32H7xx_HAL_Driver/Src/stm32h7xx_hal_sram.c ****   * @param  hsram pointer to a SRAM_HandleTypeDef structure that contains
 557:Drivers/STM32H7xx_HAL_Driver/Src/stm32h7xx_hal_sram.c ****   *                the configuration information for SRAM module.
 558:Drivers/STM32H7xx_HAL_Driver/Src/stm32h7xx_hal_sram.c ****   * @param  pAddress Pointer to read start address
 559:Drivers/STM32H7xx_HAL_Driver/Src/stm32h7xx_hal_sram.c ****   * @param  pDstBuffer Pointer to destination buffer
 560:Drivers/STM32H7xx_HAL_Driver/Src/stm32h7xx_hal_sram.c ****   * @param  BufferSize Size of the buffer to read from memory
 561:Drivers/STM32H7xx_HAL_Driver/Src/stm32h7xx_hal_sram.c ****   * @retval HAL status
 562:Drivers/STM32H7xx_HAL_Driver/Src/stm32h7xx_hal_sram.c ****   */
 563:Drivers/STM32H7xx_HAL_Driver/Src/stm32h7xx_hal_sram.c **** HAL_StatusTypeDef HAL_SRAM_Read_32b(SRAM_HandleTypeDef *hsram, uint32_t *pAddress, uint32_t *pDstBu
 564:Drivers/STM32H7xx_HAL_Driver/Src/stm32h7xx_hal_sram.c ****                                     uint32_t BufferSize)
 565:Drivers/STM32H7xx_HAL_Driver/Src/stm32h7xx_hal_sram.c **** {
 566:Drivers/STM32H7xx_HAL_Driver/Src/stm32h7xx_hal_sram.c ****   uint32_t size;
 567:Drivers/STM32H7xx_HAL_Driver/Src/stm32h7xx_hal_sram.c ****   __IO uint32_t *psramaddress = pAddress;
 568:Drivers/STM32H7xx_HAL_Driver/Src/stm32h7xx_hal_sram.c ****   uint32_t *pdestbuff = pDstBuffer;
 569:Drivers/STM32H7xx_HAL_Driver/Src/stm32h7xx_hal_sram.c ****   HAL_SRAM_StateTypeDef state = hsram->State;
 570:Drivers/STM32H7xx_HAL_Driver/Src/stm32h7xx_hal_sram.c **** 
 571:Drivers/STM32H7xx_HAL_Driver/Src/stm32h7xx_hal_sram.c ****   /* Check the SRAM controller state */
 572:Drivers/STM32H7xx_HAL_Driver/Src/stm32h7xx_hal_sram.c ****   if ((state == HAL_SRAM_STATE_READY) || (state == HAL_SRAM_STATE_PROTECTED))
 573:Drivers/STM32H7xx_HAL_Driver/Src/stm32h7xx_hal_sram.c ****   {
 574:Drivers/STM32H7xx_HAL_Driver/Src/stm32h7xx_hal_sram.c ****     /* Process Locked */
 575:Drivers/STM32H7xx_HAL_Driver/Src/stm32h7xx_hal_sram.c ****     __HAL_LOCK(hsram);
 576:Drivers/STM32H7xx_HAL_Driver/Src/stm32h7xx_hal_sram.c **** 
 577:Drivers/STM32H7xx_HAL_Driver/Src/stm32h7xx_hal_sram.c ****     /* Update the SRAM controller state */
 578:Drivers/STM32H7xx_HAL_Driver/Src/stm32h7xx_hal_sram.c ****     hsram->State = HAL_SRAM_STATE_BUSY;
 579:Drivers/STM32H7xx_HAL_Driver/Src/stm32h7xx_hal_sram.c **** 
 580:Drivers/STM32H7xx_HAL_Driver/Src/stm32h7xx_hal_sram.c ****     /* Read data from memory */
 581:Drivers/STM32H7xx_HAL_Driver/Src/stm32h7xx_hal_sram.c ****     for (size = BufferSize; size != 0U; size--)
 582:Drivers/STM32H7xx_HAL_Driver/Src/stm32h7xx_hal_sram.c ****     {
 583:Drivers/STM32H7xx_HAL_Driver/Src/stm32h7xx_hal_sram.c ****       *pdestbuff = *psramaddress;
ARM GAS  C:\Users\12491\AppData\Local\Temp\ccM8LxEj.s 			page 16


 584:Drivers/STM32H7xx_HAL_Driver/Src/stm32h7xx_hal_sram.c ****       pdestbuff++;
 585:Drivers/STM32H7xx_HAL_Driver/Src/stm32h7xx_hal_sram.c ****       psramaddress++;
 586:Drivers/STM32H7xx_HAL_Driver/Src/stm32h7xx_hal_sram.c ****     }
 587:Drivers/STM32H7xx_HAL_Driver/Src/stm32h7xx_hal_sram.c **** 
 588:Drivers/STM32H7xx_HAL_Driver/Src/stm32h7xx_hal_sram.c ****     /* Update the SRAM controller state */
 589:Drivers/STM32H7xx_HAL_Driver/Src/stm32h7xx_hal_sram.c ****     hsram->State = state;
 590:Drivers/STM32H7xx_HAL_Driver/Src/stm32h7xx_hal_sram.c **** 
 591:Drivers/STM32H7xx_HAL_Driver/Src/stm32h7xx_hal_sram.c ****     /* Process unlocked */
 592:Drivers/STM32H7xx_HAL_Driver/Src/stm32h7xx_hal_sram.c ****     __HAL_UNLOCK(hsram);
 593:Drivers/STM32H7xx_HAL_Driver/Src/stm32h7xx_hal_sram.c ****   }
 594:Drivers/STM32H7xx_HAL_Driver/Src/stm32h7xx_hal_sram.c ****   else
 595:Drivers/STM32H7xx_HAL_Driver/Src/stm32h7xx_hal_sram.c ****   {
 596:Drivers/STM32H7xx_HAL_Driver/Src/stm32h7xx_hal_sram.c ****     return HAL_ERROR;
 597:Drivers/STM32H7xx_HAL_Driver/Src/stm32h7xx_hal_sram.c ****   }
 598:Drivers/STM32H7xx_HAL_Driver/Src/stm32h7xx_hal_sram.c **** 
 599:Drivers/STM32H7xx_HAL_Driver/Src/stm32h7xx_hal_sram.c ****   return HAL_OK;
 600:Drivers/STM32H7xx_HAL_Driver/Src/stm32h7xx_hal_sram.c **** }
 601:Drivers/STM32H7xx_HAL_Driver/Src/stm32h7xx_hal_sram.c **** 
 602:Drivers/STM32H7xx_HAL_Driver/Src/stm32h7xx_hal_sram.c **** /**
 603:Drivers/STM32H7xx_HAL_Driver/Src/stm32h7xx_hal_sram.c ****   * @brief  Writes 32-bit buffer to SRAM memory.
 604:Drivers/STM32H7xx_HAL_Driver/Src/stm32h7xx_hal_sram.c ****   * @param  hsram pointer to a SRAM_HandleTypeDef structure that contains
 605:Drivers/STM32H7xx_HAL_Driver/Src/stm32h7xx_hal_sram.c ****   *                the configuration information for SRAM module.
 606:Drivers/STM32H7xx_HAL_Driver/Src/stm32h7xx_hal_sram.c ****   * @param  pAddress Pointer to write start address
 607:Drivers/STM32H7xx_HAL_Driver/Src/stm32h7xx_hal_sram.c ****   * @param  pSrcBuffer Pointer to source buffer to write
 608:Drivers/STM32H7xx_HAL_Driver/Src/stm32h7xx_hal_sram.c ****   * @param  BufferSize Size of the buffer to write to memory
 609:Drivers/STM32H7xx_HAL_Driver/Src/stm32h7xx_hal_sram.c ****   * @retval HAL status
 610:Drivers/STM32H7xx_HAL_Driver/Src/stm32h7xx_hal_sram.c ****   */
 611:Drivers/STM32H7xx_HAL_Driver/Src/stm32h7xx_hal_sram.c **** HAL_StatusTypeDef HAL_SRAM_Write_32b(SRAM_HandleTypeDef *hsram, uint32_t *pAddress, uint32_t *pSrcB
 612:Drivers/STM32H7xx_HAL_Driver/Src/stm32h7xx_hal_sram.c ****                                      uint32_t BufferSize)
 613:Drivers/STM32H7xx_HAL_Driver/Src/stm32h7xx_hal_sram.c **** {
 614:Drivers/STM32H7xx_HAL_Driver/Src/stm32h7xx_hal_sram.c ****   uint32_t size;
 615:Drivers/STM32H7xx_HAL_Driver/Src/stm32h7xx_hal_sram.c ****   __IO uint32_t *psramaddress = pAddress;
 616:Drivers/STM32H7xx_HAL_Driver/Src/stm32h7xx_hal_sram.c ****   uint32_t *psrcbuff = pSrcBuffer;
 617:Drivers/STM32H7xx_HAL_Driver/Src/stm32h7xx_hal_sram.c **** 
 618:Drivers/STM32H7xx_HAL_Driver/Src/stm32h7xx_hal_sram.c ****   /* Check the SRAM controller state */
 619:Drivers/STM32H7xx_HAL_Driver/Src/stm32h7xx_hal_sram.c ****   if (hsram->State == HAL_SRAM_STATE_READY)
 620:Drivers/STM32H7xx_HAL_Driver/Src/stm32h7xx_hal_sram.c ****   {
 621:Drivers/STM32H7xx_HAL_Driver/Src/stm32h7xx_hal_sram.c ****     /* Process Locked */
 622:Drivers/STM32H7xx_HAL_Driver/Src/stm32h7xx_hal_sram.c ****     __HAL_LOCK(hsram);
 623:Drivers/STM32H7xx_HAL_Driver/Src/stm32h7xx_hal_sram.c **** 
 624:Drivers/STM32H7xx_HAL_Driver/Src/stm32h7xx_hal_sram.c ****     /* Update the SRAM controller state */
 625:Drivers/STM32H7xx_HAL_Driver/Src/stm32h7xx_hal_sram.c ****     hsram->State = HAL_SRAM_STATE_BUSY;
 626:Drivers/STM32H7xx_HAL_Driver/Src/stm32h7xx_hal_sram.c **** 
 627:Drivers/STM32H7xx_HAL_Driver/Src/stm32h7xx_hal_sram.c ****     /* Write data to memory */
 628:Drivers/STM32H7xx_HAL_Driver/Src/stm32h7xx_hal_sram.c ****     for (size = BufferSize; size != 0U; size--)
 629:Drivers/STM32H7xx_HAL_Driver/Src/stm32h7xx_hal_sram.c ****     {
 630:Drivers/STM32H7xx_HAL_Driver/Src/stm32h7xx_hal_sram.c ****       *psramaddress = *psrcbuff;
 631:Drivers/STM32H7xx_HAL_Driver/Src/stm32h7xx_hal_sram.c ****       psrcbuff++;
 632:Drivers/STM32H7xx_HAL_Driver/Src/stm32h7xx_hal_sram.c ****       psramaddress++;
 633:Drivers/STM32H7xx_HAL_Driver/Src/stm32h7xx_hal_sram.c ****     }
 634:Drivers/STM32H7xx_HAL_Driver/Src/stm32h7xx_hal_sram.c **** 
 635:Drivers/STM32H7xx_HAL_Driver/Src/stm32h7xx_hal_sram.c ****     /* Update the SRAM controller state */
 636:Drivers/STM32H7xx_HAL_Driver/Src/stm32h7xx_hal_sram.c ****     hsram->State = HAL_SRAM_STATE_READY;
 637:Drivers/STM32H7xx_HAL_Driver/Src/stm32h7xx_hal_sram.c **** 
 638:Drivers/STM32H7xx_HAL_Driver/Src/stm32h7xx_hal_sram.c ****     /* Process unlocked */
 639:Drivers/STM32H7xx_HAL_Driver/Src/stm32h7xx_hal_sram.c ****     __HAL_UNLOCK(hsram);
 640:Drivers/STM32H7xx_HAL_Driver/Src/stm32h7xx_hal_sram.c ****   }
ARM GAS  C:\Users\12491\AppData\Local\Temp\ccM8LxEj.s 			page 17


 641:Drivers/STM32H7xx_HAL_Driver/Src/stm32h7xx_hal_sram.c ****   else
 642:Drivers/STM32H7xx_HAL_Driver/Src/stm32h7xx_hal_sram.c ****   {
 643:Drivers/STM32H7xx_HAL_Driver/Src/stm32h7xx_hal_sram.c ****     return HAL_ERROR;
 644:Drivers/STM32H7xx_HAL_Driver/Src/stm32h7xx_hal_sram.c ****   }
 645:Drivers/STM32H7xx_HAL_Driver/Src/stm32h7xx_hal_sram.c **** 
 646:Drivers/STM32H7xx_HAL_Driver/Src/stm32h7xx_hal_sram.c ****   return HAL_OK;
 647:Drivers/STM32H7xx_HAL_Driver/Src/stm32h7xx_hal_sram.c **** }
 648:Drivers/STM32H7xx_HAL_Driver/Src/stm32h7xx_hal_sram.c **** 
 649:Drivers/STM32H7xx_HAL_Driver/Src/stm32h7xx_hal_sram.c **** /**
 650:Drivers/STM32H7xx_HAL_Driver/Src/stm32h7xx_hal_sram.c ****   * @brief  Reads a Words data from the SRAM memory using DMA transfer.
 651:Drivers/STM32H7xx_HAL_Driver/Src/stm32h7xx_hal_sram.c ****   * @param  hsram pointer to a SRAM_HandleTypeDef structure that contains
 652:Drivers/STM32H7xx_HAL_Driver/Src/stm32h7xx_hal_sram.c ****   *                the configuration information for SRAM module.
 653:Drivers/STM32H7xx_HAL_Driver/Src/stm32h7xx_hal_sram.c ****   * @param  pAddress Pointer to read start address
 654:Drivers/STM32H7xx_HAL_Driver/Src/stm32h7xx_hal_sram.c ****   * @param  pDstBuffer Pointer to destination buffer
 655:Drivers/STM32H7xx_HAL_Driver/Src/stm32h7xx_hal_sram.c ****   * @param  BufferSize Size of the buffer to read from memory
 656:Drivers/STM32H7xx_HAL_Driver/Src/stm32h7xx_hal_sram.c ****   * @retval HAL status
 657:Drivers/STM32H7xx_HAL_Driver/Src/stm32h7xx_hal_sram.c ****   */
 658:Drivers/STM32H7xx_HAL_Driver/Src/stm32h7xx_hal_sram.c **** HAL_StatusTypeDef HAL_SRAM_Read_DMA(SRAM_HandleTypeDef *hsram, uint32_t *pAddress, uint32_t *pDstBu
 659:Drivers/STM32H7xx_HAL_Driver/Src/stm32h7xx_hal_sram.c ****                                     uint32_t BufferSize)
 660:Drivers/STM32H7xx_HAL_Driver/Src/stm32h7xx_hal_sram.c **** {
 661:Drivers/STM32H7xx_HAL_Driver/Src/stm32h7xx_hal_sram.c ****   HAL_StatusTypeDef status;
 662:Drivers/STM32H7xx_HAL_Driver/Src/stm32h7xx_hal_sram.c ****   HAL_SRAM_StateTypeDef state = hsram->State;
 663:Drivers/STM32H7xx_HAL_Driver/Src/stm32h7xx_hal_sram.c **** 
 664:Drivers/STM32H7xx_HAL_Driver/Src/stm32h7xx_hal_sram.c ****   /* Check the SRAM controller state */
 665:Drivers/STM32H7xx_HAL_Driver/Src/stm32h7xx_hal_sram.c ****   if ((state == HAL_SRAM_STATE_READY) || (state == HAL_SRAM_STATE_PROTECTED))
 666:Drivers/STM32H7xx_HAL_Driver/Src/stm32h7xx_hal_sram.c ****   {
 667:Drivers/STM32H7xx_HAL_Driver/Src/stm32h7xx_hal_sram.c ****     /* Process Locked */
 668:Drivers/STM32H7xx_HAL_Driver/Src/stm32h7xx_hal_sram.c ****     __HAL_LOCK(hsram);
 669:Drivers/STM32H7xx_HAL_Driver/Src/stm32h7xx_hal_sram.c **** 
 670:Drivers/STM32H7xx_HAL_Driver/Src/stm32h7xx_hal_sram.c ****     /* Update the SRAM controller state */
 671:Drivers/STM32H7xx_HAL_Driver/Src/stm32h7xx_hal_sram.c ****     hsram->State = HAL_SRAM_STATE_BUSY;
 672:Drivers/STM32H7xx_HAL_Driver/Src/stm32h7xx_hal_sram.c **** 
 673:Drivers/STM32H7xx_HAL_Driver/Src/stm32h7xx_hal_sram.c ****     /* Configure DMA user callbacks */
 674:Drivers/STM32H7xx_HAL_Driver/Src/stm32h7xx_hal_sram.c ****     if (state == HAL_SRAM_STATE_READY)
 675:Drivers/STM32H7xx_HAL_Driver/Src/stm32h7xx_hal_sram.c ****     {
 676:Drivers/STM32H7xx_HAL_Driver/Src/stm32h7xx_hal_sram.c ****       hsram->hmdma->XferCpltCallback = SRAM_DMACplt;
 677:Drivers/STM32H7xx_HAL_Driver/Src/stm32h7xx_hal_sram.c ****     }
 678:Drivers/STM32H7xx_HAL_Driver/Src/stm32h7xx_hal_sram.c ****     else
 679:Drivers/STM32H7xx_HAL_Driver/Src/stm32h7xx_hal_sram.c ****     {
 680:Drivers/STM32H7xx_HAL_Driver/Src/stm32h7xx_hal_sram.c ****       hsram->hmdma->XferCpltCallback = SRAM_DMACpltProt;
 681:Drivers/STM32H7xx_HAL_Driver/Src/stm32h7xx_hal_sram.c ****     }
 682:Drivers/STM32H7xx_HAL_Driver/Src/stm32h7xx_hal_sram.c ****     hsram->hmdma->XferErrorCallback = SRAM_DMAError;
 683:Drivers/STM32H7xx_HAL_Driver/Src/stm32h7xx_hal_sram.c **** 
 684:Drivers/STM32H7xx_HAL_Driver/Src/stm32h7xx_hal_sram.c ****     /* Enable the DMA Stream */
 685:Drivers/STM32H7xx_HAL_Driver/Src/stm32h7xx_hal_sram.c ****     status = HAL_MDMA_Start_IT(hsram->hmdma, (uint32_t)pAddress, (uint32_t)pDstBuffer, (uint32_t)(B
 686:Drivers/STM32H7xx_HAL_Driver/Src/stm32h7xx_hal_sram.c **** 
 687:Drivers/STM32H7xx_HAL_Driver/Src/stm32h7xx_hal_sram.c ****     /* Process unlocked */
 688:Drivers/STM32H7xx_HAL_Driver/Src/stm32h7xx_hal_sram.c ****     __HAL_UNLOCK(hsram);
 689:Drivers/STM32H7xx_HAL_Driver/Src/stm32h7xx_hal_sram.c ****   }
 690:Drivers/STM32H7xx_HAL_Driver/Src/stm32h7xx_hal_sram.c ****   else
 691:Drivers/STM32H7xx_HAL_Driver/Src/stm32h7xx_hal_sram.c ****   {
 692:Drivers/STM32H7xx_HAL_Driver/Src/stm32h7xx_hal_sram.c ****     status = HAL_ERROR;
 693:Drivers/STM32H7xx_HAL_Driver/Src/stm32h7xx_hal_sram.c ****   }
 694:Drivers/STM32H7xx_HAL_Driver/Src/stm32h7xx_hal_sram.c **** 
 695:Drivers/STM32H7xx_HAL_Driver/Src/stm32h7xx_hal_sram.c ****   return status;
 696:Drivers/STM32H7xx_HAL_Driver/Src/stm32h7xx_hal_sram.c **** }
 697:Drivers/STM32H7xx_HAL_Driver/Src/stm32h7xx_hal_sram.c **** 
ARM GAS  C:\Users\12491\AppData\Local\Temp\ccM8LxEj.s 			page 18


 698:Drivers/STM32H7xx_HAL_Driver/Src/stm32h7xx_hal_sram.c **** /**
 699:Drivers/STM32H7xx_HAL_Driver/Src/stm32h7xx_hal_sram.c ****   * @brief  Writes a Words data buffer to SRAM memory using DMA transfer.
 700:Drivers/STM32H7xx_HAL_Driver/Src/stm32h7xx_hal_sram.c ****   * @param  hsram pointer to a SRAM_HandleTypeDef structure that contains
 701:Drivers/STM32H7xx_HAL_Driver/Src/stm32h7xx_hal_sram.c ****   *                the configuration information for SRAM module.
 702:Drivers/STM32H7xx_HAL_Driver/Src/stm32h7xx_hal_sram.c ****   * @param  pAddress Pointer to write start address
 703:Drivers/STM32H7xx_HAL_Driver/Src/stm32h7xx_hal_sram.c ****   * @param  pSrcBuffer Pointer to source buffer to write
 704:Drivers/STM32H7xx_HAL_Driver/Src/stm32h7xx_hal_sram.c ****   * @param  BufferSize Size of the buffer to write to memory
 705:Drivers/STM32H7xx_HAL_Driver/Src/stm32h7xx_hal_sram.c ****   * @retval HAL status
 706:Drivers/STM32H7xx_HAL_Driver/Src/stm32h7xx_hal_sram.c ****   */
 707:Drivers/STM32H7xx_HAL_Driver/Src/stm32h7xx_hal_sram.c **** HAL_StatusTypeDef HAL_SRAM_Write_DMA(SRAM_HandleTypeDef *hsram, uint32_t *pAddress, uint32_t *pSrcB
 708:Drivers/STM32H7xx_HAL_Driver/Src/stm32h7xx_hal_sram.c ****                                      uint32_t BufferSize)
 709:Drivers/STM32H7xx_HAL_Driver/Src/stm32h7xx_hal_sram.c **** {
 710:Drivers/STM32H7xx_HAL_Driver/Src/stm32h7xx_hal_sram.c ****   HAL_StatusTypeDef status;
 711:Drivers/STM32H7xx_HAL_Driver/Src/stm32h7xx_hal_sram.c **** 
 712:Drivers/STM32H7xx_HAL_Driver/Src/stm32h7xx_hal_sram.c ****   /* Check the SRAM controller state */
 713:Drivers/STM32H7xx_HAL_Driver/Src/stm32h7xx_hal_sram.c ****   if (hsram->State == HAL_SRAM_STATE_READY)
 714:Drivers/STM32H7xx_HAL_Driver/Src/stm32h7xx_hal_sram.c ****   {
 715:Drivers/STM32H7xx_HAL_Driver/Src/stm32h7xx_hal_sram.c ****     /* Process Locked */
 716:Drivers/STM32H7xx_HAL_Driver/Src/stm32h7xx_hal_sram.c ****     __HAL_LOCK(hsram);
 717:Drivers/STM32H7xx_HAL_Driver/Src/stm32h7xx_hal_sram.c **** 
 718:Drivers/STM32H7xx_HAL_Driver/Src/stm32h7xx_hal_sram.c ****     /* Update the SRAM controller state */
 719:Drivers/STM32H7xx_HAL_Driver/Src/stm32h7xx_hal_sram.c ****     hsram->State = HAL_SRAM_STATE_BUSY;
 720:Drivers/STM32H7xx_HAL_Driver/Src/stm32h7xx_hal_sram.c **** 
 721:Drivers/STM32H7xx_HAL_Driver/Src/stm32h7xx_hal_sram.c ****     /* Configure DMA user callbacks */
 722:Drivers/STM32H7xx_HAL_Driver/Src/stm32h7xx_hal_sram.c ****     hsram->hmdma->XferCpltCallback = SRAM_DMACplt;
 723:Drivers/STM32H7xx_HAL_Driver/Src/stm32h7xx_hal_sram.c ****     hsram->hmdma->XferErrorCallback = SRAM_DMAError;
 724:Drivers/STM32H7xx_HAL_Driver/Src/stm32h7xx_hal_sram.c **** 
 725:Drivers/STM32H7xx_HAL_Driver/Src/stm32h7xx_hal_sram.c ****     /* Enable the DMA Stream */
 726:Drivers/STM32H7xx_HAL_Driver/Src/stm32h7xx_hal_sram.c ****     status = HAL_MDMA_Start_IT(hsram->hmdma, (uint32_t)pSrcBuffer, (uint32_t)pAddress, (uint32_t)(B
 727:Drivers/STM32H7xx_HAL_Driver/Src/stm32h7xx_hal_sram.c **** 
 728:Drivers/STM32H7xx_HAL_Driver/Src/stm32h7xx_hal_sram.c ****     /* Process unlocked */
 729:Drivers/STM32H7xx_HAL_Driver/Src/stm32h7xx_hal_sram.c ****     __HAL_UNLOCK(hsram);
 730:Drivers/STM32H7xx_HAL_Driver/Src/stm32h7xx_hal_sram.c ****   }
 731:Drivers/STM32H7xx_HAL_Driver/Src/stm32h7xx_hal_sram.c ****   else
 732:Drivers/STM32H7xx_HAL_Driver/Src/stm32h7xx_hal_sram.c ****   {
 733:Drivers/STM32H7xx_HAL_Driver/Src/stm32h7xx_hal_sram.c ****     status = HAL_ERROR;
 734:Drivers/STM32H7xx_HAL_Driver/Src/stm32h7xx_hal_sram.c ****   }
 735:Drivers/STM32H7xx_HAL_Driver/Src/stm32h7xx_hal_sram.c **** 
 736:Drivers/STM32H7xx_HAL_Driver/Src/stm32h7xx_hal_sram.c ****   return status;
 737:Drivers/STM32H7xx_HAL_Driver/Src/stm32h7xx_hal_sram.c **** }
 738:Drivers/STM32H7xx_HAL_Driver/Src/stm32h7xx_hal_sram.c **** 
 739:Drivers/STM32H7xx_HAL_Driver/Src/stm32h7xx_hal_sram.c **** #if (USE_HAL_SRAM_REGISTER_CALLBACKS == 1)
 740:Drivers/STM32H7xx_HAL_Driver/Src/stm32h7xx_hal_sram.c **** /**
 741:Drivers/STM32H7xx_HAL_Driver/Src/stm32h7xx_hal_sram.c ****   * @brief  Register a User SRAM Callback
 742:Drivers/STM32H7xx_HAL_Driver/Src/stm32h7xx_hal_sram.c ****   *         To be used to override the weak predefined callback
 743:Drivers/STM32H7xx_HAL_Driver/Src/stm32h7xx_hal_sram.c ****   * @param hsram : SRAM handle
 744:Drivers/STM32H7xx_HAL_Driver/Src/stm32h7xx_hal_sram.c ****   * @param CallbackId : ID of the callback to be registered
 745:Drivers/STM32H7xx_HAL_Driver/Src/stm32h7xx_hal_sram.c ****   *        This parameter can be one of the following values:
 746:Drivers/STM32H7xx_HAL_Driver/Src/stm32h7xx_hal_sram.c ****   *          @arg @ref HAL_SRAM_MSP_INIT_CB_ID       SRAM MspInit callback ID
 747:Drivers/STM32H7xx_HAL_Driver/Src/stm32h7xx_hal_sram.c ****   *          @arg @ref HAL_SRAM_MSP_DEINIT_CB_ID     SRAM MspDeInit callback ID
 748:Drivers/STM32H7xx_HAL_Driver/Src/stm32h7xx_hal_sram.c ****   * @param pCallback : pointer to the Callback function
 749:Drivers/STM32H7xx_HAL_Driver/Src/stm32h7xx_hal_sram.c ****   * @retval status
 750:Drivers/STM32H7xx_HAL_Driver/Src/stm32h7xx_hal_sram.c ****   */
 751:Drivers/STM32H7xx_HAL_Driver/Src/stm32h7xx_hal_sram.c **** HAL_StatusTypeDef HAL_SRAM_RegisterCallback(SRAM_HandleTypeDef *hsram, HAL_SRAM_CallbackIDTypeDef C
 752:Drivers/STM32H7xx_HAL_Driver/Src/stm32h7xx_hal_sram.c ****                                             pSRAM_CallbackTypeDef pCallback)
 753:Drivers/STM32H7xx_HAL_Driver/Src/stm32h7xx_hal_sram.c **** {
 754:Drivers/STM32H7xx_HAL_Driver/Src/stm32h7xx_hal_sram.c ****   HAL_StatusTypeDef status = HAL_OK;
ARM GAS  C:\Users\12491\AppData\Local\Temp\ccM8LxEj.s 			page 19


 755:Drivers/STM32H7xx_HAL_Driver/Src/stm32h7xx_hal_sram.c ****   HAL_SRAM_StateTypeDef state;
 756:Drivers/STM32H7xx_HAL_Driver/Src/stm32h7xx_hal_sram.c **** 
 757:Drivers/STM32H7xx_HAL_Driver/Src/stm32h7xx_hal_sram.c ****   if (pCallback == NULL)
 758:Drivers/STM32H7xx_HAL_Driver/Src/stm32h7xx_hal_sram.c ****   {
 759:Drivers/STM32H7xx_HAL_Driver/Src/stm32h7xx_hal_sram.c ****     return HAL_ERROR;
 760:Drivers/STM32H7xx_HAL_Driver/Src/stm32h7xx_hal_sram.c ****   }
 761:Drivers/STM32H7xx_HAL_Driver/Src/stm32h7xx_hal_sram.c **** 
 762:Drivers/STM32H7xx_HAL_Driver/Src/stm32h7xx_hal_sram.c ****   state = hsram->State;
 763:Drivers/STM32H7xx_HAL_Driver/Src/stm32h7xx_hal_sram.c ****   if ((state == HAL_SRAM_STATE_READY) || (state == HAL_SRAM_STATE_RESET) || (state == HAL_SRAM_STAT
 764:Drivers/STM32H7xx_HAL_Driver/Src/stm32h7xx_hal_sram.c ****   {
 765:Drivers/STM32H7xx_HAL_Driver/Src/stm32h7xx_hal_sram.c ****     switch (CallbackId)
 766:Drivers/STM32H7xx_HAL_Driver/Src/stm32h7xx_hal_sram.c ****     {
 767:Drivers/STM32H7xx_HAL_Driver/Src/stm32h7xx_hal_sram.c ****       case HAL_SRAM_MSP_INIT_CB_ID :
 768:Drivers/STM32H7xx_HAL_Driver/Src/stm32h7xx_hal_sram.c ****         hsram->MspInitCallback = pCallback;
 769:Drivers/STM32H7xx_HAL_Driver/Src/stm32h7xx_hal_sram.c ****         break;
 770:Drivers/STM32H7xx_HAL_Driver/Src/stm32h7xx_hal_sram.c ****       case HAL_SRAM_MSP_DEINIT_CB_ID :
 771:Drivers/STM32H7xx_HAL_Driver/Src/stm32h7xx_hal_sram.c ****         hsram->MspDeInitCallback = pCallback;
 772:Drivers/STM32H7xx_HAL_Driver/Src/stm32h7xx_hal_sram.c ****         break;
 773:Drivers/STM32H7xx_HAL_Driver/Src/stm32h7xx_hal_sram.c ****       default :
 774:Drivers/STM32H7xx_HAL_Driver/Src/stm32h7xx_hal_sram.c ****         /* update return status */
 775:Drivers/STM32H7xx_HAL_Driver/Src/stm32h7xx_hal_sram.c ****         status =  HAL_ERROR;
 776:Drivers/STM32H7xx_HAL_Driver/Src/stm32h7xx_hal_sram.c ****         break;
 777:Drivers/STM32H7xx_HAL_Driver/Src/stm32h7xx_hal_sram.c ****     }
 778:Drivers/STM32H7xx_HAL_Driver/Src/stm32h7xx_hal_sram.c ****   }
 779:Drivers/STM32H7xx_HAL_Driver/Src/stm32h7xx_hal_sram.c ****   else
 780:Drivers/STM32H7xx_HAL_Driver/Src/stm32h7xx_hal_sram.c ****   {
 781:Drivers/STM32H7xx_HAL_Driver/Src/stm32h7xx_hal_sram.c ****     /* update return status */
 782:Drivers/STM32H7xx_HAL_Driver/Src/stm32h7xx_hal_sram.c ****     status =  HAL_ERROR;
 783:Drivers/STM32H7xx_HAL_Driver/Src/stm32h7xx_hal_sram.c ****   }
 784:Drivers/STM32H7xx_HAL_Driver/Src/stm32h7xx_hal_sram.c **** 
 785:Drivers/STM32H7xx_HAL_Driver/Src/stm32h7xx_hal_sram.c ****   return status;
 786:Drivers/STM32H7xx_HAL_Driver/Src/stm32h7xx_hal_sram.c **** }
 787:Drivers/STM32H7xx_HAL_Driver/Src/stm32h7xx_hal_sram.c **** 
 788:Drivers/STM32H7xx_HAL_Driver/Src/stm32h7xx_hal_sram.c **** /**
 789:Drivers/STM32H7xx_HAL_Driver/Src/stm32h7xx_hal_sram.c ****   * @brief  Unregister a User SRAM Callback
 790:Drivers/STM32H7xx_HAL_Driver/Src/stm32h7xx_hal_sram.c ****   *         SRAM Callback is redirected to the weak predefined callback
 791:Drivers/STM32H7xx_HAL_Driver/Src/stm32h7xx_hal_sram.c ****   * @param hsram : SRAM handle
 792:Drivers/STM32H7xx_HAL_Driver/Src/stm32h7xx_hal_sram.c ****   * @param CallbackId : ID of the callback to be unregistered
 793:Drivers/STM32H7xx_HAL_Driver/Src/stm32h7xx_hal_sram.c ****   *        This parameter can be one of the following values:
 794:Drivers/STM32H7xx_HAL_Driver/Src/stm32h7xx_hal_sram.c ****   *          @arg @ref HAL_SRAM_MSP_INIT_CB_ID       SRAM MspInit callback ID
 795:Drivers/STM32H7xx_HAL_Driver/Src/stm32h7xx_hal_sram.c ****   *          @arg @ref HAL_SRAM_MSP_DEINIT_CB_ID     SRAM MspDeInit callback ID
 796:Drivers/STM32H7xx_HAL_Driver/Src/stm32h7xx_hal_sram.c ****   *          @arg @ref HAL_SRAM_DMA_XFER_CPLT_CB_ID  SRAM DMA Xfer Complete callback ID
 797:Drivers/STM32H7xx_HAL_Driver/Src/stm32h7xx_hal_sram.c ****   *          @arg @ref HAL_SRAM_DMA_XFER_ERR_CB_ID   SRAM DMA Xfer Error callback ID
 798:Drivers/STM32H7xx_HAL_Driver/Src/stm32h7xx_hal_sram.c ****   * @retval status
 799:Drivers/STM32H7xx_HAL_Driver/Src/stm32h7xx_hal_sram.c ****   */
 800:Drivers/STM32H7xx_HAL_Driver/Src/stm32h7xx_hal_sram.c **** HAL_StatusTypeDef HAL_SRAM_UnRegisterCallback(SRAM_HandleTypeDef *hsram, HAL_SRAM_CallbackIDTypeDef
 801:Drivers/STM32H7xx_HAL_Driver/Src/stm32h7xx_hal_sram.c **** {
 802:Drivers/STM32H7xx_HAL_Driver/Src/stm32h7xx_hal_sram.c ****   HAL_StatusTypeDef status = HAL_OK;
 803:Drivers/STM32H7xx_HAL_Driver/Src/stm32h7xx_hal_sram.c ****   HAL_SRAM_StateTypeDef state;
 804:Drivers/STM32H7xx_HAL_Driver/Src/stm32h7xx_hal_sram.c **** 
 805:Drivers/STM32H7xx_HAL_Driver/Src/stm32h7xx_hal_sram.c ****   state = hsram->State;
 806:Drivers/STM32H7xx_HAL_Driver/Src/stm32h7xx_hal_sram.c ****   if ((state == HAL_SRAM_STATE_READY) || (state == HAL_SRAM_STATE_PROTECTED))
 807:Drivers/STM32H7xx_HAL_Driver/Src/stm32h7xx_hal_sram.c ****   {
 808:Drivers/STM32H7xx_HAL_Driver/Src/stm32h7xx_hal_sram.c ****     switch (CallbackId)
 809:Drivers/STM32H7xx_HAL_Driver/Src/stm32h7xx_hal_sram.c ****     {
 810:Drivers/STM32H7xx_HAL_Driver/Src/stm32h7xx_hal_sram.c ****       case HAL_SRAM_MSP_INIT_CB_ID :
 811:Drivers/STM32H7xx_HAL_Driver/Src/stm32h7xx_hal_sram.c ****         hsram->MspInitCallback = HAL_SRAM_MspInit;
ARM GAS  C:\Users\12491\AppData\Local\Temp\ccM8LxEj.s 			page 20


 812:Drivers/STM32H7xx_HAL_Driver/Src/stm32h7xx_hal_sram.c ****         break;
 813:Drivers/STM32H7xx_HAL_Driver/Src/stm32h7xx_hal_sram.c ****       case HAL_SRAM_MSP_DEINIT_CB_ID :
 814:Drivers/STM32H7xx_HAL_Driver/Src/stm32h7xx_hal_sram.c ****         hsram->MspDeInitCallback = HAL_SRAM_MspDeInit;
 815:Drivers/STM32H7xx_HAL_Driver/Src/stm32h7xx_hal_sram.c ****         break;
 816:Drivers/STM32H7xx_HAL_Driver/Src/stm32h7xx_hal_sram.c ****       case HAL_SRAM_DMA_XFER_CPLT_CB_ID :
 817:Drivers/STM32H7xx_HAL_Driver/Src/stm32h7xx_hal_sram.c ****         hsram->DmaXferCpltCallback = HAL_SRAM_DMA_XferCpltCallback;
 818:Drivers/STM32H7xx_HAL_Driver/Src/stm32h7xx_hal_sram.c ****         break;
 819:Drivers/STM32H7xx_HAL_Driver/Src/stm32h7xx_hal_sram.c ****       case HAL_SRAM_DMA_XFER_ERR_CB_ID :
 820:Drivers/STM32H7xx_HAL_Driver/Src/stm32h7xx_hal_sram.c ****         hsram->DmaXferErrorCallback = HAL_SRAM_DMA_XferErrorCallback;
 821:Drivers/STM32H7xx_HAL_Driver/Src/stm32h7xx_hal_sram.c ****         break;
 822:Drivers/STM32H7xx_HAL_Driver/Src/stm32h7xx_hal_sram.c ****       default :
 823:Drivers/STM32H7xx_HAL_Driver/Src/stm32h7xx_hal_sram.c ****         /* update return status */
 824:Drivers/STM32H7xx_HAL_Driver/Src/stm32h7xx_hal_sram.c ****         status =  HAL_ERROR;
 825:Drivers/STM32H7xx_HAL_Driver/Src/stm32h7xx_hal_sram.c ****         break;
 826:Drivers/STM32H7xx_HAL_Driver/Src/stm32h7xx_hal_sram.c ****     }
 827:Drivers/STM32H7xx_HAL_Driver/Src/stm32h7xx_hal_sram.c ****   }
 828:Drivers/STM32H7xx_HAL_Driver/Src/stm32h7xx_hal_sram.c ****   else if (state == HAL_SRAM_STATE_RESET)
 829:Drivers/STM32H7xx_HAL_Driver/Src/stm32h7xx_hal_sram.c ****   {
 830:Drivers/STM32H7xx_HAL_Driver/Src/stm32h7xx_hal_sram.c ****     switch (CallbackId)
 831:Drivers/STM32H7xx_HAL_Driver/Src/stm32h7xx_hal_sram.c ****     {
 832:Drivers/STM32H7xx_HAL_Driver/Src/stm32h7xx_hal_sram.c ****       case HAL_SRAM_MSP_INIT_CB_ID :
 833:Drivers/STM32H7xx_HAL_Driver/Src/stm32h7xx_hal_sram.c ****         hsram->MspInitCallback = HAL_SRAM_MspInit;
 834:Drivers/STM32H7xx_HAL_Driver/Src/stm32h7xx_hal_sram.c ****         break;
 835:Drivers/STM32H7xx_HAL_Driver/Src/stm32h7xx_hal_sram.c ****       case HAL_SRAM_MSP_DEINIT_CB_ID :
 836:Drivers/STM32H7xx_HAL_Driver/Src/stm32h7xx_hal_sram.c ****         hsram->MspDeInitCallback = HAL_SRAM_MspDeInit;
 837:Drivers/STM32H7xx_HAL_Driver/Src/stm32h7xx_hal_sram.c ****         break;
 838:Drivers/STM32H7xx_HAL_Driver/Src/stm32h7xx_hal_sram.c ****       default :
 839:Drivers/STM32H7xx_HAL_Driver/Src/stm32h7xx_hal_sram.c ****         /* update return status */
 840:Drivers/STM32H7xx_HAL_Driver/Src/stm32h7xx_hal_sram.c ****         status =  HAL_ERROR;
 841:Drivers/STM32H7xx_HAL_Driver/Src/stm32h7xx_hal_sram.c ****         break;
 842:Drivers/STM32H7xx_HAL_Driver/Src/stm32h7xx_hal_sram.c ****     }
 843:Drivers/STM32H7xx_HAL_Driver/Src/stm32h7xx_hal_sram.c ****   }
 844:Drivers/STM32H7xx_HAL_Driver/Src/stm32h7xx_hal_sram.c ****   else
 845:Drivers/STM32H7xx_HAL_Driver/Src/stm32h7xx_hal_sram.c ****   {
 846:Drivers/STM32H7xx_HAL_Driver/Src/stm32h7xx_hal_sram.c ****     /* update return status */
 847:Drivers/STM32H7xx_HAL_Driver/Src/stm32h7xx_hal_sram.c ****     status =  HAL_ERROR;
 848:Drivers/STM32H7xx_HAL_Driver/Src/stm32h7xx_hal_sram.c ****   }
 849:Drivers/STM32H7xx_HAL_Driver/Src/stm32h7xx_hal_sram.c **** 
 850:Drivers/STM32H7xx_HAL_Driver/Src/stm32h7xx_hal_sram.c ****   return status;
 851:Drivers/STM32H7xx_HAL_Driver/Src/stm32h7xx_hal_sram.c **** }
 852:Drivers/STM32H7xx_HAL_Driver/Src/stm32h7xx_hal_sram.c **** 
 853:Drivers/STM32H7xx_HAL_Driver/Src/stm32h7xx_hal_sram.c **** /**
 854:Drivers/STM32H7xx_HAL_Driver/Src/stm32h7xx_hal_sram.c ****   * @brief  Register a User SRAM Callback for DMA transfers
 855:Drivers/STM32H7xx_HAL_Driver/Src/stm32h7xx_hal_sram.c ****   *         To be used to override the weak predefined callback
 856:Drivers/STM32H7xx_HAL_Driver/Src/stm32h7xx_hal_sram.c ****   * @param hsram : SRAM handle
 857:Drivers/STM32H7xx_HAL_Driver/Src/stm32h7xx_hal_sram.c ****   * @param CallbackId : ID of the callback to be registered
 858:Drivers/STM32H7xx_HAL_Driver/Src/stm32h7xx_hal_sram.c ****   *        This parameter can be one of the following values:
 859:Drivers/STM32H7xx_HAL_Driver/Src/stm32h7xx_hal_sram.c ****   *          @arg @ref HAL_SRAM_DMA_XFER_CPLT_CB_ID  SRAM DMA Xfer Complete callback ID
 860:Drivers/STM32H7xx_HAL_Driver/Src/stm32h7xx_hal_sram.c ****   *          @arg @ref HAL_SRAM_DMA_XFER_ERR_CB_ID   SRAM DMA Xfer Error callback ID
 861:Drivers/STM32H7xx_HAL_Driver/Src/stm32h7xx_hal_sram.c ****   * @param pCallback : pointer to the Callback function
 862:Drivers/STM32H7xx_HAL_Driver/Src/stm32h7xx_hal_sram.c ****   * @retval status
 863:Drivers/STM32H7xx_HAL_Driver/Src/stm32h7xx_hal_sram.c ****   */
 864:Drivers/STM32H7xx_HAL_Driver/Src/stm32h7xx_hal_sram.c **** HAL_StatusTypeDef HAL_SRAM_RegisterDmaCallback(SRAM_HandleTypeDef *hsram, HAL_SRAM_CallbackIDTypeDe
 865:Drivers/STM32H7xx_HAL_Driver/Src/stm32h7xx_hal_sram.c ****                                                pSRAM_DmaCallbackTypeDef pCallback)
 866:Drivers/STM32H7xx_HAL_Driver/Src/stm32h7xx_hal_sram.c **** {
 867:Drivers/STM32H7xx_HAL_Driver/Src/stm32h7xx_hal_sram.c ****   HAL_StatusTypeDef status = HAL_OK;
 868:Drivers/STM32H7xx_HAL_Driver/Src/stm32h7xx_hal_sram.c ****   HAL_SRAM_StateTypeDef state;
ARM GAS  C:\Users\12491\AppData\Local\Temp\ccM8LxEj.s 			page 21


 869:Drivers/STM32H7xx_HAL_Driver/Src/stm32h7xx_hal_sram.c **** 
 870:Drivers/STM32H7xx_HAL_Driver/Src/stm32h7xx_hal_sram.c ****   if (pCallback == NULL)
 871:Drivers/STM32H7xx_HAL_Driver/Src/stm32h7xx_hal_sram.c ****   {
 872:Drivers/STM32H7xx_HAL_Driver/Src/stm32h7xx_hal_sram.c ****     return HAL_ERROR;
 873:Drivers/STM32H7xx_HAL_Driver/Src/stm32h7xx_hal_sram.c ****   }
 874:Drivers/STM32H7xx_HAL_Driver/Src/stm32h7xx_hal_sram.c **** 
 875:Drivers/STM32H7xx_HAL_Driver/Src/stm32h7xx_hal_sram.c ****   /* Process locked */
 876:Drivers/STM32H7xx_HAL_Driver/Src/stm32h7xx_hal_sram.c ****   __HAL_LOCK(hsram);
 877:Drivers/STM32H7xx_HAL_Driver/Src/stm32h7xx_hal_sram.c **** 
 878:Drivers/STM32H7xx_HAL_Driver/Src/stm32h7xx_hal_sram.c ****   state = hsram->State;
 879:Drivers/STM32H7xx_HAL_Driver/Src/stm32h7xx_hal_sram.c ****   if ((state == HAL_SRAM_STATE_READY) || (state == HAL_SRAM_STATE_PROTECTED))
 880:Drivers/STM32H7xx_HAL_Driver/Src/stm32h7xx_hal_sram.c ****   {
 881:Drivers/STM32H7xx_HAL_Driver/Src/stm32h7xx_hal_sram.c ****     switch (CallbackId)
 882:Drivers/STM32H7xx_HAL_Driver/Src/stm32h7xx_hal_sram.c ****     {
 883:Drivers/STM32H7xx_HAL_Driver/Src/stm32h7xx_hal_sram.c ****       case HAL_SRAM_DMA_XFER_CPLT_CB_ID :
 884:Drivers/STM32H7xx_HAL_Driver/Src/stm32h7xx_hal_sram.c ****         hsram->DmaXferCpltCallback = pCallback;
 885:Drivers/STM32H7xx_HAL_Driver/Src/stm32h7xx_hal_sram.c ****         break;
 886:Drivers/STM32H7xx_HAL_Driver/Src/stm32h7xx_hal_sram.c ****       case HAL_SRAM_DMA_XFER_ERR_CB_ID :
 887:Drivers/STM32H7xx_HAL_Driver/Src/stm32h7xx_hal_sram.c ****         hsram->DmaXferErrorCallback = pCallback;
 888:Drivers/STM32H7xx_HAL_Driver/Src/stm32h7xx_hal_sram.c ****         break;
 889:Drivers/STM32H7xx_HAL_Driver/Src/stm32h7xx_hal_sram.c ****       default :
 890:Drivers/STM32H7xx_HAL_Driver/Src/stm32h7xx_hal_sram.c ****         /* update return status */
 891:Drivers/STM32H7xx_HAL_Driver/Src/stm32h7xx_hal_sram.c ****         status =  HAL_ERROR;
 892:Drivers/STM32H7xx_HAL_Driver/Src/stm32h7xx_hal_sram.c ****         break;
 893:Drivers/STM32H7xx_HAL_Driver/Src/stm32h7xx_hal_sram.c ****     }
 894:Drivers/STM32H7xx_HAL_Driver/Src/stm32h7xx_hal_sram.c ****   }
 895:Drivers/STM32H7xx_HAL_Driver/Src/stm32h7xx_hal_sram.c ****   else
 896:Drivers/STM32H7xx_HAL_Driver/Src/stm32h7xx_hal_sram.c ****   {
 897:Drivers/STM32H7xx_HAL_Driver/Src/stm32h7xx_hal_sram.c ****     /* update return status */
 898:Drivers/STM32H7xx_HAL_Driver/Src/stm32h7xx_hal_sram.c ****     status =  HAL_ERROR;
 899:Drivers/STM32H7xx_HAL_Driver/Src/stm32h7xx_hal_sram.c ****   }
 900:Drivers/STM32H7xx_HAL_Driver/Src/stm32h7xx_hal_sram.c **** 
 901:Drivers/STM32H7xx_HAL_Driver/Src/stm32h7xx_hal_sram.c ****   /* Release Lock */
 902:Drivers/STM32H7xx_HAL_Driver/Src/stm32h7xx_hal_sram.c ****   __HAL_UNLOCK(hsram);
 903:Drivers/STM32H7xx_HAL_Driver/Src/stm32h7xx_hal_sram.c ****   return status;
 904:Drivers/STM32H7xx_HAL_Driver/Src/stm32h7xx_hal_sram.c **** }
 905:Drivers/STM32H7xx_HAL_Driver/Src/stm32h7xx_hal_sram.c **** #endif /* USE_HAL_SRAM_REGISTER_CALLBACKS */
 906:Drivers/STM32H7xx_HAL_Driver/Src/stm32h7xx_hal_sram.c **** 
 907:Drivers/STM32H7xx_HAL_Driver/Src/stm32h7xx_hal_sram.c **** /**
 908:Drivers/STM32H7xx_HAL_Driver/Src/stm32h7xx_hal_sram.c ****   * @}
 909:Drivers/STM32H7xx_HAL_Driver/Src/stm32h7xx_hal_sram.c ****   */
 910:Drivers/STM32H7xx_HAL_Driver/Src/stm32h7xx_hal_sram.c **** 
 911:Drivers/STM32H7xx_HAL_Driver/Src/stm32h7xx_hal_sram.c **** /** @defgroup SRAM_Exported_Functions_Group3 Control functions
 912:Drivers/STM32H7xx_HAL_Driver/Src/stm32h7xx_hal_sram.c ****   *  @brief   Control functions
 913:Drivers/STM32H7xx_HAL_Driver/Src/stm32h7xx_hal_sram.c ****   *
 914:Drivers/STM32H7xx_HAL_Driver/Src/stm32h7xx_hal_sram.c **** @verbatim
 915:Drivers/STM32H7xx_HAL_Driver/Src/stm32h7xx_hal_sram.c ****   ==============================================================================
 916:Drivers/STM32H7xx_HAL_Driver/Src/stm32h7xx_hal_sram.c ****                         ##### SRAM Control functions #####
 917:Drivers/STM32H7xx_HAL_Driver/Src/stm32h7xx_hal_sram.c ****   ==============================================================================
 918:Drivers/STM32H7xx_HAL_Driver/Src/stm32h7xx_hal_sram.c ****   [..]
 919:Drivers/STM32H7xx_HAL_Driver/Src/stm32h7xx_hal_sram.c ****     This subsection provides a set of functions allowing to control dynamically
 920:Drivers/STM32H7xx_HAL_Driver/Src/stm32h7xx_hal_sram.c ****     the SRAM interface.
 921:Drivers/STM32H7xx_HAL_Driver/Src/stm32h7xx_hal_sram.c **** 
 922:Drivers/STM32H7xx_HAL_Driver/Src/stm32h7xx_hal_sram.c **** @endverbatim
 923:Drivers/STM32H7xx_HAL_Driver/Src/stm32h7xx_hal_sram.c ****   * @{
 924:Drivers/STM32H7xx_HAL_Driver/Src/stm32h7xx_hal_sram.c ****   */
 925:Drivers/STM32H7xx_HAL_Driver/Src/stm32h7xx_hal_sram.c **** 
ARM GAS  C:\Users\12491\AppData\Local\Temp\ccM8LxEj.s 			page 22


 926:Drivers/STM32H7xx_HAL_Driver/Src/stm32h7xx_hal_sram.c **** /**
 927:Drivers/STM32H7xx_HAL_Driver/Src/stm32h7xx_hal_sram.c ****   * @brief  Enables dynamically SRAM write operation.
 928:Drivers/STM32H7xx_HAL_Driver/Src/stm32h7xx_hal_sram.c ****   * @param  hsram pointer to a SRAM_HandleTypeDef structure that contains
 929:Drivers/STM32H7xx_HAL_Driver/Src/stm32h7xx_hal_sram.c ****   *                the configuration information for SRAM module.
 930:Drivers/STM32H7xx_HAL_Driver/Src/stm32h7xx_hal_sram.c ****   * @retval HAL status
 931:Drivers/STM32H7xx_HAL_Driver/Src/stm32h7xx_hal_sram.c ****   */
 932:Drivers/STM32H7xx_HAL_Driver/Src/stm32h7xx_hal_sram.c **** HAL_StatusTypeDef HAL_SRAM_WriteOperation_Enable(SRAM_HandleTypeDef *hsram)
 933:Drivers/STM32H7xx_HAL_Driver/Src/stm32h7xx_hal_sram.c **** {
 934:Drivers/STM32H7xx_HAL_Driver/Src/stm32h7xx_hal_sram.c ****   /* Check the SRAM controller state */
 935:Drivers/STM32H7xx_HAL_Driver/Src/stm32h7xx_hal_sram.c ****   if (hsram->State == HAL_SRAM_STATE_PROTECTED)
 936:Drivers/STM32H7xx_HAL_Driver/Src/stm32h7xx_hal_sram.c ****   {
 937:Drivers/STM32H7xx_HAL_Driver/Src/stm32h7xx_hal_sram.c ****     /* Process Locked */
 938:Drivers/STM32H7xx_HAL_Driver/Src/stm32h7xx_hal_sram.c ****     __HAL_LOCK(hsram);
 939:Drivers/STM32H7xx_HAL_Driver/Src/stm32h7xx_hal_sram.c **** 
 940:Drivers/STM32H7xx_HAL_Driver/Src/stm32h7xx_hal_sram.c ****     /* Update the SRAM controller state */
 941:Drivers/STM32H7xx_HAL_Driver/Src/stm32h7xx_hal_sram.c ****     hsram->State = HAL_SRAM_STATE_BUSY;
 942:Drivers/STM32H7xx_HAL_Driver/Src/stm32h7xx_hal_sram.c **** 
 943:Drivers/STM32H7xx_HAL_Driver/Src/stm32h7xx_hal_sram.c ****     /* Enable write operation */
 944:Drivers/STM32H7xx_HAL_Driver/Src/stm32h7xx_hal_sram.c ****     (void)FMC_NORSRAM_WriteOperation_Enable(hsram->Instance, hsram->Init.NSBank);
 945:Drivers/STM32H7xx_HAL_Driver/Src/stm32h7xx_hal_sram.c **** 
 946:Drivers/STM32H7xx_HAL_Driver/Src/stm32h7xx_hal_sram.c ****     /* Update the SRAM controller state */
 947:Drivers/STM32H7xx_HAL_Driver/Src/stm32h7xx_hal_sram.c ****     hsram->State = HAL_SRAM_STATE_READY;
 948:Drivers/STM32H7xx_HAL_Driver/Src/stm32h7xx_hal_sram.c **** 
 949:Drivers/STM32H7xx_HAL_Driver/Src/stm32h7xx_hal_sram.c ****     /* Process unlocked */
 950:Drivers/STM32H7xx_HAL_Driver/Src/stm32h7xx_hal_sram.c ****     __HAL_UNLOCK(hsram);
 951:Drivers/STM32H7xx_HAL_Driver/Src/stm32h7xx_hal_sram.c ****   }
 952:Drivers/STM32H7xx_HAL_Driver/Src/stm32h7xx_hal_sram.c ****   else
 953:Drivers/STM32H7xx_HAL_Driver/Src/stm32h7xx_hal_sram.c ****   {
 954:Drivers/STM32H7xx_HAL_Driver/Src/stm32h7xx_hal_sram.c ****     return HAL_ERROR;
 955:Drivers/STM32H7xx_HAL_Driver/Src/stm32h7xx_hal_sram.c ****   }
 956:Drivers/STM32H7xx_HAL_Driver/Src/stm32h7xx_hal_sram.c **** 
 957:Drivers/STM32H7xx_HAL_Driver/Src/stm32h7xx_hal_sram.c ****   return HAL_OK;
 958:Drivers/STM32H7xx_HAL_Driver/Src/stm32h7xx_hal_sram.c **** }
 959:Drivers/STM32H7xx_HAL_Driver/Src/stm32h7xx_hal_sram.c **** 
 960:Drivers/STM32H7xx_HAL_Driver/Src/stm32h7xx_hal_sram.c **** /**
 961:Drivers/STM32H7xx_HAL_Driver/Src/stm32h7xx_hal_sram.c ****   * @brief  Disables dynamically SRAM write operation.
 962:Drivers/STM32H7xx_HAL_Driver/Src/stm32h7xx_hal_sram.c ****   * @param  hsram pointer to a SRAM_HandleTypeDef structure that contains
 963:Drivers/STM32H7xx_HAL_Driver/Src/stm32h7xx_hal_sram.c ****   *                the configuration information for SRAM module.
 964:Drivers/STM32H7xx_HAL_Driver/Src/stm32h7xx_hal_sram.c ****   * @retval HAL status
 965:Drivers/STM32H7xx_HAL_Driver/Src/stm32h7xx_hal_sram.c ****   */
 966:Drivers/STM32H7xx_HAL_Driver/Src/stm32h7xx_hal_sram.c **** HAL_StatusTypeDef HAL_SRAM_WriteOperation_Disable(SRAM_HandleTypeDef *hsram)
 967:Drivers/STM32H7xx_HAL_Driver/Src/stm32h7xx_hal_sram.c **** {
 968:Drivers/STM32H7xx_HAL_Driver/Src/stm32h7xx_hal_sram.c ****   /* Check the SRAM controller state */
 969:Drivers/STM32H7xx_HAL_Driver/Src/stm32h7xx_hal_sram.c ****   if (hsram->State == HAL_SRAM_STATE_READY)
 970:Drivers/STM32H7xx_HAL_Driver/Src/stm32h7xx_hal_sram.c ****   {
 971:Drivers/STM32H7xx_HAL_Driver/Src/stm32h7xx_hal_sram.c ****     /* Process Locked */
 972:Drivers/STM32H7xx_HAL_Driver/Src/stm32h7xx_hal_sram.c ****     __HAL_LOCK(hsram);
 973:Drivers/STM32H7xx_HAL_Driver/Src/stm32h7xx_hal_sram.c **** 
 974:Drivers/STM32H7xx_HAL_Driver/Src/stm32h7xx_hal_sram.c ****     /* Update the SRAM controller state */
 975:Drivers/STM32H7xx_HAL_Driver/Src/stm32h7xx_hal_sram.c ****     hsram->State = HAL_SRAM_STATE_BUSY;
 976:Drivers/STM32H7xx_HAL_Driver/Src/stm32h7xx_hal_sram.c **** 
 977:Drivers/STM32H7xx_HAL_Driver/Src/stm32h7xx_hal_sram.c ****     /* Disable write operation */
 978:Drivers/STM32H7xx_HAL_Driver/Src/stm32h7xx_hal_sram.c ****     (void)FMC_NORSRAM_WriteOperation_Disable(hsram->Instance, hsram->Init.NSBank);
 979:Drivers/STM32H7xx_HAL_Driver/Src/stm32h7xx_hal_sram.c **** 
 980:Drivers/STM32H7xx_HAL_Driver/Src/stm32h7xx_hal_sram.c ****     /* Update the SRAM controller state */
 981:Drivers/STM32H7xx_HAL_Driver/Src/stm32h7xx_hal_sram.c ****     hsram->State = HAL_SRAM_STATE_PROTECTED;
 982:Drivers/STM32H7xx_HAL_Driver/Src/stm32h7xx_hal_sram.c **** 
ARM GAS  C:\Users\12491\AppData\Local\Temp\ccM8LxEj.s 			page 23


 983:Drivers/STM32H7xx_HAL_Driver/Src/stm32h7xx_hal_sram.c ****     /* Process unlocked */
 984:Drivers/STM32H7xx_HAL_Driver/Src/stm32h7xx_hal_sram.c ****     __HAL_UNLOCK(hsram);
 985:Drivers/STM32H7xx_HAL_Driver/Src/stm32h7xx_hal_sram.c ****   }
 986:Drivers/STM32H7xx_HAL_Driver/Src/stm32h7xx_hal_sram.c ****   else
 987:Drivers/STM32H7xx_HAL_Driver/Src/stm32h7xx_hal_sram.c ****   {
 988:Drivers/STM32H7xx_HAL_Driver/Src/stm32h7xx_hal_sram.c ****     return HAL_ERROR;
 989:Drivers/STM32H7xx_HAL_Driver/Src/stm32h7xx_hal_sram.c ****   }
 990:Drivers/STM32H7xx_HAL_Driver/Src/stm32h7xx_hal_sram.c **** 
 991:Drivers/STM32H7xx_HAL_Driver/Src/stm32h7xx_hal_sram.c ****   return HAL_OK;
 992:Drivers/STM32H7xx_HAL_Driver/Src/stm32h7xx_hal_sram.c **** }
 993:Drivers/STM32H7xx_HAL_Driver/Src/stm32h7xx_hal_sram.c **** 
 994:Drivers/STM32H7xx_HAL_Driver/Src/stm32h7xx_hal_sram.c **** /**
 995:Drivers/STM32H7xx_HAL_Driver/Src/stm32h7xx_hal_sram.c ****   * @}
 996:Drivers/STM32H7xx_HAL_Driver/Src/stm32h7xx_hal_sram.c ****   */
 997:Drivers/STM32H7xx_HAL_Driver/Src/stm32h7xx_hal_sram.c **** 
 998:Drivers/STM32H7xx_HAL_Driver/Src/stm32h7xx_hal_sram.c **** /** @defgroup SRAM_Exported_Functions_Group4 Peripheral State functions
 999:Drivers/STM32H7xx_HAL_Driver/Src/stm32h7xx_hal_sram.c ****   *  @brief   Peripheral State functions
1000:Drivers/STM32H7xx_HAL_Driver/Src/stm32h7xx_hal_sram.c ****   *
1001:Drivers/STM32H7xx_HAL_Driver/Src/stm32h7xx_hal_sram.c **** @verbatim
1002:Drivers/STM32H7xx_HAL_Driver/Src/stm32h7xx_hal_sram.c ****   ==============================================================================
1003:Drivers/STM32H7xx_HAL_Driver/Src/stm32h7xx_hal_sram.c ****                       ##### SRAM State functions #####
1004:Drivers/STM32H7xx_HAL_Driver/Src/stm32h7xx_hal_sram.c ****   ==============================================================================
1005:Drivers/STM32H7xx_HAL_Driver/Src/stm32h7xx_hal_sram.c ****   [..]
1006:Drivers/STM32H7xx_HAL_Driver/Src/stm32h7xx_hal_sram.c ****     This subsection permits to get in run-time the status of the SRAM controller
1007:Drivers/STM32H7xx_HAL_Driver/Src/stm32h7xx_hal_sram.c ****     and the data flow.
1008:Drivers/STM32H7xx_HAL_Driver/Src/stm32h7xx_hal_sram.c **** 
1009:Drivers/STM32H7xx_HAL_Driver/Src/stm32h7xx_hal_sram.c **** @endverbatim
1010:Drivers/STM32H7xx_HAL_Driver/Src/stm32h7xx_hal_sram.c ****   * @{
1011:Drivers/STM32H7xx_HAL_Driver/Src/stm32h7xx_hal_sram.c ****   */
1012:Drivers/STM32H7xx_HAL_Driver/Src/stm32h7xx_hal_sram.c **** 
1013:Drivers/STM32H7xx_HAL_Driver/Src/stm32h7xx_hal_sram.c **** /**
1014:Drivers/STM32H7xx_HAL_Driver/Src/stm32h7xx_hal_sram.c ****   * @brief  Returns the SRAM controller state
1015:Drivers/STM32H7xx_HAL_Driver/Src/stm32h7xx_hal_sram.c ****   * @param  hsram pointer to a SRAM_HandleTypeDef structure that contains
1016:Drivers/STM32H7xx_HAL_Driver/Src/stm32h7xx_hal_sram.c ****   *                the configuration information for SRAM module.
1017:Drivers/STM32H7xx_HAL_Driver/Src/stm32h7xx_hal_sram.c ****   * @retval HAL state
1018:Drivers/STM32H7xx_HAL_Driver/Src/stm32h7xx_hal_sram.c ****   */
1019:Drivers/STM32H7xx_HAL_Driver/Src/stm32h7xx_hal_sram.c **** HAL_SRAM_StateTypeDef HAL_SRAM_GetState(const SRAM_HandleTypeDef *hsram)
1020:Drivers/STM32H7xx_HAL_Driver/Src/stm32h7xx_hal_sram.c **** {
1021:Drivers/STM32H7xx_HAL_Driver/Src/stm32h7xx_hal_sram.c ****   return hsram->State;
1022:Drivers/STM32H7xx_HAL_Driver/Src/stm32h7xx_hal_sram.c **** }
1023:Drivers/STM32H7xx_HAL_Driver/Src/stm32h7xx_hal_sram.c **** 
1024:Drivers/STM32H7xx_HAL_Driver/Src/stm32h7xx_hal_sram.c **** /**
1025:Drivers/STM32H7xx_HAL_Driver/Src/stm32h7xx_hal_sram.c ****   * @}
1026:Drivers/STM32H7xx_HAL_Driver/Src/stm32h7xx_hal_sram.c ****   */
1027:Drivers/STM32H7xx_HAL_Driver/Src/stm32h7xx_hal_sram.c **** 
1028:Drivers/STM32H7xx_HAL_Driver/Src/stm32h7xx_hal_sram.c **** /**
1029:Drivers/STM32H7xx_HAL_Driver/Src/stm32h7xx_hal_sram.c ****   * @}
1030:Drivers/STM32H7xx_HAL_Driver/Src/stm32h7xx_hal_sram.c ****   */
1031:Drivers/STM32H7xx_HAL_Driver/Src/stm32h7xx_hal_sram.c **** 
1032:Drivers/STM32H7xx_HAL_Driver/Src/stm32h7xx_hal_sram.c **** /** @addtogroup SRAM_Private_Functions SRAM Private Functions
1033:Drivers/STM32H7xx_HAL_Driver/Src/stm32h7xx_hal_sram.c ****   * @{
1034:Drivers/STM32H7xx_HAL_Driver/Src/stm32h7xx_hal_sram.c ****   */
1035:Drivers/STM32H7xx_HAL_Driver/Src/stm32h7xx_hal_sram.c **** 
1036:Drivers/STM32H7xx_HAL_Driver/Src/stm32h7xx_hal_sram.c **** /**
1037:Drivers/STM32H7xx_HAL_Driver/Src/stm32h7xx_hal_sram.c ****   * @brief  MDMA SRAM process complete callback.
1038:Drivers/STM32H7xx_HAL_Driver/Src/stm32h7xx_hal_sram.c ****   * @param  hmdma : MDMA handle
1039:Drivers/STM32H7xx_HAL_Driver/Src/stm32h7xx_hal_sram.c ****   * @retval None
ARM GAS  C:\Users\12491\AppData\Local\Temp\ccM8LxEj.s 			page 24


1040:Drivers/STM32H7xx_HAL_Driver/Src/stm32h7xx_hal_sram.c ****   */
1041:Drivers/STM32H7xx_HAL_Driver/Src/stm32h7xx_hal_sram.c **** static void SRAM_DMACplt(MDMA_HandleTypeDef *hmdma)
1042:Drivers/STM32H7xx_HAL_Driver/Src/stm32h7xx_hal_sram.c **** {
1043:Drivers/STM32H7xx_HAL_Driver/Src/stm32h7xx_hal_sram.c ****   /* Derogation MISRAC2012-Rule-11.5 */
1044:Drivers/STM32H7xx_HAL_Driver/Src/stm32h7xx_hal_sram.c ****   SRAM_HandleTypeDef *hsram = (SRAM_HandleTypeDef *)(hmdma->Parent);
1045:Drivers/STM32H7xx_HAL_Driver/Src/stm32h7xx_hal_sram.c **** 
1046:Drivers/STM32H7xx_HAL_Driver/Src/stm32h7xx_hal_sram.c ****   /* Disable the MDMA channel */
1047:Drivers/STM32H7xx_HAL_Driver/Src/stm32h7xx_hal_sram.c ****   __HAL_MDMA_DISABLE(hmdma);
1048:Drivers/STM32H7xx_HAL_Driver/Src/stm32h7xx_hal_sram.c **** 
1049:Drivers/STM32H7xx_HAL_Driver/Src/stm32h7xx_hal_sram.c ****   /* Update the SRAM controller state */
1050:Drivers/STM32H7xx_HAL_Driver/Src/stm32h7xx_hal_sram.c ****   hsram->State = HAL_SRAM_STATE_READY;
1051:Drivers/STM32H7xx_HAL_Driver/Src/stm32h7xx_hal_sram.c **** 
1052:Drivers/STM32H7xx_HAL_Driver/Src/stm32h7xx_hal_sram.c **** #if (USE_HAL_SRAM_REGISTER_CALLBACKS == 1)
1053:Drivers/STM32H7xx_HAL_Driver/Src/stm32h7xx_hal_sram.c ****   hsram->DmaXferCpltCallback(hmdma);
1054:Drivers/STM32H7xx_HAL_Driver/Src/stm32h7xx_hal_sram.c **** #else
1055:Drivers/STM32H7xx_HAL_Driver/Src/stm32h7xx_hal_sram.c ****   HAL_SRAM_DMA_XferCpltCallback(hmdma);
1056:Drivers/STM32H7xx_HAL_Driver/Src/stm32h7xx_hal_sram.c **** #endif /* USE_HAL_SRAM_REGISTER_CALLBACKS */
1057:Drivers/STM32H7xx_HAL_Driver/Src/stm32h7xx_hal_sram.c **** }
1058:Drivers/STM32H7xx_HAL_Driver/Src/stm32h7xx_hal_sram.c **** 
1059:Drivers/STM32H7xx_HAL_Driver/Src/stm32h7xx_hal_sram.c **** /**
1060:Drivers/STM32H7xx_HAL_Driver/Src/stm32h7xx_hal_sram.c ****   * @brief  MDMA SRAM process complete callback.
1061:Drivers/STM32H7xx_HAL_Driver/Src/stm32h7xx_hal_sram.c ****   * @param  hmdma : MDMA handle
1062:Drivers/STM32H7xx_HAL_Driver/Src/stm32h7xx_hal_sram.c ****   * @retval None
1063:Drivers/STM32H7xx_HAL_Driver/Src/stm32h7xx_hal_sram.c ****   */
1064:Drivers/STM32H7xx_HAL_Driver/Src/stm32h7xx_hal_sram.c **** static void SRAM_DMACpltProt(MDMA_HandleTypeDef *hmdma)
1065:Drivers/STM32H7xx_HAL_Driver/Src/stm32h7xx_hal_sram.c **** {
 244              		.loc 1 1065 1 is_stmt 1 view -0
 245              		.cfi_startproc
 246              		@ args = 0, pretend = 0, frame = 0
 247              		@ frame_needed = 0, uses_anonymous_args = 0
 248              		.loc 1 1065 1 is_stmt 0 view .LVU50
 249 0000 08B5     		push	{r3, lr}
 250              	.LCFI3:
 251              		.cfi_def_cfa_offset 8
 252              		.cfi_offset 3, -8
 253              		.cfi_offset 14, -4
1066:Drivers/STM32H7xx_HAL_Driver/Src/stm32h7xx_hal_sram.c ****   /* Derogation MISRAC2012-Rule-11.5 */
1067:Drivers/STM32H7xx_HAL_Driver/Src/stm32h7xx_hal_sram.c ****   SRAM_HandleTypeDef *hsram = (SRAM_HandleTypeDef *)(hmdma->Parent);
 254              		.loc 1 1067 3 is_stmt 1 view .LVU51
 255              		.loc 1 1067 23 is_stmt 0 view .LVU52
 256 0002 016C     		ldr	r1, [r0, #64]
 257              	.LVL16:
1068:Drivers/STM32H7xx_HAL_Driver/Src/stm32h7xx_hal_sram.c **** 
1069:Drivers/STM32H7xx_HAL_Driver/Src/stm32h7xx_hal_sram.c ****   /* Disable the MDMA channel */
1070:Drivers/STM32H7xx_HAL_Driver/Src/stm32h7xx_hal_sram.c ****   __HAL_MDMA_DISABLE(hmdma);
 258              		.loc 1 1070 3 is_stmt 1 view .LVU53
 259 0004 0268     		ldr	r2, [r0]
 260 0006 D368     		ldr	r3, [r2, #12]
 261 0008 23F00103 		bic	r3, r3, #1
 262 000c D360     		str	r3, [r2, #12]
1071:Drivers/STM32H7xx_HAL_Driver/Src/stm32h7xx_hal_sram.c **** 
1072:Drivers/STM32H7xx_HAL_Driver/Src/stm32h7xx_hal_sram.c ****   /* Update the SRAM controller state */
1073:Drivers/STM32H7xx_HAL_Driver/Src/stm32h7xx_hal_sram.c ****   hsram->State = HAL_SRAM_STATE_PROTECTED;
 263              		.loc 1 1073 3 view .LVU54
 264              		.loc 1 1073 16 is_stmt 0 view .LVU55
 265 000e 0423     		movs	r3, #4
 266 0010 81F84530 		strb	r3, [r1, #69]
ARM GAS  C:\Users\12491\AppData\Local\Temp\ccM8LxEj.s 			page 25


1074:Drivers/STM32H7xx_HAL_Driver/Src/stm32h7xx_hal_sram.c **** 
1075:Drivers/STM32H7xx_HAL_Driver/Src/stm32h7xx_hal_sram.c **** #if (USE_HAL_SRAM_REGISTER_CALLBACKS == 1)
1076:Drivers/STM32H7xx_HAL_Driver/Src/stm32h7xx_hal_sram.c ****   hsram->DmaXferCpltCallback(hmdma);
1077:Drivers/STM32H7xx_HAL_Driver/Src/stm32h7xx_hal_sram.c **** #else
1078:Drivers/STM32H7xx_HAL_Driver/Src/stm32h7xx_hal_sram.c ****   HAL_SRAM_DMA_XferCpltCallback(hmdma);
 267              		.loc 1 1078 3 is_stmt 1 view .LVU56
 268 0014 FFF7FEFF 		bl	HAL_SRAM_DMA_XferCpltCallback
 269              	.LVL17:
1079:Drivers/STM32H7xx_HAL_Driver/Src/stm32h7xx_hal_sram.c **** #endif /* USE_HAL_SRAM_REGISTER_CALLBACKS */
1080:Drivers/STM32H7xx_HAL_Driver/Src/stm32h7xx_hal_sram.c **** }
 270              		.loc 1 1080 1 is_stmt 0 view .LVU57
 271 0018 08BD     		pop	{r3, pc}
 272              		.cfi_endproc
 273              	.LFE162:
 275              		.section	.text.SRAM_DMACplt,"ax",%progbits
 276              		.align	1
 277              		.syntax unified
 278              		.thumb
 279              		.thumb_func
 281              	SRAM_DMACplt:
 282              	.LVL18:
 283              	.LFB161:
1042:Drivers/STM32H7xx_HAL_Driver/Src/stm32h7xx_hal_sram.c ****   /* Derogation MISRAC2012-Rule-11.5 */
 284              		.loc 1 1042 1 is_stmt 1 view -0
 285              		.cfi_startproc
 286              		@ args = 0, pretend = 0, frame = 0
 287              		@ frame_needed = 0, uses_anonymous_args = 0
1042:Drivers/STM32H7xx_HAL_Driver/Src/stm32h7xx_hal_sram.c ****   /* Derogation MISRAC2012-Rule-11.5 */
 288              		.loc 1 1042 1 is_stmt 0 view .LVU59
 289 0000 08B5     		push	{r3, lr}
 290              	.LCFI4:
 291              		.cfi_def_cfa_offset 8
 292              		.cfi_offset 3, -8
 293              		.cfi_offset 14, -4
1044:Drivers/STM32H7xx_HAL_Driver/Src/stm32h7xx_hal_sram.c **** 
 294              		.loc 1 1044 3 is_stmt 1 view .LVU60
1044:Drivers/STM32H7xx_HAL_Driver/Src/stm32h7xx_hal_sram.c **** 
 295              		.loc 1 1044 23 is_stmt 0 view .LVU61
 296 0002 016C     		ldr	r1, [r0, #64]
 297              	.LVL19:
1047:Drivers/STM32H7xx_HAL_Driver/Src/stm32h7xx_hal_sram.c **** 
 298              		.loc 1 1047 3 is_stmt 1 view .LVU62
 299 0004 0268     		ldr	r2, [r0]
 300 0006 D368     		ldr	r3, [r2, #12]
 301 0008 23F00103 		bic	r3, r3, #1
 302 000c D360     		str	r3, [r2, #12]
1050:Drivers/STM32H7xx_HAL_Driver/Src/stm32h7xx_hal_sram.c **** 
 303              		.loc 1 1050 3 view .LVU63
1050:Drivers/STM32H7xx_HAL_Driver/Src/stm32h7xx_hal_sram.c **** 
 304              		.loc 1 1050 16 is_stmt 0 view .LVU64
 305 000e 0123     		movs	r3, #1
 306 0010 81F84530 		strb	r3, [r1, #69]
1055:Drivers/STM32H7xx_HAL_Driver/Src/stm32h7xx_hal_sram.c **** #endif /* USE_HAL_SRAM_REGISTER_CALLBACKS */
 307              		.loc 1 1055 3 is_stmt 1 view .LVU65
 308 0014 FFF7FEFF 		bl	HAL_SRAM_DMA_XferCpltCallback
 309              	.LVL20:
1057:Drivers/STM32H7xx_HAL_Driver/Src/stm32h7xx_hal_sram.c **** 
ARM GAS  C:\Users\12491\AppData\Local\Temp\ccM8LxEj.s 			page 26


 310              		.loc 1 1057 1 is_stmt 0 view .LVU66
 311 0018 08BD     		pop	{r3, pc}
 312              		.cfi_endproc
 313              	.LFE161:
 315              		.section	.text.HAL_SRAM_DMA_XferErrorCallback,"ax",%progbits
 316              		.align	1
 317              		.weak	HAL_SRAM_DMA_XferErrorCallback
 318              		.syntax unified
 319              		.thumb
 320              		.thumb_func
 322              	HAL_SRAM_DMA_XferErrorCallback:
 323              	.LVL21:
 324              	.LFB149:
 313:Drivers/STM32H7xx_HAL_Driver/Src/stm32h7xx_hal_sram.c ****   /* Prevent unused argument(s) compilation warning */
 325              		.loc 1 313 1 is_stmt 1 view -0
 326              		.cfi_startproc
 327              		@ args = 0, pretend = 0, frame = 0
 328              		@ frame_needed = 0, uses_anonymous_args = 0
 329              		@ link register save eliminated.
 315:Drivers/STM32H7xx_HAL_Driver/Src/stm32h7xx_hal_sram.c **** 
 330              		.loc 1 315 3 view .LVU68
 320:Drivers/STM32H7xx_HAL_Driver/Src/stm32h7xx_hal_sram.c **** 
 331              		.loc 1 320 1 is_stmt 0 view .LVU69
 332 0000 7047     		bx	lr
 333              		.cfi_endproc
 334              	.LFE149:
 336              		.section	.text.SRAM_DMAError,"ax",%progbits
 337              		.align	1
 338              		.syntax unified
 339              		.thumb
 340              		.thumb_func
 342              	SRAM_DMAError:
 343              	.LVL22:
 344              	.LFB163:
1081:Drivers/STM32H7xx_HAL_Driver/Src/stm32h7xx_hal_sram.c **** 
1082:Drivers/STM32H7xx_HAL_Driver/Src/stm32h7xx_hal_sram.c **** /**
1083:Drivers/STM32H7xx_HAL_Driver/Src/stm32h7xx_hal_sram.c ****   * @brief  MDMA SRAM error callback.
1084:Drivers/STM32H7xx_HAL_Driver/Src/stm32h7xx_hal_sram.c ****   * @param  hmdma : MDMA handle
1085:Drivers/STM32H7xx_HAL_Driver/Src/stm32h7xx_hal_sram.c ****   * @retval None
1086:Drivers/STM32H7xx_HAL_Driver/Src/stm32h7xx_hal_sram.c ****   */
1087:Drivers/STM32H7xx_HAL_Driver/Src/stm32h7xx_hal_sram.c **** static void SRAM_DMAError(MDMA_HandleTypeDef *hmdma)
1088:Drivers/STM32H7xx_HAL_Driver/Src/stm32h7xx_hal_sram.c **** {
 345              		.loc 1 1088 1 is_stmt 1 view -0
 346              		.cfi_startproc
 347              		@ args = 0, pretend = 0, frame = 0
 348              		@ frame_needed = 0, uses_anonymous_args = 0
 349              		.loc 1 1088 1 is_stmt 0 view .LVU71
 350 0000 08B5     		push	{r3, lr}
 351              	.LCFI5:
 352              		.cfi_def_cfa_offset 8
 353              		.cfi_offset 3, -8
 354              		.cfi_offset 14, -4
1089:Drivers/STM32H7xx_HAL_Driver/Src/stm32h7xx_hal_sram.c ****   /* Derogation MISRAC2012-Rule-11.5 */
1090:Drivers/STM32H7xx_HAL_Driver/Src/stm32h7xx_hal_sram.c ****   SRAM_HandleTypeDef *hsram = (SRAM_HandleTypeDef *)(hmdma->Parent);
 355              		.loc 1 1090 3 is_stmt 1 view .LVU72
 356              		.loc 1 1090 23 is_stmt 0 view .LVU73
 357 0002 016C     		ldr	r1, [r0, #64]
ARM GAS  C:\Users\12491\AppData\Local\Temp\ccM8LxEj.s 			page 27


 358              	.LVL23:
1091:Drivers/STM32H7xx_HAL_Driver/Src/stm32h7xx_hal_sram.c **** 
1092:Drivers/STM32H7xx_HAL_Driver/Src/stm32h7xx_hal_sram.c ****   /* Disable the MDMA channel */
1093:Drivers/STM32H7xx_HAL_Driver/Src/stm32h7xx_hal_sram.c ****   __HAL_MDMA_DISABLE(hmdma);
 359              		.loc 1 1093 3 is_stmt 1 view .LVU74
 360 0004 0268     		ldr	r2, [r0]
 361 0006 D368     		ldr	r3, [r2, #12]
 362 0008 23F00103 		bic	r3, r3, #1
 363 000c D360     		str	r3, [r2, #12]
1094:Drivers/STM32H7xx_HAL_Driver/Src/stm32h7xx_hal_sram.c **** 
1095:Drivers/STM32H7xx_HAL_Driver/Src/stm32h7xx_hal_sram.c ****   /* Update the SRAM controller state */
1096:Drivers/STM32H7xx_HAL_Driver/Src/stm32h7xx_hal_sram.c ****   hsram->State = HAL_SRAM_STATE_ERROR;
 364              		.loc 1 1096 3 view .LVU75
 365              		.loc 1 1096 16 is_stmt 0 view .LVU76
 366 000e 0323     		movs	r3, #3
 367 0010 81F84530 		strb	r3, [r1, #69]
1097:Drivers/STM32H7xx_HAL_Driver/Src/stm32h7xx_hal_sram.c **** 
1098:Drivers/STM32H7xx_HAL_Driver/Src/stm32h7xx_hal_sram.c **** #if (USE_HAL_SRAM_REGISTER_CALLBACKS == 1)
1099:Drivers/STM32H7xx_HAL_Driver/Src/stm32h7xx_hal_sram.c ****   hsram->DmaXferErrorCallback(hmdma);
1100:Drivers/STM32H7xx_HAL_Driver/Src/stm32h7xx_hal_sram.c **** #else
1101:Drivers/STM32H7xx_HAL_Driver/Src/stm32h7xx_hal_sram.c ****   HAL_SRAM_DMA_XferErrorCallback(hmdma);
 368              		.loc 1 1101 3 is_stmt 1 view .LVU77
 369 0014 FFF7FEFF 		bl	HAL_SRAM_DMA_XferErrorCallback
 370              	.LVL24:
1102:Drivers/STM32H7xx_HAL_Driver/Src/stm32h7xx_hal_sram.c **** #endif /* USE_HAL_SRAM_REGISTER_CALLBACKS */
1103:Drivers/STM32H7xx_HAL_Driver/Src/stm32h7xx_hal_sram.c **** }
 371              		.loc 1 1103 1 is_stmt 0 view .LVU78
 372 0018 08BD     		pop	{r3, pc}
 373              		.cfi_endproc
 374              	.LFE163:
 376              		.section	.text.HAL_SRAM_Read_8b,"ax",%progbits
 377              		.align	1
 378              		.global	HAL_SRAM_Read_8b
 379              		.syntax unified
 380              		.thumb
 381              		.thumb_func
 383              	HAL_SRAM_Read_8b:
 384              	.LVL25:
 385              	.LFB150:
 351:Drivers/STM32H7xx_HAL_Driver/Src/stm32h7xx_hal_sram.c ****   uint32_t size;
 386              		.loc 1 351 1 is_stmt 1 view -0
 387              		.cfi_startproc
 388              		@ args = 0, pretend = 0, frame = 0
 389              		@ frame_needed = 0, uses_anonymous_args = 0
 351:Drivers/STM32H7xx_HAL_Driver/Src/stm32h7xx_hal_sram.c ****   uint32_t size;
 390              		.loc 1 351 1 is_stmt 0 view .LVU80
 391 0000 00B5     		push	{lr}
 392              	.LCFI6:
 393              		.cfi_def_cfa_offset 4
 394              		.cfi_offset 14, -4
 395 0002 8646     		mov	lr, r0
 352:Drivers/STM32H7xx_HAL_Driver/Src/stm32h7xx_hal_sram.c ****   __IO uint8_t *psramaddress = (uint8_t *)pAddress;
 396              		.loc 1 352 3 is_stmt 1 view .LVU81
 353:Drivers/STM32H7xx_HAL_Driver/Src/stm32h7xx_hal_sram.c ****   uint8_t *pdestbuff = pDstBuffer;
 397              		.loc 1 353 3 view .LVU82
 398              	.LVL26:
 354:Drivers/STM32H7xx_HAL_Driver/Src/stm32h7xx_hal_sram.c ****   HAL_SRAM_StateTypeDef state = hsram->State;
ARM GAS  C:\Users\12491\AppData\Local\Temp\ccM8LxEj.s 			page 28


 399              		.loc 1 354 3 view .LVU83
 355:Drivers/STM32H7xx_HAL_Driver/Src/stm32h7xx_hal_sram.c **** 
 400              		.loc 1 355 3 view .LVU84
 355:Drivers/STM32H7xx_HAL_Driver/Src/stm32h7xx_hal_sram.c **** 
 401              		.loc 1 355 25 is_stmt 0 view .LVU85
 402 0004 90F84500 		ldrb	r0, [r0, #69]	@ zero_extendqisi2
 403              	.LVL27:
 355:Drivers/STM32H7xx_HAL_Driver/Src/stm32h7xx_hal_sram.c **** 
 404              		.loc 1 355 25 view .LVU86
 405 0008 C0B2     		uxtb	r0, r0
 406              	.LVL28:
 358:Drivers/STM32H7xx_HAL_Driver/Src/stm32h7xx_hal_sram.c ****   {
 407              		.loc 1 358 3 is_stmt 1 view .LVU87
 358:Drivers/STM32H7xx_HAL_Driver/Src/stm32h7xx_hal_sram.c ****   {
 408              		.loc 1 358 6 is_stmt 0 view .LVU88
 409 000a 0428     		cmp	r0, #4
 410 000c 18BF     		it	ne
 411 000e 0128     		cmpne	r0, #1
 412 0010 1BD1     		bne	.L28
 361:Drivers/STM32H7xx_HAL_Driver/Src/stm32h7xx_hal_sram.c **** 
 413              		.loc 1 361 5 is_stmt 1 view .LVU89
 361:Drivers/STM32H7xx_HAL_Driver/Src/stm32h7xx_hal_sram.c **** 
 414              		.loc 1 361 5 view .LVU90
 415 0012 9EF844C0 		ldrb	ip, [lr, #68]	@ zero_extendqisi2
 416 0016 BCF1010F 		cmp	ip, #1
 417 001a 18D0     		beq	.L29
 361:Drivers/STM32H7xx_HAL_Driver/Src/stm32h7xx_hal_sram.c **** 
 418              		.loc 1 361 5 discriminator 2 view .LVU91
 419 001c 4FF0010C 		mov	ip, #1
 420 0020 8EF844C0 		strb	ip, [lr, #68]
 361:Drivers/STM32H7xx_HAL_Driver/Src/stm32h7xx_hal_sram.c **** 
 421              		.loc 1 361 5 discriminator 2 view .LVU92
 364:Drivers/STM32H7xx_HAL_Driver/Src/stm32h7xx_hal_sram.c **** 
 422              		.loc 1 364 5 view .LVU93
 364:Drivers/STM32H7xx_HAL_Driver/Src/stm32h7xx_hal_sram.c **** 
 423              		.loc 1 364 18 is_stmt 0 view .LVU94
 424 0024 4FF0020C 		mov	ip, #2
 425 0028 8EF845C0 		strb	ip, [lr, #69]
 367:Drivers/STM32H7xx_HAL_Driver/Src/stm32h7xx_hal_sram.c ****     {
 426              		.loc 1 367 5 is_stmt 1 view .LVU95
 427              	.LVL29:
 367:Drivers/STM32H7xx_HAL_Driver/Src/stm32h7xx_hal_sram.c ****     {
 428              		.loc 1 367 5 is_stmt 0 view .LVU96
 429 002c 04E0     		b	.L26
 430              	.LVL30:
 431              	.L27:
 369:Drivers/STM32H7xx_HAL_Driver/Src/stm32h7xx_hal_sram.c ****       pdestbuff++;
 432              		.loc 1 369 7 is_stmt 1 view .LVU97
 369:Drivers/STM32H7xx_HAL_Driver/Src/stm32h7xx_hal_sram.c ****       pdestbuff++;
 433              		.loc 1 369 20 is_stmt 0 view .LVU98
 434 002e 11F801CB 		ldrb	ip, [r1], #1	@ zero_extendqisi2
 435              	.LVL31:
 369:Drivers/STM32H7xx_HAL_Driver/Src/stm32h7xx_hal_sram.c ****       pdestbuff++;
 436              		.loc 1 369 18 view .LVU99
 437 0032 02F801CB 		strb	ip, [r2], #1
 438              	.LVL32:
 370:Drivers/STM32H7xx_HAL_Driver/Src/stm32h7xx_hal_sram.c ****       psramaddress++;
ARM GAS  C:\Users\12491\AppData\Local\Temp\ccM8LxEj.s 			page 29


 439              		.loc 1 370 7 is_stmt 1 view .LVU100
 371:Drivers/STM32H7xx_HAL_Driver/Src/stm32h7xx_hal_sram.c ****     }
 440              		.loc 1 371 7 view .LVU101
 367:Drivers/STM32H7xx_HAL_Driver/Src/stm32h7xx_hal_sram.c ****     {
 441              		.loc 1 367 45 discriminator 3 view .LVU102
 442 0036 013B     		subs	r3, r3, #1
 443              	.LVL33:
 444              	.L26:
 367:Drivers/STM32H7xx_HAL_Driver/Src/stm32h7xx_hal_sram.c ****     {
 445              		.loc 1 367 34 discriminator 1 view .LVU103
 446 0038 002B     		cmp	r3, #0
 447 003a F8D1     		bne	.L27
 375:Drivers/STM32H7xx_HAL_Driver/Src/stm32h7xx_hal_sram.c **** 
 448              		.loc 1 375 5 view .LVU104
 375:Drivers/STM32H7xx_HAL_Driver/Src/stm32h7xx_hal_sram.c **** 
 449              		.loc 1 375 18 is_stmt 0 view .LVU105
 450 003c 8EF84500 		strb	r0, [lr, #69]
 378:Drivers/STM32H7xx_HAL_Driver/Src/stm32h7xx_hal_sram.c ****   }
 451              		.loc 1 378 5 is_stmt 1 view .LVU106
 378:Drivers/STM32H7xx_HAL_Driver/Src/stm32h7xx_hal_sram.c ****   }
 452              		.loc 1 378 5 view .LVU107
 453 0040 0020     		movs	r0, #0
 454              	.LVL34:
 378:Drivers/STM32H7xx_HAL_Driver/Src/stm32h7xx_hal_sram.c ****   }
 455              		.loc 1 378 5 is_stmt 0 view .LVU108
 456 0042 8EF84400 		strb	r0, [lr, #68]
 378:Drivers/STM32H7xx_HAL_Driver/Src/stm32h7xx_hal_sram.c ****   }
 457              		.loc 1 378 5 is_stmt 1 view .LVU109
 385:Drivers/STM32H7xx_HAL_Driver/Src/stm32h7xx_hal_sram.c **** }
 458              		.loc 1 385 3 view .LVU110
 459              	.LVL35:
 460              	.L25:
 386:Drivers/STM32H7xx_HAL_Driver/Src/stm32h7xx_hal_sram.c **** 
 461              		.loc 1 386 1 is_stmt 0 view .LVU111
 462 0046 5DF804FB 		ldr	pc, [sp], #4
 463              	.LVL36:
 464              	.L28:
 382:Drivers/STM32H7xx_HAL_Driver/Src/stm32h7xx_hal_sram.c ****   }
 465              		.loc 1 382 12 view .LVU112
 466 004a 0120     		movs	r0, #1
 467              	.LVL37:
 382:Drivers/STM32H7xx_HAL_Driver/Src/stm32h7xx_hal_sram.c ****   }
 468              		.loc 1 382 12 view .LVU113
 469 004c FBE7     		b	.L25
 470              	.LVL38:
 471              	.L29:
 361:Drivers/STM32H7xx_HAL_Driver/Src/stm32h7xx_hal_sram.c **** 
 472              		.loc 1 361 5 discriminator 1 view .LVU114
 473 004e 0220     		movs	r0, #2
 474              	.LVL39:
 361:Drivers/STM32H7xx_HAL_Driver/Src/stm32h7xx_hal_sram.c **** 
 475              		.loc 1 361 5 discriminator 1 view .LVU115
 476 0050 F9E7     		b	.L25
 477              		.cfi_endproc
 478              	.LFE150:
 480              		.section	.text.HAL_SRAM_Write_8b,"ax",%progbits
 481              		.align	1
ARM GAS  C:\Users\12491\AppData\Local\Temp\ccM8LxEj.s 			page 30


 482              		.global	HAL_SRAM_Write_8b
 483              		.syntax unified
 484              		.thumb
 485              		.thumb_func
 487              	HAL_SRAM_Write_8b:
 488              	.LVL40:
 489              	.LFB151:
 399:Drivers/STM32H7xx_HAL_Driver/Src/stm32h7xx_hal_sram.c ****   uint32_t size;
 490              		.loc 1 399 1 is_stmt 1 view -0
 491              		.cfi_startproc
 492              		@ args = 0, pretend = 0, frame = 0
 493              		@ frame_needed = 0, uses_anonymous_args = 0
 494              		@ link register save eliminated.
 400:Drivers/STM32H7xx_HAL_Driver/Src/stm32h7xx_hal_sram.c ****   __IO uint8_t *psramaddress = (uint8_t *)pAddress;
 495              		.loc 1 400 3 view .LVU117
 401:Drivers/STM32H7xx_HAL_Driver/Src/stm32h7xx_hal_sram.c ****   uint8_t *psrcbuff = pSrcBuffer;
 496              		.loc 1 401 3 view .LVU118
 402:Drivers/STM32H7xx_HAL_Driver/Src/stm32h7xx_hal_sram.c **** 
 497              		.loc 1 402 3 view .LVU119
 405:Drivers/STM32H7xx_HAL_Driver/Src/stm32h7xx_hal_sram.c ****   {
 498              		.loc 1 405 3 view .LVU120
 405:Drivers/STM32H7xx_HAL_Driver/Src/stm32h7xx_hal_sram.c ****   {
 499              		.loc 1 405 12 is_stmt 0 view .LVU121
 500 0000 90F845C0 		ldrb	ip, [r0, #69]	@ zero_extendqisi2
 501 0004 5FFA8CFC 		uxtb	ip, ip
 405:Drivers/STM32H7xx_HAL_Driver/Src/stm32h7xx_hal_sram.c ****   {
 502              		.loc 1 405 6 view .LVU122
 503 0008 BCF1010F 		cmp	ip, #1
 504 000c 1CD1     		bne	.L35
 408:Drivers/STM32H7xx_HAL_Driver/Src/stm32h7xx_hal_sram.c **** 
 505              		.loc 1 408 5 is_stmt 1 view .LVU123
 408:Drivers/STM32H7xx_HAL_Driver/Src/stm32h7xx_hal_sram.c **** 
 506              		.loc 1 408 5 view .LVU124
 507 000e 90F844C0 		ldrb	ip, [r0, #68]	@ zero_extendqisi2
 508 0012 BCF1010F 		cmp	ip, #1
 509 0016 19D0     		beq	.L36
 408:Drivers/STM32H7xx_HAL_Driver/Src/stm32h7xx_hal_sram.c **** 
 510              		.loc 1 408 5 discriminator 2 view .LVU125
 511 0018 4FF0010C 		mov	ip, #1
 512 001c 80F844C0 		strb	ip, [r0, #68]
 408:Drivers/STM32H7xx_HAL_Driver/Src/stm32h7xx_hal_sram.c **** 
 513              		.loc 1 408 5 discriminator 2 view .LVU126
 411:Drivers/STM32H7xx_HAL_Driver/Src/stm32h7xx_hal_sram.c **** 
 514              		.loc 1 411 5 view .LVU127
 411:Drivers/STM32H7xx_HAL_Driver/Src/stm32h7xx_hal_sram.c **** 
 515              		.loc 1 411 18 is_stmt 0 view .LVU128
 516 0020 4FF0020C 		mov	ip, #2
 517 0024 80F845C0 		strb	ip, [r0, #69]
 414:Drivers/STM32H7xx_HAL_Driver/Src/stm32h7xx_hal_sram.c ****     {
 518              		.loc 1 414 5 is_stmt 1 view .LVU129
 519              	.LVL41:
 414:Drivers/STM32H7xx_HAL_Driver/Src/stm32h7xx_hal_sram.c ****     {
 520              		.loc 1 414 5 is_stmt 0 view .LVU130
 521 0028 04E0     		b	.L33
 522              	.LVL42:
 523              	.L34:
 416:Drivers/STM32H7xx_HAL_Driver/Src/stm32h7xx_hal_sram.c ****       psrcbuff++;
ARM GAS  C:\Users\12491\AppData\Local\Temp\ccM8LxEj.s 			page 31


 524              		.loc 1 416 7 is_stmt 1 view .LVU131
 416:Drivers/STM32H7xx_HAL_Driver/Src/stm32h7xx_hal_sram.c ****       psrcbuff++;
 525              		.loc 1 416 23 is_stmt 0 view .LVU132
 526 002a 12F801CB 		ldrb	ip, [r2], #1	@ zero_extendqisi2
 527              	.LVL43:
 416:Drivers/STM32H7xx_HAL_Driver/Src/stm32h7xx_hal_sram.c ****       psrcbuff++;
 528              		.loc 1 416 21 view .LVU133
 529 002e 01F801CB 		strb	ip, [r1], #1
 530              	.LVL44:
 417:Drivers/STM32H7xx_HAL_Driver/Src/stm32h7xx_hal_sram.c ****       psramaddress++;
 531              		.loc 1 417 7 is_stmt 1 view .LVU134
 418:Drivers/STM32H7xx_HAL_Driver/Src/stm32h7xx_hal_sram.c ****     }
 532              		.loc 1 418 7 view .LVU135
 414:Drivers/STM32H7xx_HAL_Driver/Src/stm32h7xx_hal_sram.c ****     {
 533              		.loc 1 414 45 discriminator 3 view .LVU136
 534 0032 013B     		subs	r3, r3, #1
 535              	.LVL45:
 536              	.L33:
 414:Drivers/STM32H7xx_HAL_Driver/Src/stm32h7xx_hal_sram.c ****     {
 537              		.loc 1 414 34 discriminator 1 view .LVU137
 538 0034 002B     		cmp	r3, #0
 539 0036 F8D1     		bne	.L34
 422:Drivers/STM32H7xx_HAL_Driver/Src/stm32h7xx_hal_sram.c **** 
 540              		.loc 1 422 5 view .LVU138
 422:Drivers/STM32H7xx_HAL_Driver/Src/stm32h7xx_hal_sram.c **** 
 541              		.loc 1 422 18 is_stmt 0 view .LVU139
 542 0038 0123     		movs	r3, #1
 543              	.LVL46:
 422:Drivers/STM32H7xx_HAL_Driver/Src/stm32h7xx_hal_sram.c **** 
 544              		.loc 1 422 18 view .LVU140
 545 003a 80F84530 		strb	r3, [r0, #69]
 425:Drivers/STM32H7xx_HAL_Driver/Src/stm32h7xx_hal_sram.c ****   }
 546              		.loc 1 425 5 is_stmt 1 view .LVU141
 425:Drivers/STM32H7xx_HAL_Driver/Src/stm32h7xx_hal_sram.c ****   }
 547              		.loc 1 425 5 view .LVU142
 548 003e 0023     		movs	r3, #0
 549 0040 80F84430 		strb	r3, [r0, #68]
 425:Drivers/STM32H7xx_HAL_Driver/Src/stm32h7xx_hal_sram.c ****   }
 550              		.loc 1 425 5 view .LVU143
 432:Drivers/STM32H7xx_HAL_Driver/Src/stm32h7xx_hal_sram.c **** }
 551              		.loc 1 432 3 view .LVU144
 432:Drivers/STM32H7xx_HAL_Driver/Src/stm32h7xx_hal_sram.c **** }
 552              		.loc 1 432 10 is_stmt 0 view .LVU145
 553 0044 1846     		mov	r0, r3
 554              	.LVL47:
 432:Drivers/STM32H7xx_HAL_Driver/Src/stm32h7xx_hal_sram.c **** }
 555              		.loc 1 432 10 view .LVU146
 556 0046 7047     		bx	lr
 557              	.LVL48:
 558              	.L35:
 429:Drivers/STM32H7xx_HAL_Driver/Src/stm32h7xx_hal_sram.c ****   }
 559              		.loc 1 429 12 view .LVU147
 560 0048 0120     		movs	r0, #1
 561              	.LVL49:
 429:Drivers/STM32H7xx_HAL_Driver/Src/stm32h7xx_hal_sram.c ****   }
 562              		.loc 1 429 12 view .LVU148
 563 004a 7047     		bx	lr
ARM GAS  C:\Users\12491\AppData\Local\Temp\ccM8LxEj.s 			page 32


 564              	.LVL50:
 565              	.L36:
 408:Drivers/STM32H7xx_HAL_Driver/Src/stm32h7xx_hal_sram.c **** 
 566              		.loc 1 408 5 discriminator 1 view .LVU149
 567 004c 0220     		movs	r0, #2
 568              	.LVL51:
 433:Drivers/STM32H7xx_HAL_Driver/Src/stm32h7xx_hal_sram.c **** 
 569              		.loc 1 433 1 view .LVU150
 570 004e 7047     		bx	lr
 571              		.cfi_endproc
 572              	.LFE151:
 574              		.section	.text.HAL_SRAM_Read_16b,"ax",%progbits
 575              		.align	1
 576              		.global	HAL_SRAM_Read_16b
 577              		.syntax unified
 578              		.thumb
 579              		.thumb_func
 581              	HAL_SRAM_Read_16b:
 582              	.LVL52:
 583              	.LFB152:
 446:Drivers/STM32H7xx_HAL_Driver/Src/stm32h7xx_hal_sram.c ****   uint32_t size;
 584              		.loc 1 446 1 is_stmt 1 view -0
 585              		.cfi_startproc
 586              		@ args = 0, pretend = 0, frame = 0
 587              		@ frame_needed = 0, uses_anonymous_args = 0
 446:Drivers/STM32H7xx_HAL_Driver/Src/stm32h7xx_hal_sram.c ****   uint32_t size;
 588              		.loc 1 446 1 is_stmt 0 view .LVU152
 589 0000 30B5     		push	{r4, r5, lr}
 590              	.LCFI7:
 591              		.cfi_def_cfa_offset 12
 592              		.cfi_offset 4, -12
 593              		.cfi_offset 5, -8
 594              		.cfi_offset 14, -4
 447:Drivers/STM32H7xx_HAL_Driver/Src/stm32h7xx_hal_sram.c ****   __IO uint32_t *psramaddress = pAddress;
 595              		.loc 1 447 3 is_stmt 1 view .LVU153
 448:Drivers/STM32H7xx_HAL_Driver/Src/stm32h7xx_hal_sram.c ****   uint16_t *pdestbuff = pDstBuffer;
 596              		.loc 1 448 3 view .LVU154
 597              	.LVL53:
 449:Drivers/STM32H7xx_HAL_Driver/Src/stm32h7xx_hal_sram.c ****   uint8_t limit;
 598              		.loc 1 449 3 view .LVU155
 450:Drivers/STM32H7xx_HAL_Driver/Src/stm32h7xx_hal_sram.c ****   HAL_SRAM_StateTypeDef state = hsram->State;
 599              		.loc 1 450 3 view .LVU156
 451:Drivers/STM32H7xx_HAL_Driver/Src/stm32h7xx_hal_sram.c **** 
 600              		.loc 1 451 3 view .LVU157
 451:Drivers/STM32H7xx_HAL_Driver/Src/stm32h7xx_hal_sram.c **** 
 601              		.loc 1 451 25 is_stmt 0 view .LVU158
 602 0002 90F84550 		ldrb	r5, [r0, #69]	@ zero_extendqisi2
 603 0006 EDB2     		uxtb	r5, r5
 604              	.LVL54:
 454:Drivers/STM32H7xx_HAL_Driver/Src/stm32h7xx_hal_sram.c ****   {
 605              		.loc 1 454 3 is_stmt 1 view .LVU159
 454:Drivers/STM32H7xx_HAL_Driver/Src/stm32h7xx_hal_sram.c ****   {
 606              		.loc 1 454 6 is_stmt 0 view .LVU160
 607 0008 042D     		cmp	r5, #4
 608 000a 18BF     		it	ne
 609 000c 012D     		cmpne	r5, #1
 610 000e 22D1     		bne	.L42
ARM GAS  C:\Users\12491\AppData\Local\Temp\ccM8LxEj.s 			page 33


 611 0010 8646     		mov	lr, r0
 457:Drivers/STM32H7xx_HAL_Driver/Src/stm32h7xx_hal_sram.c **** 
 612              		.loc 1 457 5 is_stmt 1 view .LVU161
 457:Drivers/STM32H7xx_HAL_Driver/Src/stm32h7xx_hal_sram.c **** 
 613              		.loc 1 457 5 view .LVU162
 614 0012 90F84400 		ldrb	r0, [r0, #68]	@ zero_extendqisi2
 615              	.LVL55:
 457:Drivers/STM32H7xx_HAL_Driver/Src/stm32h7xx_hal_sram.c **** 
 616              		.loc 1 457 5 is_stmt 0 view .LVU163
 617 0016 0128     		cmp	r0, #1
 618 0018 1FD0     		beq	.L43
 457:Drivers/STM32H7xx_HAL_Driver/Src/stm32h7xx_hal_sram.c **** 
 619              		.loc 1 457 5 is_stmt 1 discriminator 2 view .LVU164
 620 001a 0120     		movs	r0, #1
 621 001c 8EF84400 		strb	r0, [lr, #68]
 457:Drivers/STM32H7xx_HAL_Driver/Src/stm32h7xx_hal_sram.c **** 
 622              		.loc 1 457 5 discriminator 2 view .LVU165
 460:Drivers/STM32H7xx_HAL_Driver/Src/stm32h7xx_hal_sram.c **** 
 623              		.loc 1 460 5 view .LVU166
 460:Drivers/STM32H7xx_HAL_Driver/Src/stm32h7xx_hal_sram.c **** 
 624              		.loc 1 460 18 is_stmt 0 view .LVU167
 625 0020 0220     		movs	r0, #2
 626 0022 8EF84500 		strb	r0, [lr, #69]
 463:Drivers/STM32H7xx_HAL_Driver/Src/stm32h7xx_hal_sram.c **** 
 627              		.loc 1 463 5 is_stmt 1 view .LVU168
 463:Drivers/STM32H7xx_HAL_Driver/Src/stm32h7xx_hal_sram.c **** 
 628              		.loc 1 463 11 is_stmt 0 view .LVU169
 629 0026 03F00100 		and	r0, r3, #1
 630              	.LVL56:
 466:Drivers/STM32H7xx_HAL_Driver/Src/stm32h7xx_hal_sram.c ****     {
 631              		.loc 1 466 5 is_stmt 1 view .LVU170
 466:Drivers/STM32H7xx_HAL_Driver/Src/stm32h7xx_hal_sram.c ****     {
 632              		.loc 1 466 5 is_stmt 0 view .LVU171
 633 002a 09E0     		b	.L39
 634              	.LVL57:
 635              	.L40:
 468:Drivers/STM32H7xx_HAL_Driver/Src/stm32h7xx_hal_sram.c ****       pdestbuff++;
 636              		.loc 1 468 7 is_stmt 1 view .LVU172
 468:Drivers/STM32H7xx_HAL_Driver/Src/stm32h7xx_hal_sram.c ****       pdestbuff++;
 637              		.loc 1 468 32 is_stmt 0 view .LVU173
 638 002c 0C68     		ldr	r4, [r1]
 468:Drivers/STM32H7xx_HAL_Driver/Src/stm32h7xx_hal_sram.c ****       pdestbuff++;
 639              		.loc 1 468 18 view .LVU174
 640 002e 1480     		strh	r4, [r2]	@ movhi
 469:Drivers/STM32H7xx_HAL_Driver/Src/stm32h7xx_hal_sram.c ****       *pdestbuff = (uint16_t)(((*psramaddress) & 0xFFFF0000U) >> 16U);
 641              		.loc 1 469 7 is_stmt 1 view .LVU175
 642              	.LVL58:
 470:Drivers/STM32H7xx_HAL_Driver/Src/stm32h7xx_hal_sram.c ****       pdestbuff++;
 643              		.loc 1 470 7 view .LVU176
 470:Drivers/STM32H7xx_HAL_Driver/Src/stm32h7xx_hal_sram.c ****       pdestbuff++;
 644              		.loc 1 470 33 is_stmt 0 view .LVU177
 645 0030 51F8044B 		ldr	r4, [r1], #4
 646              	.LVL59:
 470:Drivers/STM32H7xx_HAL_Driver/Src/stm32h7xx_hal_sram.c ****       pdestbuff++;
 647              		.loc 1 470 20 view .LVU178
 648 0034 4FEA144C 		lsr	ip, r4, #16
 470:Drivers/STM32H7xx_HAL_Driver/Src/stm32h7xx_hal_sram.c ****       pdestbuff++;
ARM GAS  C:\Users\12491\AppData\Local\Temp\ccM8LxEj.s 			page 34


 649              		.loc 1 470 18 view .LVU179
 650 0038 A2F802C0 		strh	ip, [r2, #2]	@ movhi
 471:Drivers/STM32H7xx_HAL_Driver/Src/stm32h7xx_hal_sram.c ****       psramaddress++;
 651              		.loc 1 471 7 is_stmt 1 view .LVU180
 471:Drivers/STM32H7xx_HAL_Driver/Src/stm32h7xx_hal_sram.c ****       psramaddress++;
 652              		.loc 1 471 16 is_stmt 0 view .LVU181
 653 003c 0432     		adds	r2, r2, #4
 654              	.LVL60:
 472:Drivers/STM32H7xx_HAL_Driver/Src/stm32h7xx_hal_sram.c ****     }
 655              		.loc 1 472 7 is_stmt 1 view .LVU182
 466:Drivers/STM32H7xx_HAL_Driver/Src/stm32h7xx_hal_sram.c ****     {
 656              		.loc 1 466 49 discriminator 3 view .LVU183
 657 003e 023B     		subs	r3, r3, #2
 658              	.LVL61:
 659              	.L39:
 466:Drivers/STM32H7xx_HAL_Driver/Src/stm32h7xx_hal_sram.c ****     {
 660              		.loc 1 466 34 discriminator 1 view .LVU184
 661 0040 9842     		cmp	r0, r3
 662 0042 F3D1     		bne	.L40
 476:Drivers/STM32H7xx_HAL_Driver/Src/stm32h7xx_hal_sram.c ****     {
 663              		.loc 1 476 5 view .LVU185
 476:Drivers/STM32H7xx_HAL_Driver/Src/stm32h7xx_hal_sram.c ****     {
 664              		.loc 1 476 8 is_stmt 0 view .LVU186
 665 0044 08B1     		cbz	r0, .L41
 478:Drivers/STM32H7xx_HAL_Driver/Src/stm32h7xx_hal_sram.c ****     }
 666              		.loc 1 478 7 is_stmt 1 view .LVU187
 478:Drivers/STM32H7xx_HAL_Driver/Src/stm32h7xx_hal_sram.c ****     }
 667              		.loc 1 478 32 is_stmt 0 view .LVU188
 668 0046 0B68     		ldr	r3, [r1]
 669              	.LVL62:
 478:Drivers/STM32H7xx_HAL_Driver/Src/stm32h7xx_hal_sram.c ****     }
 670              		.loc 1 478 18 view .LVU189
 671 0048 1380     		strh	r3, [r2]	@ movhi
 672              	.L41:
 482:Drivers/STM32H7xx_HAL_Driver/Src/stm32h7xx_hal_sram.c **** 
 673              		.loc 1 482 5 is_stmt 1 view .LVU190
 482:Drivers/STM32H7xx_HAL_Driver/Src/stm32h7xx_hal_sram.c **** 
 674              		.loc 1 482 18 is_stmt 0 view .LVU191
 675 004a 8EF84550 		strb	r5, [lr, #69]
 485:Drivers/STM32H7xx_HAL_Driver/Src/stm32h7xx_hal_sram.c ****   }
 676              		.loc 1 485 5 is_stmt 1 view .LVU192
 485:Drivers/STM32H7xx_HAL_Driver/Src/stm32h7xx_hal_sram.c ****   }
 677              		.loc 1 485 5 view .LVU193
 678 004e 0020     		movs	r0, #0
 679              	.LVL63:
 485:Drivers/STM32H7xx_HAL_Driver/Src/stm32h7xx_hal_sram.c ****   }
 680              		.loc 1 485 5 is_stmt 0 view .LVU194
 681 0050 8EF84400 		strb	r0, [lr, #68]
 485:Drivers/STM32H7xx_HAL_Driver/Src/stm32h7xx_hal_sram.c ****   }
 682              		.loc 1 485 5 is_stmt 1 view .LVU195
 492:Drivers/STM32H7xx_HAL_Driver/Src/stm32h7xx_hal_sram.c **** }
 683              		.loc 1 492 3 view .LVU196
 684              	.LVL64:
 685              	.L38:
 493:Drivers/STM32H7xx_HAL_Driver/Src/stm32h7xx_hal_sram.c **** 
 686              		.loc 1 493 1 is_stmt 0 view .LVU197
 687 0054 30BD     		pop	{r4, r5, pc}
ARM GAS  C:\Users\12491\AppData\Local\Temp\ccM8LxEj.s 			page 35


 688              	.LVL65:
 689              	.L42:
 489:Drivers/STM32H7xx_HAL_Driver/Src/stm32h7xx_hal_sram.c ****   }
 690              		.loc 1 489 12 view .LVU198
 691 0056 0120     		movs	r0, #1
 692              	.LVL66:
 489:Drivers/STM32H7xx_HAL_Driver/Src/stm32h7xx_hal_sram.c ****   }
 693              		.loc 1 489 12 view .LVU199
 694 0058 FCE7     		b	.L38
 695              	.LVL67:
 696              	.L43:
 457:Drivers/STM32H7xx_HAL_Driver/Src/stm32h7xx_hal_sram.c **** 
 697              		.loc 1 457 5 discriminator 1 view .LVU200
 698 005a 0220     		movs	r0, #2
 699 005c FAE7     		b	.L38
 700              		.cfi_endproc
 701              	.LFE152:
 703              		.section	.text.HAL_SRAM_Write_16b,"ax",%progbits
 704              		.align	1
 705              		.global	HAL_SRAM_Write_16b
 706              		.syntax unified
 707              		.thumb
 708              		.thumb_func
 710              	HAL_SRAM_Write_16b:
 711              	.LVL68:
 712              	.LFB153:
 506:Drivers/STM32H7xx_HAL_Driver/Src/stm32h7xx_hal_sram.c ****   uint32_t size;
 713              		.loc 1 506 1 is_stmt 1 view -0
 714              		.cfi_startproc
 715              		@ args = 0, pretend = 0, frame = 0
 716              		@ frame_needed = 0, uses_anonymous_args = 0
 717              		@ link register save eliminated.
 506:Drivers/STM32H7xx_HAL_Driver/Src/stm32h7xx_hal_sram.c ****   uint32_t size;
 718              		.loc 1 506 1 is_stmt 0 view .LVU202
 719 0000 30B4     		push	{r4, r5}
 720              	.LCFI8:
 721              		.cfi_def_cfa_offset 8
 722              		.cfi_offset 4, -8
 723              		.cfi_offset 5, -4
 507:Drivers/STM32H7xx_HAL_Driver/Src/stm32h7xx_hal_sram.c ****   __IO uint32_t *psramaddress = pAddress;
 724              		.loc 1 507 3 is_stmt 1 view .LVU203
 508:Drivers/STM32H7xx_HAL_Driver/Src/stm32h7xx_hal_sram.c ****   uint16_t *psrcbuff = pSrcBuffer;
 725              		.loc 1 508 3 view .LVU204
 726              	.LVL69:
 509:Drivers/STM32H7xx_HAL_Driver/Src/stm32h7xx_hal_sram.c ****   uint8_t limit;
 727              		.loc 1 509 3 view .LVU205
 510:Drivers/STM32H7xx_HAL_Driver/Src/stm32h7xx_hal_sram.c **** 
 728              		.loc 1 510 3 view .LVU206
 513:Drivers/STM32H7xx_HAL_Driver/Src/stm32h7xx_hal_sram.c ****   {
 729              		.loc 1 513 3 view .LVU207
 513:Drivers/STM32H7xx_HAL_Driver/Src/stm32h7xx_hal_sram.c ****   {
 730              		.loc 1 513 12 is_stmt 0 view .LVU208
 731 0002 90F84540 		ldrb	r4, [r0, #69]	@ zero_extendqisi2
 732 0006 E4B2     		uxtb	r4, r4
 513:Drivers/STM32H7xx_HAL_Driver/Src/stm32h7xx_hal_sram.c ****   {
 733              		.loc 1 513 6 view .LVU209
 734 0008 012C     		cmp	r4, #1
ARM GAS  C:\Users\12491\AppData\Local\Temp\ccM8LxEj.s 			page 36


 735 000a 28D1     		bne	.L50
 516:Drivers/STM32H7xx_HAL_Driver/Src/stm32h7xx_hal_sram.c **** 
 736              		.loc 1 516 5 is_stmt 1 view .LVU210
 516:Drivers/STM32H7xx_HAL_Driver/Src/stm32h7xx_hal_sram.c **** 
 737              		.loc 1 516 5 view .LVU211
 738 000c 90F84440 		ldrb	r4, [r0, #68]	@ zero_extendqisi2
 739 0010 012C     		cmp	r4, #1
 740 0012 27D0     		beq	.L51
 516:Drivers/STM32H7xx_HAL_Driver/Src/stm32h7xx_hal_sram.c **** 
 741              		.loc 1 516 5 discriminator 2 view .LVU212
 742 0014 0124     		movs	r4, #1
 743 0016 80F84440 		strb	r4, [r0, #68]
 516:Drivers/STM32H7xx_HAL_Driver/Src/stm32h7xx_hal_sram.c **** 
 744              		.loc 1 516 5 discriminator 2 view .LVU213
 519:Drivers/STM32H7xx_HAL_Driver/Src/stm32h7xx_hal_sram.c **** 
 745              		.loc 1 519 5 view .LVU214
 519:Drivers/STM32H7xx_HAL_Driver/Src/stm32h7xx_hal_sram.c **** 
 746              		.loc 1 519 18 is_stmt 0 view .LVU215
 747 001a 0224     		movs	r4, #2
 748 001c 80F84540 		strb	r4, [r0, #69]
 522:Drivers/STM32H7xx_HAL_Driver/Src/stm32h7xx_hal_sram.c **** 
 749              		.loc 1 522 5 is_stmt 1 view .LVU216
 522:Drivers/STM32H7xx_HAL_Driver/Src/stm32h7xx_hal_sram.c **** 
 750              		.loc 1 522 11 is_stmt 0 view .LVU217
 751 0020 03F00105 		and	r5, r3, #1
 752              	.LVL70:
 525:Drivers/STM32H7xx_HAL_Driver/Src/stm32h7xx_hal_sram.c ****     {
 753              		.loc 1 525 5 is_stmt 1 view .LVU218
 525:Drivers/STM32H7xx_HAL_Driver/Src/stm32h7xx_hal_sram.c ****     {
 754              		.loc 1 525 5 is_stmt 0 view .LVU219
 755 0024 0AE0     		b	.L47
 756              	.LVL71:
 757              	.L48:
 527:Drivers/STM32H7xx_HAL_Driver/Src/stm32h7xx_hal_sram.c ****       psrcbuff++;
 758              		.loc 1 527 7 is_stmt 1 view .LVU220
 527:Drivers/STM32H7xx_HAL_Driver/Src/stm32h7xx_hal_sram.c ****       psrcbuff++;
 759              		.loc 1 527 34 is_stmt 0 view .LVU221
 760 0026 1488     		ldrh	r4, [r2]
 527:Drivers/STM32H7xx_HAL_Driver/Src/stm32h7xx_hal_sram.c ****       psrcbuff++;
 761              		.loc 1 527 21 view .LVU222
 762 0028 0C60     		str	r4, [r1]
 528:Drivers/STM32H7xx_HAL_Driver/Src/stm32h7xx_hal_sram.c ****       *psramaddress |= ((uint32_t)(*psrcbuff) << 16U);
 763              		.loc 1 528 7 is_stmt 1 view .LVU223
 764              	.LVL72:
 529:Drivers/STM32H7xx_HAL_Driver/Src/stm32h7xx_hal_sram.c ****       psrcbuff++;
 765              		.loc 1 529 7 view .LVU224
 766 002a 0C68     		ldr	r4, [r1]
 529:Drivers/STM32H7xx_HAL_Driver/Src/stm32h7xx_hal_sram.c ****       psrcbuff++;
 767              		.loc 1 529 36 is_stmt 0 view .LVU225
 768 002c B2F802C0 		ldrh	ip, [r2, #2]
 529:Drivers/STM32H7xx_HAL_Driver/Src/stm32h7xx_hal_sram.c ****       psrcbuff++;
 769              		.loc 1 529 21 view .LVU226
 770 0030 44EA0C44 		orr	r4, r4, ip, lsl #16
 771 0034 41F8044B 		str	r4, [r1], #4
 772              	.LVL73:
 530:Drivers/STM32H7xx_HAL_Driver/Src/stm32h7xx_hal_sram.c ****       psramaddress++;
 773              		.loc 1 530 7 is_stmt 1 view .LVU227
ARM GAS  C:\Users\12491\AppData\Local\Temp\ccM8LxEj.s 			page 37


 530:Drivers/STM32H7xx_HAL_Driver/Src/stm32h7xx_hal_sram.c ****       psramaddress++;
 774              		.loc 1 530 15 is_stmt 0 view .LVU228
 775 0038 0432     		adds	r2, r2, #4
 776              	.LVL74:
 531:Drivers/STM32H7xx_HAL_Driver/Src/stm32h7xx_hal_sram.c ****     }
 777              		.loc 1 531 7 is_stmt 1 view .LVU229
 525:Drivers/STM32H7xx_HAL_Driver/Src/stm32h7xx_hal_sram.c ****     {
 778              		.loc 1 525 49 discriminator 3 view .LVU230
 779 003a 023B     		subs	r3, r3, #2
 780              	.LVL75:
 781              	.L47:
 525:Drivers/STM32H7xx_HAL_Driver/Src/stm32h7xx_hal_sram.c ****     {
 782              		.loc 1 525 34 discriminator 1 view .LVU231
 783 003c 9D42     		cmp	r5, r3
 784 003e F2D1     		bne	.L48
 535:Drivers/STM32H7xx_HAL_Driver/Src/stm32h7xx_hal_sram.c ****     {
 785              		.loc 1 535 5 view .LVU232
 535:Drivers/STM32H7xx_HAL_Driver/Src/stm32h7xx_hal_sram.c ****     {
 786              		.loc 1 535 8 is_stmt 0 view .LVU233
 787 0040 2DB1     		cbz	r5, .L49
 537:Drivers/STM32H7xx_HAL_Driver/Src/stm32h7xx_hal_sram.c ****     }
 788              		.loc 1 537 7 is_stmt 1 view .LVU234
 537:Drivers/STM32H7xx_HAL_Driver/Src/stm32h7xx_hal_sram.c ****     }
 789              		.loc 1 537 35 is_stmt 0 view .LVU235
 790 0042 1388     		ldrh	r3, [r2]
 791              	.LVL76:
 537:Drivers/STM32H7xx_HAL_Driver/Src/stm32h7xx_hal_sram.c ****     }
 792              		.loc 1 537 65 view .LVU236
 793 0044 0A68     		ldr	r2, [r1]
 794              	.LVL77:
 537:Drivers/STM32H7xx_HAL_Driver/Src/stm32h7xx_hal_sram.c ****     }
 795              		.loc 1 537 80 view .LVU237
 796 0046 6FF30F02 		bfc	r2, #0, #16
 537:Drivers/STM32H7xx_HAL_Driver/Src/stm32h7xx_hal_sram.c ****     }
 797              		.loc 1 537 61 view .LVU238
 798 004a 1343     		orrs	r3, r3, r2
 537:Drivers/STM32H7xx_HAL_Driver/Src/stm32h7xx_hal_sram.c ****     }
 799              		.loc 1 537 21 view .LVU239
 800 004c 0B60     		str	r3, [r1]
 801              	.L49:
 541:Drivers/STM32H7xx_HAL_Driver/Src/stm32h7xx_hal_sram.c **** 
 802              		.loc 1 541 5 is_stmt 1 view .LVU240
 541:Drivers/STM32H7xx_HAL_Driver/Src/stm32h7xx_hal_sram.c **** 
 803              		.loc 1 541 18 is_stmt 0 view .LVU241
 804 004e 0123     		movs	r3, #1
 805 0050 80F84530 		strb	r3, [r0, #69]
 544:Drivers/STM32H7xx_HAL_Driver/Src/stm32h7xx_hal_sram.c ****   }
 806              		.loc 1 544 5 is_stmt 1 view .LVU242
 544:Drivers/STM32H7xx_HAL_Driver/Src/stm32h7xx_hal_sram.c ****   }
 807              		.loc 1 544 5 view .LVU243
 808 0054 0023     		movs	r3, #0
 809 0056 80F84430 		strb	r3, [r0, #68]
 544:Drivers/STM32H7xx_HAL_Driver/Src/stm32h7xx_hal_sram.c ****   }
 810              		.loc 1 544 5 view .LVU244
 551:Drivers/STM32H7xx_HAL_Driver/Src/stm32h7xx_hal_sram.c **** }
 811              		.loc 1 551 3 view .LVU245
 551:Drivers/STM32H7xx_HAL_Driver/Src/stm32h7xx_hal_sram.c **** }
ARM GAS  C:\Users\12491\AppData\Local\Temp\ccM8LxEj.s 			page 38


 812              		.loc 1 551 10 is_stmt 0 view .LVU246
 813 005a 1846     		mov	r0, r3
 814              	.LVL78:
 551:Drivers/STM32H7xx_HAL_Driver/Src/stm32h7xx_hal_sram.c **** }
 815              		.loc 1 551 10 view .LVU247
 816 005c 00E0     		b	.L46
 817              	.LVL79:
 818              	.L50:
 548:Drivers/STM32H7xx_HAL_Driver/Src/stm32h7xx_hal_sram.c ****   }
 819              		.loc 1 548 12 view .LVU248
 820 005e 0120     		movs	r0, #1
 821              	.LVL80:
 822              	.L46:
 552:Drivers/STM32H7xx_HAL_Driver/Src/stm32h7xx_hal_sram.c **** 
 823              		.loc 1 552 1 view .LVU249
 824 0060 30BC     		pop	{r4, r5}
 825              	.LCFI9:
 826              		.cfi_remember_state
 827              		.cfi_restore 5
 828              		.cfi_restore 4
 829              		.cfi_def_cfa_offset 0
 830 0062 7047     		bx	lr
 831              	.LVL81:
 832              	.L51:
 833              	.LCFI10:
 834              		.cfi_restore_state
 516:Drivers/STM32H7xx_HAL_Driver/Src/stm32h7xx_hal_sram.c **** 
 835              		.loc 1 516 5 discriminator 1 view .LVU250
 836 0064 0220     		movs	r0, #2
 837              	.LVL82:
 516:Drivers/STM32H7xx_HAL_Driver/Src/stm32h7xx_hal_sram.c **** 
 838              		.loc 1 516 5 discriminator 1 view .LVU251
 839 0066 FBE7     		b	.L46
 840              		.cfi_endproc
 841              	.LFE153:
 843              		.section	.text.HAL_SRAM_Read_32b,"ax",%progbits
 844              		.align	1
 845              		.global	HAL_SRAM_Read_32b
 846              		.syntax unified
 847              		.thumb
 848              		.thumb_func
 850              	HAL_SRAM_Read_32b:
 851              	.LVL83:
 852              	.LFB154:
 565:Drivers/STM32H7xx_HAL_Driver/Src/stm32h7xx_hal_sram.c ****   uint32_t size;
 853              		.loc 1 565 1 is_stmt 1 view -0
 854              		.cfi_startproc
 855              		@ args = 0, pretend = 0, frame = 0
 856              		@ frame_needed = 0, uses_anonymous_args = 0
 857              		@ link register save eliminated.
 565:Drivers/STM32H7xx_HAL_Driver/Src/stm32h7xx_hal_sram.c ****   uint32_t size;
 858              		.loc 1 565 1 is_stmt 0 view .LVU253
 859 0000 8446     		mov	ip, r0
 566:Drivers/STM32H7xx_HAL_Driver/Src/stm32h7xx_hal_sram.c ****   __IO uint32_t *psramaddress = pAddress;
 860              		.loc 1 566 3 is_stmt 1 view .LVU254
 567:Drivers/STM32H7xx_HAL_Driver/Src/stm32h7xx_hal_sram.c ****   uint32_t *pdestbuff = pDstBuffer;
 861              		.loc 1 567 3 view .LVU255
ARM GAS  C:\Users\12491\AppData\Local\Temp\ccM8LxEj.s 			page 39


 862              	.LVL84:
 568:Drivers/STM32H7xx_HAL_Driver/Src/stm32h7xx_hal_sram.c ****   HAL_SRAM_StateTypeDef state = hsram->State;
 863              		.loc 1 568 3 view .LVU256
 569:Drivers/STM32H7xx_HAL_Driver/Src/stm32h7xx_hal_sram.c **** 
 864              		.loc 1 569 3 view .LVU257
 569:Drivers/STM32H7xx_HAL_Driver/Src/stm32h7xx_hal_sram.c **** 
 865              		.loc 1 569 25 is_stmt 0 view .LVU258
 866 0002 90F84500 		ldrb	r0, [r0, #69]	@ zero_extendqisi2
 867              	.LVL85:
 569:Drivers/STM32H7xx_HAL_Driver/Src/stm32h7xx_hal_sram.c **** 
 868              		.loc 1 569 25 view .LVU259
 869 0006 C0B2     		uxtb	r0, r0
 870              	.LVL86:
 572:Drivers/STM32H7xx_HAL_Driver/Src/stm32h7xx_hal_sram.c ****   {
 871              		.loc 1 572 3 is_stmt 1 view .LVU260
 572:Drivers/STM32H7xx_HAL_Driver/Src/stm32h7xx_hal_sram.c ****   {
 872              		.loc 1 572 6 is_stmt 0 view .LVU261
 873 0008 0428     		cmp	r0, #4
 874 000a 18BF     		it	ne
 875 000c 0128     		cmpne	r0, #1
 876 000e 1AD1     		bne	.L57
 565:Drivers/STM32H7xx_HAL_Driver/Src/stm32h7xx_hal_sram.c ****   uint32_t size;
 877              		.loc 1 565 1 view .LVU262
 878 0010 10B4     		push	{r4}
 879              	.LCFI11:
 880              		.cfi_def_cfa_offset 4
 881              		.cfi_offset 4, -4
 575:Drivers/STM32H7xx_HAL_Driver/Src/stm32h7xx_hal_sram.c **** 
 882              		.loc 1 575 5 is_stmt 1 view .LVU263
 575:Drivers/STM32H7xx_HAL_Driver/Src/stm32h7xx_hal_sram.c **** 
 883              		.loc 1 575 5 view .LVU264
 884 0012 9CF84440 		ldrb	r4, [ip, #68]	@ zero_extendqisi2
 885 0016 012C     		cmp	r4, #1
 886 0018 17D0     		beq	.L58
 575:Drivers/STM32H7xx_HAL_Driver/Src/stm32h7xx_hal_sram.c **** 
 887              		.loc 1 575 5 discriminator 2 view .LVU265
 888 001a 0124     		movs	r4, #1
 889 001c 8CF84440 		strb	r4, [ip, #68]
 575:Drivers/STM32H7xx_HAL_Driver/Src/stm32h7xx_hal_sram.c **** 
 890              		.loc 1 575 5 discriminator 2 view .LVU266
 578:Drivers/STM32H7xx_HAL_Driver/Src/stm32h7xx_hal_sram.c **** 
 891              		.loc 1 578 5 view .LVU267
 578:Drivers/STM32H7xx_HAL_Driver/Src/stm32h7xx_hal_sram.c **** 
 892              		.loc 1 578 18 is_stmt 0 view .LVU268
 893 0020 0224     		movs	r4, #2
 894 0022 8CF84540 		strb	r4, [ip, #69]
 581:Drivers/STM32H7xx_HAL_Driver/Src/stm32h7xx_hal_sram.c ****     {
 895              		.loc 1 581 5 is_stmt 1 view .LVU269
 896              	.LVL87:
 581:Drivers/STM32H7xx_HAL_Driver/Src/stm32h7xx_hal_sram.c ****     {
 897              		.loc 1 581 5 is_stmt 0 view .LVU270
 898 0026 04E0     		b	.L55
 899              	.LVL88:
 900              	.L56:
 583:Drivers/STM32H7xx_HAL_Driver/Src/stm32h7xx_hal_sram.c ****       pdestbuff++;
 901              		.loc 1 583 7 is_stmt 1 view .LVU271
 583:Drivers/STM32H7xx_HAL_Driver/Src/stm32h7xx_hal_sram.c ****       pdestbuff++;
ARM GAS  C:\Users\12491\AppData\Local\Temp\ccM8LxEj.s 			page 40


 902              		.loc 1 583 20 is_stmt 0 view .LVU272
 903 0028 51F8044B 		ldr	r4, [r1], #4
 904              	.LVL89:
 583:Drivers/STM32H7xx_HAL_Driver/Src/stm32h7xx_hal_sram.c ****       pdestbuff++;
 905              		.loc 1 583 18 view .LVU273
 906 002c 42F8044B 		str	r4, [r2], #4
 907              	.LVL90:
 584:Drivers/STM32H7xx_HAL_Driver/Src/stm32h7xx_hal_sram.c ****       psramaddress++;
 908              		.loc 1 584 7 is_stmt 1 view .LVU274
 585:Drivers/STM32H7xx_HAL_Driver/Src/stm32h7xx_hal_sram.c ****     }
 909              		.loc 1 585 7 view .LVU275
 581:Drivers/STM32H7xx_HAL_Driver/Src/stm32h7xx_hal_sram.c ****     {
 910              		.loc 1 581 45 discriminator 3 view .LVU276
 911 0030 013B     		subs	r3, r3, #1
 912              	.LVL91:
 913              	.L55:
 581:Drivers/STM32H7xx_HAL_Driver/Src/stm32h7xx_hal_sram.c ****     {
 914              		.loc 1 581 34 discriminator 1 view .LVU277
 915 0032 002B     		cmp	r3, #0
 916 0034 F8D1     		bne	.L56
 589:Drivers/STM32H7xx_HAL_Driver/Src/stm32h7xx_hal_sram.c **** 
 917              		.loc 1 589 5 view .LVU278
 589:Drivers/STM32H7xx_HAL_Driver/Src/stm32h7xx_hal_sram.c **** 
 918              		.loc 1 589 18 is_stmt 0 view .LVU279
 919 0036 8CF84500 		strb	r0, [ip, #69]
 592:Drivers/STM32H7xx_HAL_Driver/Src/stm32h7xx_hal_sram.c ****   }
 920              		.loc 1 592 5 is_stmt 1 view .LVU280
 592:Drivers/STM32H7xx_HAL_Driver/Src/stm32h7xx_hal_sram.c ****   }
 921              		.loc 1 592 5 view .LVU281
 922 003a 0020     		movs	r0, #0
 923              	.LVL92:
 592:Drivers/STM32H7xx_HAL_Driver/Src/stm32h7xx_hal_sram.c ****   }
 924              		.loc 1 592 5 is_stmt 0 view .LVU282
 925 003c 8CF84400 		strb	r0, [ip, #68]
 592:Drivers/STM32H7xx_HAL_Driver/Src/stm32h7xx_hal_sram.c ****   }
 926              		.loc 1 592 5 is_stmt 1 view .LVU283
 599:Drivers/STM32H7xx_HAL_Driver/Src/stm32h7xx_hal_sram.c **** }
 927              		.loc 1 599 3 view .LVU284
 928              	.LVL93:
 929              	.L54:
 600:Drivers/STM32H7xx_HAL_Driver/Src/stm32h7xx_hal_sram.c **** 
 930              		.loc 1 600 1 is_stmt 0 view .LVU285
 931 0040 5DF8044B 		ldr	r4, [sp], #4
 932              	.LCFI12:
 933              		.cfi_restore 4
 934              		.cfi_def_cfa_offset 0
 935 0044 7047     		bx	lr
 936              	.LVL94:
 937              	.L57:
 596:Drivers/STM32H7xx_HAL_Driver/Src/stm32h7xx_hal_sram.c ****   }
 938              		.loc 1 596 12 view .LVU286
 939 0046 0120     		movs	r0, #1
 940              	.LVL95:
 600:Drivers/STM32H7xx_HAL_Driver/Src/stm32h7xx_hal_sram.c **** 
 941              		.loc 1 600 1 view .LVU287
 942 0048 7047     		bx	lr
 943              	.LVL96:
ARM GAS  C:\Users\12491\AppData\Local\Temp\ccM8LxEj.s 			page 41


 944              	.L58:
 945              	.LCFI13:
 946              		.cfi_def_cfa_offset 4
 947              		.cfi_offset 4, -4
 575:Drivers/STM32H7xx_HAL_Driver/Src/stm32h7xx_hal_sram.c **** 
 948              		.loc 1 575 5 discriminator 1 view .LVU288
 949 004a 0220     		movs	r0, #2
 950              	.LVL97:
 575:Drivers/STM32H7xx_HAL_Driver/Src/stm32h7xx_hal_sram.c **** 
 951              		.loc 1 575 5 discriminator 1 view .LVU289
 952 004c F8E7     		b	.L54
 953              		.cfi_endproc
 954              	.LFE154:
 956              		.section	.text.HAL_SRAM_Write_32b,"ax",%progbits
 957              		.align	1
 958              		.global	HAL_SRAM_Write_32b
 959              		.syntax unified
 960              		.thumb
 961              		.thumb_func
 963              	HAL_SRAM_Write_32b:
 964              	.LVL98:
 965              	.LFB155:
 613:Drivers/STM32H7xx_HAL_Driver/Src/stm32h7xx_hal_sram.c ****   uint32_t size;
 966              		.loc 1 613 1 is_stmt 1 view -0
 967              		.cfi_startproc
 968              		@ args = 0, pretend = 0, frame = 0
 969              		@ frame_needed = 0, uses_anonymous_args = 0
 970              		@ link register save eliminated.
 613:Drivers/STM32H7xx_HAL_Driver/Src/stm32h7xx_hal_sram.c ****   uint32_t size;
 971              		.loc 1 613 1 is_stmt 0 view .LVU291
 972 0000 10B4     		push	{r4}
 973              	.LCFI14:
 974              		.cfi_def_cfa_offset 4
 975              		.cfi_offset 4, -4
 614:Drivers/STM32H7xx_HAL_Driver/Src/stm32h7xx_hal_sram.c ****   __IO uint32_t *psramaddress = pAddress;
 976              		.loc 1 614 3 is_stmt 1 view .LVU292
 615:Drivers/STM32H7xx_HAL_Driver/Src/stm32h7xx_hal_sram.c ****   uint32_t *psrcbuff = pSrcBuffer;
 977              		.loc 1 615 3 view .LVU293
 978              	.LVL99:
 616:Drivers/STM32H7xx_HAL_Driver/Src/stm32h7xx_hal_sram.c **** 
 979              		.loc 1 616 3 view .LVU294
 619:Drivers/STM32H7xx_HAL_Driver/Src/stm32h7xx_hal_sram.c ****   {
 980              		.loc 1 619 3 view .LVU295
 619:Drivers/STM32H7xx_HAL_Driver/Src/stm32h7xx_hal_sram.c ****   {
 981              		.loc 1 619 12 is_stmt 0 view .LVU296
 982 0002 90F84540 		ldrb	r4, [r0, #69]	@ zero_extendqisi2
 983 0006 E4B2     		uxtb	r4, r4
 619:Drivers/STM32H7xx_HAL_Driver/Src/stm32h7xx_hal_sram.c ****   {
 984              		.loc 1 619 6 view .LVU297
 985 0008 012C     		cmp	r4, #1
 986 000a 19D1     		bne	.L67
 622:Drivers/STM32H7xx_HAL_Driver/Src/stm32h7xx_hal_sram.c **** 
 987              		.loc 1 622 5 is_stmt 1 view .LVU298
 622:Drivers/STM32H7xx_HAL_Driver/Src/stm32h7xx_hal_sram.c **** 
 988              		.loc 1 622 5 view .LVU299
 989 000c 90F84440 		ldrb	r4, [r0, #68]	@ zero_extendqisi2
 990 0010 012C     		cmp	r4, #1
ARM GAS  C:\Users\12491\AppData\Local\Temp\ccM8LxEj.s 			page 42


 991 0012 19D0     		beq	.L68
 622:Drivers/STM32H7xx_HAL_Driver/Src/stm32h7xx_hal_sram.c **** 
 992              		.loc 1 622 5 discriminator 2 view .LVU300
 993 0014 0124     		movs	r4, #1
 994 0016 80F84440 		strb	r4, [r0, #68]
 622:Drivers/STM32H7xx_HAL_Driver/Src/stm32h7xx_hal_sram.c **** 
 995              		.loc 1 622 5 discriminator 2 view .LVU301
 625:Drivers/STM32H7xx_HAL_Driver/Src/stm32h7xx_hal_sram.c **** 
 996              		.loc 1 625 5 view .LVU302
 625:Drivers/STM32H7xx_HAL_Driver/Src/stm32h7xx_hal_sram.c **** 
 997              		.loc 1 625 18 is_stmt 0 view .LVU303
 998 001a 0224     		movs	r4, #2
 999 001c 80F84540 		strb	r4, [r0, #69]
 628:Drivers/STM32H7xx_HAL_Driver/Src/stm32h7xx_hal_sram.c ****     {
 1000              		.loc 1 628 5 is_stmt 1 view .LVU304
 1001              	.LVL100:
 628:Drivers/STM32H7xx_HAL_Driver/Src/stm32h7xx_hal_sram.c ****     {
 1002              		.loc 1 628 5 is_stmt 0 view .LVU305
 1003 0020 04E0     		b	.L65
 1004              	.LVL101:
 1005              	.L66:
 630:Drivers/STM32H7xx_HAL_Driver/Src/stm32h7xx_hal_sram.c ****       psrcbuff++;
 1006              		.loc 1 630 7 is_stmt 1 view .LVU306
 630:Drivers/STM32H7xx_HAL_Driver/Src/stm32h7xx_hal_sram.c ****       psrcbuff++;
 1007              		.loc 1 630 23 is_stmt 0 view .LVU307
 1008 0022 52F8044B 		ldr	r4, [r2], #4
 1009              	.LVL102:
 630:Drivers/STM32H7xx_HAL_Driver/Src/stm32h7xx_hal_sram.c ****       psrcbuff++;
 1010              		.loc 1 630 21 view .LVU308
 1011 0026 41F8044B 		str	r4, [r1], #4
 1012              	.LVL103:
 631:Drivers/STM32H7xx_HAL_Driver/Src/stm32h7xx_hal_sram.c ****       psramaddress++;
 1013              		.loc 1 631 7 is_stmt 1 view .LVU309
 632:Drivers/STM32H7xx_HAL_Driver/Src/stm32h7xx_hal_sram.c ****     }
 1014              		.loc 1 632 7 view .LVU310
 628:Drivers/STM32H7xx_HAL_Driver/Src/stm32h7xx_hal_sram.c ****     {
 1015              		.loc 1 628 45 discriminator 3 view .LVU311
 1016 002a 013B     		subs	r3, r3, #1
 1017              	.LVL104:
 1018              	.L65:
 628:Drivers/STM32H7xx_HAL_Driver/Src/stm32h7xx_hal_sram.c ****     {
 1019              		.loc 1 628 34 discriminator 1 view .LVU312
 1020 002c 002B     		cmp	r3, #0
 1021 002e F8D1     		bne	.L66
 636:Drivers/STM32H7xx_HAL_Driver/Src/stm32h7xx_hal_sram.c **** 
 1022              		.loc 1 636 5 view .LVU313
 636:Drivers/STM32H7xx_HAL_Driver/Src/stm32h7xx_hal_sram.c **** 
 1023              		.loc 1 636 18 is_stmt 0 view .LVU314
 1024 0030 0123     		movs	r3, #1
 1025              	.LVL105:
 636:Drivers/STM32H7xx_HAL_Driver/Src/stm32h7xx_hal_sram.c **** 
 1026              		.loc 1 636 18 view .LVU315
 1027 0032 80F84530 		strb	r3, [r0, #69]
 639:Drivers/STM32H7xx_HAL_Driver/Src/stm32h7xx_hal_sram.c ****   }
 1028              		.loc 1 639 5 is_stmt 1 view .LVU316
 639:Drivers/STM32H7xx_HAL_Driver/Src/stm32h7xx_hal_sram.c ****   }
 1029              		.loc 1 639 5 view .LVU317
ARM GAS  C:\Users\12491\AppData\Local\Temp\ccM8LxEj.s 			page 43


 1030 0036 0023     		movs	r3, #0
 1031 0038 80F84430 		strb	r3, [r0, #68]
 639:Drivers/STM32H7xx_HAL_Driver/Src/stm32h7xx_hal_sram.c ****   }
 1032              		.loc 1 639 5 view .LVU318
 646:Drivers/STM32H7xx_HAL_Driver/Src/stm32h7xx_hal_sram.c **** }
 1033              		.loc 1 646 3 view .LVU319
 646:Drivers/STM32H7xx_HAL_Driver/Src/stm32h7xx_hal_sram.c **** }
 1034              		.loc 1 646 10 is_stmt 0 view .LVU320
 1035 003c 1846     		mov	r0, r3
 1036              	.LVL106:
 646:Drivers/STM32H7xx_HAL_Driver/Src/stm32h7xx_hal_sram.c **** }
 1037              		.loc 1 646 10 view .LVU321
 1038 003e 00E0     		b	.L64
 1039              	.LVL107:
 1040              	.L67:
 643:Drivers/STM32H7xx_HAL_Driver/Src/stm32h7xx_hal_sram.c ****   }
 1041              		.loc 1 643 12 view .LVU322
 1042 0040 0120     		movs	r0, #1
 1043              	.LVL108:
 1044              	.L64:
 647:Drivers/STM32H7xx_HAL_Driver/Src/stm32h7xx_hal_sram.c **** 
 1045              		.loc 1 647 1 view .LVU323
 1046 0042 5DF8044B 		ldr	r4, [sp], #4
 1047              	.LCFI15:
 1048              		.cfi_remember_state
 1049              		.cfi_restore 4
 1050              		.cfi_def_cfa_offset 0
 1051 0046 7047     		bx	lr
 1052              	.LVL109:
 1053              	.L68:
 1054              	.LCFI16:
 1055              		.cfi_restore_state
 622:Drivers/STM32H7xx_HAL_Driver/Src/stm32h7xx_hal_sram.c **** 
 1056              		.loc 1 622 5 discriminator 1 view .LVU324
 1057 0048 0220     		movs	r0, #2
 1058              	.LVL110:
 622:Drivers/STM32H7xx_HAL_Driver/Src/stm32h7xx_hal_sram.c **** 
 1059              		.loc 1 622 5 discriminator 1 view .LVU325
 1060 004a FAE7     		b	.L64
 1061              		.cfi_endproc
 1062              	.LFE155:
 1064              		.section	.text.HAL_SRAM_Read_DMA,"ax",%progbits
 1065              		.align	1
 1066              		.global	HAL_SRAM_Read_DMA
 1067              		.syntax unified
 1068              		.thumb
 1069              		.thumb_func
 1071              	HAL_SRAM_Read_DMA:
 1072              	.LVL111:
 1073              	.LFB156:
 660:Drivers/STM32H7xx_HAL_Driver/Src/stm32h7xx_hal_sram.c ****   HAL_StatusTypeDef status;
 1074              		.loc 1 660 1 is_stmt 1 view -0
 1075              		.cfi_startproc
 1076              		@ args = 0, pretend = 0, frame = 0
 1077              		@ frame_needed = 0, uses_anonymous_args = 0
 660:Drivers/STM32H7xx_HAL_Driver/Src/stm32h7xx_hal_sram.c ****   HAL_StatusTypeDef status;
 1078              		.loc 1 660 1 is_stmt 0 view .LVU327
ARM GAS  C:\Users\12491\AppData\Local\Temp\ccM8LxEj.s 			page 44


 1079 0000 30B5     		push	{r4, r5, lr}
 1080              	.LCFI17:
 1081              		.cfi_def_cfa_offset 12
 1082              		.cfi_offset 4, -12
 1083              		.cfi_offset 5, -8
 1084              		.cfi_offset 14, -4
 1085 0002 83B0     		sub	sp, sp, #12
 1086              	.LCFI18:
 1087              		.cfi_def_cfa_offset 24
 1088 0004 0446     		mov	r4, r0
 661:Drivers/STM32H7xx_HAL_Driver/Src/stm32h7xx_hal_sram.c ****   HAL_SRAM_StateTypeDef state = hsram->State;
 1089              		.loc 1 661 3 is_stmt 1 view .LVU328
 662:Drivers/STM32H7xx_HAL_Driver/Src/stm32h7xx_hal_sram.c **** 
 1090              		.loc 1 662 3 view .LVU329
 662:Drivers/STM32H7xx_HAL_Driver/Src/stm32h7xx_hal_sram.c **** 
 1091              		.loc 1 662 25 is_stmt 0 view .LVU330
 1092 0006 90F84500 		ldrb	r0, [r0, #69]	@ zero_extendqisi2
 1093              	.LVL112:
 662:Drivers/STM32H7xx_HAL_Driver/Src/stm32h7xx_hal_sram.c **** 
 1094              		.loc 1 662 25 view .LVU331
 1095 000a C0B2     		uxtb	r0, r0
 1096              	.LVL113:
 665:Drivers/STM32H7xx_HAL_Driver/Src/stm32h7xx_hal_sram.c ****   {
 1097              		.loc 1 665 3 is_stmt 1 view .LVU332
 665:Drivers/STM32H7xx_HAL_Driver/Src/stm32h7xx_hal_sram.c ****   {
 1098              		.loc 1 665 6 is_stmt 0 view .LVU333
 1099 000c 0428     		cmp	r0, #4
 1100 000e 18BF     		it	ne
 1101 0010 0128     		cmpne	r0, #1
 1102 0012 20D1     		bne	.L74
 668:Drivers/STM32H7xx_HAL_Driver/Src/stm32h7xx_hal_sram.c **** 
 1103              		.loc 1 668 5 is_stmt 1 view .LVU334
 668:Drivers/STM32H7xx_HAL_Driver/Src/stm32h7xx_hal_sram.c **** 
 1104              		.loc 1 668 5 view .LVU335
 1105 0014 94F844C0 		ldrb	ip, [r4, #68]	@ zero_extendqisi2
 1106 0018 BCF1010F 		cmp	ip, #1
 1107 001c 1ED0     		beq	.L75
 668:Drivers/STM32H7xx_HAL_Driver/Src/stm32h7xx_hal_sram.c **** 
 1108              		.loc 1 668 5 discriminator 2 view .LVU336
 1109 001e 0125     		movs	r5, #1
 1110 0020 84F84450 		strb	r5, [r4, #68]
 668:Drivers/STM32H7xx_HAL_Driver/Src/stm32h7xx_hal_sram.c **** 
 1111              		.loc 1 668 5 discriminator 2 view .LVU337
 671:Drivers/STM32H7xx_HAL_Driver/Src/stm32h7xx_hal_sram.c **** 
 1112              		.loc 1 671 5 view .LVU338
 671:Drivers/STM32H7xx_HAL_Driver/Src/stm32h7xx_hal_sram.c **** 
 1113              		.loc 1 671 18 is_stmt 0 view .LVU339
 1114 0024 0225     		movs	r5, #2
 1115 0026 84F84550 		strb	r5, [r4, #69]
 674:Drivers/STM32H7xx_HAL_Driver/Src/stm32h7xx_hal_sram.c ****     {
 1116              		.loc 1 674 5 is_stmt 1 view .LVU340
 674:Drivers/STM32H7xx_HAL_Driver/Src/stm32h7xx_hal_sram.c ****     {
 1117              		.loc 1 674 8 is_stmt 0 view .LVU341
 1118 002a 0128     		cmp	r0, #1
 1119 002c 0FD0     		beq	.L77
 680:Drivers/STM32H7xx_HAL_Driver/Src/stm32h7xx_hal_sram.c ****     }
 1120              		.loc 1 680 7 is_stmt 1 view .LVU342
ARM GAS  C:\Users\12491\AppData\Local\Temp\ccM8LxEj.s 			page 45


 680:Drivers/STM32H7xx_HAL_Driver/Src/stm32h7xx_hal_sram.c ****     }
 1121              		.loc 1 680 12 is_stmt 0 view .LVU343
 1122 002e A06C     		ldr	r0, [r4, #72]
 1123              	.LVL114:
 680:Drivers/STM32H7xx_HAL_Driver/Src/stm32h7xx_hal_sram.c ****     }
 1124              		.loc 1 680 38 view .LVU344
 1125 0030 0B4D     		ldr	r5, .L78
 1126 0032 4564     		str	r5, [r0, #68]
 1127              	.L73:
 682:Drivers/STM32H7xx_HAL_Driver/Src/stm32h7xx_hal_sram.c **** 
 1128              		.loc 1 682 5 is_stmt 1 view .LVU345
 682:Drivers/STM32H7xx_HAL_Driver/Src/stm32h7xx_hal_sram.c **** 
 1129              		.loc 1 682 10 is_stmt 0 view .LVU346
 1130 0034 A06C     		ldr	r0, [r4, #72]
 682:Drivers/STM32H7xx_HAL_Driver/Src/stm32h7xx_hal_sram.c **** 
 1131              		.loc 1 682 37 view .LVU347
 1132 0036 0B4D     		ldr	r5, .L78+4
 1133 0038 4565     		str	r5, [r0, #84]
 685:Drivers/STM32H7xx_HAL_Driver/Src/stm32h7xx_hal_sram.c **** 
 1134              		.loc 1 685 5 is_stmt 1 view .LVU348
 685:Drivers/STM32H7xx_HAL_Driver/Src/stm32h7xx_hal_sram.c **** 
 1135              		.loc 1 685 14 is_stmt 0 view .LVU349
 1136 003a 0120     		movs	r0, #1
 1137 003c 0090     		str	r0, [sp]
 1138 003e 9B00     		lsls	r3, r3, #2
 1139              	.LVL115:
 685:Drivers/STM32H7xx_HAL_Driver/Src/stm32h7xx_hal_sram.c **** 
 1140              		.loc 1 685 14 view .LVU350
 1141 0040 A06C     		ldr	r0, [r4, #72]
 1142 0042 FFF7FEFF 		bl	HAL_MDMA_Start_IT
 1143              	.LVL116:
 688:Drivers/STM32H7xx_HAL_Driver/Src/stm32h7xx_hal_sram.c ****   }
 1144              		.loc 1 688 5 is_stmt 1 view .LVU351
 688:Drivers/STM32H7xx_HAL_Driver/Src/stm32h7xx_hal_sram.c ****   }
 1145              		.loc 1 688 5 view .LVU352
 1146 0046 0023     		movs	r3, #0
 1147 0048 84F84430 		strb	r3, [r4, #68]
 688:Drivers/STM32H7xx_HAL_Driver/Src/stm32h7xx_hal_sram.c ****   }
 1148              		.loc 1 688 5 view .LVU353
 1149 004c 04E0     		b	.L71
 1150              	.LVL117:
 1151              	.L77:
 676:Drivers/STM32H7xx_HAL_Driver/Src/stm32h7xx_hal_sram.c ****     }
 1152              		.loc 1 676 7 view .LVU354
 676:Drivers/STM32H7xx_HAL_Driver/Src/stm32h7xx_hal_sram.c ****     }
 1153              		.loc 1 676 12 is_stmt 0 view .LVU355
 1154 004e A06C     		ldr	r0, [r4, #72]
 1155              	.LVL118:
 676:Drivers/STM32H7xx_HAL_Driver/Src/stm32h7xx_hal_sram.c ****     }
 1156              		.loc 1 676 38 view .LVU356
 1157 0050 054D     		ldr	r5, .L78+8
 1158 0052 4564     		str	r5, [r0, #68]
 1159 0054 EEE7     		b	.L73
 1160              	.LVL119:
 1161              	.L74:
 692:Drivers/STM32H7xx_HAL_Driver/Src/stm32h7xx_hal_sram.c ****   }
 1162              		.loc 1 692 12 view .LVU357
ARM GAS  C:\Users\12491\AppData\Local\Temp\ccM8LxEj.s 			page 46


 1163 0056 0120     		movs	r0, #1
 1164              	.LVL120:
 1165              	.L71:
 696:Drivers/STM32H7xx_HAL_Driver/Src/stm32h7xx_hal_sram.c **** 
 1166              		.loc 1 696 1 view .LVU358
 1167 0058 03B0     		add	sp, sp, #12
 1168              	.LCFI19:
 1169              		.cfi_remember_state
 1170              		.cfi_def_cfa_offset 12
 1171              		@ sp needed
 1172 005a 30BD     		pop	{r4, r5, pc}
 1173              	.LVL121:
 1174              	.L75:
 1175              	.LCFI20:
 1176              		.cfi_restore_state
 668:Drivers/STM32H7xx_HAL_Driver/Src/stm32h7xx_hal_sram.c **** 
 1177              		.loc 1 668 5 discriminator 1 view .LVU359
 1178 005c 0220     		movs	r0, #2
 1179              	.LVL122:
 668:Drivers/STM32H7xx_HAL_Driver/Src/stm32h7xx_hal_sram.c **** 
 1180              		.loc 1 668 5 discriminator 1 view .LVU360
 1181 005e FBE7     		b	.L71
 1182              	.L79:
 1183              		.align	2
 1184              	.L78:
 1185 0060 00000000 		.word	SRAM_DMACpltProt
 1186 0064 00000000 		.word	SRAM_DMAError
 1187 0068 00000000 		.word	SRAM_DMACplt
 1188              		.cfi_endproc
 1189              	.LFE156:
 1191              		.section	.text.HAL_SRAM_Write_DMA,"ax",%progbits
 1192              		.align	1
 1193              		.global	HAL_SRAM_Write_DMA
 1194              		.syntax unified
 1195              		.thumb
 1196              		.thumb_func
 1198              	HAL_SRAM_Write_DMA:
 1199              	.LVL123:
 1200              	.LFB157:
 709:Drivers/STM32H7xx_HAL_Driver/Src/stm32h7xx_hal_sram.c ****   HAL_StatusTypeDef status;
 1201              		.loc 1 709 1 is_stmt 1 view -0
 1202              		.cfi_startproc
 1203              		@ args = 0, pretend = 0, frame = 0
 1204              		@ frame_needed = 0, uses_anonymous_args = 0
 709:Drivers/STM32H7xx_HAL_Driver/Src/stm32h7xx_hal_sram.c ****   HAL_StatusTypeDef status;
 1205              		.loc 1 709 1 is_stmt 0 view .LVU362
 1206 0000 30B5     		push	{r4, r5, lr}
 1207              	.LCFI21:
 1208              		.cfi_def_cfa_offset 12
 1209              		.cfi_offset 4, -12
 1210              		.cfi_offset 5, -8
 1211              		.cfi_offset 14, -4
 1212 0002 83B0     		sub	sp, sp, #12
 1213              	.LCFI22:
 1214              		.cfi_def_cfa_offset 24
 1215 0004 0446     		mov	r4, r0
 710:Drivers/STM32H7xx_HAL_Driver/Src/stm32h7xx_hal_sram.c **** 
ARM GAS  C:\Users\12491\AppData\Local\Temp\ccM8LxEj.s 			page 47


 1216              		.loc 1 710 3 is_stmt 1 view .LVU363
 713:Drivers/STM32H7xx_HAL_Driver/Src/stm32h7xx_hal_sram.c ****   {
 1217              		.loc 1 713 3 view .LVU364
 713:Drivers/STM32H7xx_HAL_Driver/Src/stm32h7xx_hal_sram.c ****   {
 1218              		.loc 1 713 12 is_stmt 0 view .LVU365
 1219 0006 90F84500 		ldrb	r0, [r0, #69]	@ zero_extendqisi2
 1220              	.LVL124:
 713:Drivers/STM32H7xx_HAL_Driver/Src/stm32h7xx_hal_sram.c ****   {
 1221              		.loc 1 713 12 view .LVU366
 1222 000a C0B2     		uxtb	r0, r0
 713:Drivers/STM32H7xx_HAL_Driver/Src/stm32h7xx_hal_sram.c ****   {
 1223              		.loc 1 713 6 view .LVU367
 1224 000c 0128     		cmp	r0, #1
 1225 000e 02D0     		beq	.L85
 733:Drivers/STM32H7xx_HAL_Driver/Src/stm32h7xx_hal_sram.c ****   }
 1226              		.loc 1 733 12 view .LVU368
 1227 0010 0120     		movs	r0, #1
 1228              	.LVL125:
 1229              	.L81:
 737:Drivers/STM32H7xx_HAL_Driver/Src/stm32h7xx_hal_sram.c **** 
 1230              		.loc 1 737 1 view .LVU369
 1231 0012 03B0     		add	sp, sp, #12
 1232              	.LCFI23:
 1233              		.cfi_remember_state
 1234              		.cfi_def_cfa_offset 12
 1235              		@ sp needed
 1236 0014 30BD     		pop	{r4, r5, pc}
 1237              	.LVL126:
 1238              	.L85:
 1239              	.LCFI24:
 1240              		.cfi_restore_state
 737:Drivers/STM32H7xx_HAL_Driver/Src/stm32h7xx_hal_sram.c **** 
 1241              		.loc 1 737 1 view .LVU370
 1242 0016 8C46     		mov	ip, r1
 1243 0018 1146     		mov	r1, r2
 1244              	.LVL127:
 716:Drivers/STM32H7xx_HAL_Driver/Src/stm32h7xx_hal_sram.c **** 
 1245              		.loc 1 716 5 is_stmt 1 view .LVU371
 716:Drivers/STM32H7xx_HAL_Driver/Src/stm32h7xx_hal_sram.c **** 
 1246              		.loc 1 716 5 view .LVU372
 1247 001a 94F84420 		ldrb	r2, [r4, #68]	@ zero_extendqisi2
 1248              	.LVL128:
 716:Drivers/STM32H7xx_HAL_Driver/Src/stm32h7xx_hal_sram.c **** 
 1249              		.loc 1 716 5 is_stmt 0 view .LVU373
 1250 001e 012A     		cmp	r2, #1
 1251 0020 15D0     		beq	.L83
 716:Drivers/STM32H7xx_HAL_Driver/Src/stm32h7xx_hal_sram.c **** 
 1252              		.loc 1 716 5 is_stmt 1 discriminator 2 view .LVU374
 1253 0022 0122     		movs	r2, #1
 1254 0024 84F84420 		strb	r2, [r4, #68]
 716:Drivers/STM32H7xx_HAL_Driver/Src/stm32h7xx_hal_sram.c **** 
 1255              		.loc 1 716 5 discriminator 2 view .LVU375
 719:Drivers/STM32H7xx_HAL_Driver/Src/stm32h7xx_hal_sram.c **** 
 1256              		.loc 1 719 5 view .LVU376
 719:Drivers/STM32H7xx_HAL_Driver/Src/stm32h7xx_hal_sram.c **** 
 1257              		.loc 1 719 18 is_stmt 0 view .LVU377
 1258 0028 0220     		movs	r0, #2
ARM GAS  C:\Users\12491\AppData\Local\Temp\ccM8LxEj.s 			page 48


 1259 002a 84F84500 		strb	r0, [r4, #69]
 722:Drivers/STM32H7xx_HAL_Driver/Src/stm32h7xx_hal_sram.c ****     hsram->hmdma->XferErrorCallback = SRAM_DMAError;
 1260              		.loc 1 722 5 is_stmt 1 view .LVU378
 722:Drivers/STM32H7xx_HAL_Driver/Src/stm32h7xx_hal_sram.c ****     hsram->hmdma->XferErrorCallback = SRAM_DMAError;
 1261              		.loc 1 722 10 is_stmt 0 view .LVU379
 1262 002e A06C     		ldr	r0, [r4, #72]
 722:Drivers/STM32H7xx_HAL_Driver/Src/stm32h7xx_hal_sram.c ****     hsram->hmdma->XferErrorCallback = SRAM_DMAError;
 1263              		.loc 1 722 36 view .LVU380
 1264 0030 084D     		ldr	r5, .L86
 1265 0032 4564     		str	r5, [r0, #68]
 723:Drivers/STM32H7xx_HAL_Driver/Src/stm32h7xx_hal_sram.c **** 
 1266              		.loc 1 723 5 is_stmt 1 view .LVU381
 723:Drivers/STM32H7xx_HAL_Driver/Src/stm32h7xx_hal_sram.c **** 
 1267              		.loc 1 723 10 is_stmt 0 view .LVU382
 1268 0034 A06C     		ldr	r0, [r4, #72]
 723:Drivers/STM32H7xx_HAL_Driver/Src/stm32h7xx_hal_sram.c **** 
 1269              		.loc 1 723 37 view .LVU383
 1270 0036 084D     		ldr	r5, .L86+4
 1271 0038 4565     		str	r5, [r0, #84]
 726:Drivers/STM32H7xx_HAL_Driver/Src/stm32h7xx_hal_sram.c **** 
 1272              		.loc 1 726 5 is_stmt 1 view .LVU384
 726:Drivers/STM32H7xx_HAL_Driver/Src/stm32h7xx_hal_sram.c **** 
 1273              		.loc 1 726 14 is_stmt 0 view .LVU385
 1274 003a 0092     		str	r2, [sp]
 1275 003c 9B00     		lsls	r3, r3, #2
 1276              	.LVL129:
 726:Drivers/STM32H7xx_HAL_Driver/Src/stm32h7xx_hal_sram.c **** 
 1277              		.loc 1 726 14 view .LVU386
 1278 003e 6246     		mov	r2, ip
 1279 0040 A06C     		ldr	r0, [r4, #72]
 1280 0042 FFF7FEFF 		bl	HAL_MDMA_Start_IT
 1281              	.LVL130:
 729:Drivers/STM32H7xx_HAL_Driver/Src/stm32h7xx_hal_sram.c ****   }
 1282              		.loc 1 729 5 is_stmt 1 view .LVU387
 729:Drivers/STM32H7xx_HAL_Driver/Src/stm32h7xx_hal_sram.c ****   }
 1283              		.loc 1 729 5 view .LVU388
 1284 0046 0023     		movs	r3, #0
 1285 0048 84F84430 		strb	r3, [r4, #68]
 729:Drivers/STM32H7xx_HAL_Driver/Src/stm32h7xx_hal_sram.c ****   }
 1286              		.loc 1 729 5 view .LVU389
 1287 004c E1E7     		b	.L81
 1288              	.LVL131:
 1289              	.L83:
 716:Drivers/STM32H7xx_HAL_Driver/Src/stm32h7xx_hal_sram.c **** 
 1290              		.loc 1 716 5 is_stmt 0 discriminator 1 view .LVU390
 1291 004e 0220     		movs	r0, #2
 1292 0050 DFE7     		b	.L81
 1293              	.L87:
 1294 0052 00BF     		.align	2
 1295              	.L86:
 1296 0054 00000000 		.word	SRAM_DMACplt
 1297 0058 00000000 		.word	SRAM_DMAError
 1298              		.cfi_endproc
 1299              	.LFE157:
 1301              		.section	.text.HAL_SRAM_WriteOperation_Enable,"ax",%progbits
 1302              		.align	1
 1303              		.global	HAL_SRAM_WriteOperation_Enable
ARM GAS  C:\Users\12491\AppData\Local\Temp\ccM8LxEj.s 			page 49


 1304              		.syntax unified
 1305              		.thumb
 1306              		.thumb_func
 1308              	HAL_SRAM_WriteOperation_Enable:
 1309              	.LVL132:
 1310              	.LFB158:
 933:Drivers/STM32H7xx_HAL_Driver/Src/stm32h7xx_hal_sram.c ****   /* Check the SRAM controller state */
 1311              		.loc 1 933 1 is_stmt 1 view -0
 1312              		.cfi_startproc
 1313              		@ args = 0, pretend = 0, frame = 0
 1314              		@ frame_needed = 0, uses_anonymous_args = 0
 933:Drivers/STM32H7xx_HAL_Driver/Src/stm32h7xx_hal_sram.c ****   /* Check the SRAM controller state */
 1315              		.loc 1 933 1 is_stmt 0 view .LVU392
 1316 0000 38B5     		push	{r3, r4, r5, lr}
 1317              	.LCFI25:
 1318              		.cfi_def_cfa_offset 16
 1319              		.cfi_offset 3, -16
 1320              		.cfi_offset 4, -12
 1321              		.cfi_offset 5, -8
 1322              		.cfi_offset 14, -4
 935:Drivers/STM32H7xx_HAL_Driver/Src/stm32h7xx_hal_sram.c ****   {
 1323              		.loc 1 935 3 is_stmt 1 view .LVU393
 935:Drivers/STM32H7xx_HAL_Driver/Src/stm32h7xx_hal_sram.c ****   {
 1324              		.loc 1 935 12 is_stmt 0 view .LVU394
 1325 0002 90F84530 		ldrb	r3, [r0, #69]	@ zero_extendqisi2
 1326 0006 DBB2     		uxtb	r3, r3
 935:Drivers/STM32H7xx_HAL_Driver/Src/stm32h7xx_hal_sram.c ****   {
 1327              		.loc 1 935 6 view .LVU395
 1328 0008 042B     		cmp	r3, #4
 1329 000a 14D1     		bne	.L90
 1330 000c 0446     		mov	r4, r0
 938:Drivers/STM32H7xx_HAL_Driver/Src/stm32h7xx_hal_sram.c **** 
 1331              		.loc 1 938 5 is_stmt 1 view .LVU396
 938:Drivers/STM32H7xx_HAL_Driver/Src/stm32h7xx_hal_sram.c **** 
 1332              		.loc 1 938 5 view .LVU397
 1333 000e 90F84430 		ldrb	r3, [r0, #68]	@ zero_extendqisi2
 1334 0012 012B     		cmp	r3, #1
 1335 0014 11D0     		beq	.L91
 938:Drivers/STM32H7xx_HAL_Driver/Src/stm32h7xx_hal_sram.c **** 
 1336              		.loc 1 938 5 discriminator 2 view .LVU398
 1337 0016 0125     		movs	r5, #1
 1338 0018 80F84450 		strb	r5, [r0, #68]
 938:Drivers/STM32H7xx_HAL_Driver/Src/stm32h7xx_hal_sram.c **** 
 1339              		.loc 1 938 5 discriminator 2 view .LVU399
 941:Drivers/STM32H7xx_HAL_Driver/Src/stm32h7xx_hal_sram.c **** 
 1340              		.loc 1 941 5 view .LVU400
 941:Drivers/STM32H7xx_HAL_Driver/Src/stm32h7xx_hal_sram.c **** 
 1341              		.loc 1 941 18 is_stmt 0 view .LVU401
 1342 001c 0223     		movs	r3, #2
 1343 001e 80F84530 		strb	r3, [r0, #69]
 944:Drivers/STM32H7xx_HAL_Driver/Src/stm32h7xx_hal_sram.c **** 
 1344              		.loc 1 944 5 is_stmt 1 view .LVU402
 944:Drivers/STM32H7xx_HAL_Driver/Src/stm32h7xx_hal_sram.c **** 
 1345              		.loc 1 944 11 is_stmt 0 view .LVU403
 1346 0022 8168     		ldr	r1, [r0, #8]
 1347 0024 0068     		ldr	r0, [r0]
 1348              	.LVL133:
ARM GAS  C:\Users\12491\AppData\Local\Temp\ccM8LxEj.s 			page 50


 944:Drivers/STM32H7xx_HAL_Driver/Src/stm32h7xx_hal_sram.c **** 
 1349              		.loc 1 944 11 view .LVU404
 1350 0026 FFF7FEFF 		bl	FMC_NORSRAM_WriteOperation_Enable
 1351              	.LVL134:
 947:Drivers/STM32H7xx_HAL_Driver/Src/stm32h7xx_hal_sram.c **** 
 1352              		.loc 1 947 5 is_stmt 1 view .LVU405
 947:Drivers/STM32H7xx_HAL_Driver/Src/stm32h7xx_hal_sram.c **** 
 1353              		.loc 1 947 18 is_stmt 0 view .LVU406
 1354 002a 84F84550 		strb	r5, [r4, #69]
 950:Drivers/STM32H7xx_HAL_Driver/Src/stm32h7xx_hal_sram.c ****   }
 1355              		.loc 1 950 5 is_stmt 1 view .LVU407
 950:Drivers/STM32H7xx_HAL_Driver/Src/stm32h7xx_hal_sram.c ****   }
 1356              		.loc 1 950 5 view .LVU408
 1357 002e 0020     		movs	r0, #0
 1358 0030 84F84400 		strb	r0, [r4, #68]
 950:Drivers/STM32H7xx_HAL_Driver/Src/stm32h7xx_hal_sram.c ****   }
 1359              		.loc 1 950 5 view .LVU409
 957:Drivers/STM32H7xx_HAL_Driver/Src/stm32h7xx_hal_sram.c **** }
 1360              		.loc 1 957 3 view .LVU410
 957:Drivers/STM32H7xx_HAL_Driver/Src/stm32h7xx_hal_sram.c **** }
 1361              		.loc 1 957 10 is_stmt 0 view .LVU411
 1362 0034 00E0     		b	.L89
 1363              	.LVL135:
 1364              	.L90:
 954:Drivers/STM32H7xx_HAL_Driver/Src/stm32h7xx_hal_sram.c ****   }
 1365              		.loc 1 954 12 view .LVU412
 1366 0036 0120     		movs	r0, #1
 1367              	.LVL136:
 1368              	.L89:
 958:Drivers/STM32H7xx_HAL_Driver/Src/stm32h7xx_hal_sram.c **** 
 1369              		.loc 1 958 1 view .LVU413
 1370 0038 38BD     		pop	{r3, r4, r5, pc}
 1371              	.LVL137:
 1372              	.L91:
 938:Drivers/STM32H7xx_HAL_Driver/Src/stm32h7xx_hal_sram.c **** 
 1373              		.loc 1 938 5 discriminator 1 view .LVU414
 1374 003a 0220     		movs	r0, #2
 1375              	.LVL138:
 938:Drivers/STM32H7xx_HAL_Driver/Src/stm32h7xx_hal_sram.c **** 
 1376              		.loc 1 938 5 discriminator 1 view .LVU415
 1377 003c FCE7     		b	.L89
 1378              		.cfi_endproc
 1379              	.LFE158:
 1381              		.section	.text.HAL_SRAM_WriteOperation_Disable,"ax",%progbits
 1382              		.align	1
 1383              		.global	HAL_SRAM_WriteOperation_Disable
 1384              		.syntax unified
 1385              		.thumb
 1386              		.thumb_func
 1388              	HAL_SRAM_WriteOperation_Disable:
 1389              	.LVL139:
 1390              	.LFB159:
 967:Drivers/STM32H7xx_HAL_Driver/Src/stm32h7xx_hal_sram.c ****   /* Check the SRAM controller state */
 1391              		.loc 1 967 1 is_stmt 1 view -0
 1392              		.cfi_startproc
 1393              		@ args = 0, pretend = 0, frame = 0
 1394              		@ frame_needed = 0, uses_anonymous_args = 0
ARM GAS  C:\Users\12491\AppData\Local\Temp\ccM8LxEj.s 			page 51


 969:Drivers/STM32H7xx_HAL_Driver/Src/stm32h7xx_hal_sram.c ****   {
 1395              		.loc 1 969 3 view .LVU417
 969:Drivers/STM32H7xx_HAL_Driver/Src/stm32h7xx_hal_sram.c ****   {
 1396              		.loc 1 969 12 is_stmt 0 view .LVU418
 1397 0000 90F84530 		ldrb	r3, [r0, #69]	@ zero_extendqisi2
 1398 0004 DBB2     		uxtb	r3, r3
 969:Drivers/STM32H7xx_HAL_Driver/Src/stm32h7xx_hal_sram.c ****   {
 1399              		.loc 1 969 6 view .LVU419
 1400 0006 012B     		cmp	r3, #1
 1401 0008 16D1     		bne	.L95
 967:Drivers/STM32H7xx_HAL_Driver/Src/stm32h7xx_hal_sram.c ****   /* Check the SRAM controller state */
 1402              		.loc 1 967 1 view .LVU420
 1403 000a 10B5     		push	{r4, lr}
 1404              	.LCFI26:
 1405              		.cfi_def_cfa_offset 8
 1406              		.cfi_offset 4, -8
 1407              		.cfi_offset 14, -4
 1408 000c 0446     		mov	r4, r0
 972:Drivers/STM32H7xx_HAL_Driver/Src/stm32h7xx_hal_sram.c **** 
 1409              		.loc 1 972 5 is_stmt 1 view .LVU421
 972:Drivers/STM32H7xx_HAL_Driver/Src/stm32h7xx_hal_sram.c **** 
 1410              		.loc 1 972 5 view .LVU422
 1411 000e 90F84430 		ldrb	r3, [r0, #68]	@ zero_extendqisi2
 1412 0012 012B     		cmp	r3, #1
 1413 0014 12D0     		beq	.L96
 972:Drivers/STM32H7xx_HAL_Driver/Src/stm32h7xx_hal_sram.c **** 
 1414              		.loc 1 972 5 discriminator 2 view .LVU423
 1415 0016 0123     		movs	r3, #1
 1416 0018 80F84430 		strb	r3, [r0, #68]
 972:Drivers/STM32H7xx_HAL_Driver/Src/stm32h7xx_hal_sram.c **** 
 1417              		.loc 1 972 5 discriminator 2 view .LVU424
 975:Drivers/STM32H7xx_HAL_Driver/Src/stm32h7xx_hal_sram.c **** 
 1418              		.loc 1 975 5 view .LVU425
 975:Drivers/STM32H7xx_HAL_Driver/Src/stm32h7xx_hal_sram.c **** 
 1419              		.loc 1 975 18 is_stmt 0 view .LVU426
 1420 001c 0223     		movs	r3, #2
 1421 001e 80F84530 		strb	r3, [r0, #69]
 978:Drivers/STM32H7xx_HAL_Driver/Src/stm32h7xx_hal_sram.c **** 
 1422              		.loc 1 978 5 is_stmt 1 view .LVU427
 978:Drivers/STM32H7xx_HAL_Driver/Src/stm32h7xx_hal_sram.c **** 
 1423              		.loc 1 978 11 is_stmt 0 view .LVU428
 1424 0022 8168     		ldr	r1, [r0, #8]
 1425 0024 0068     		ldr	r0, [r0]
 1426              	.LVL140:
 978:Drivers/STM32H7xx_HAL_Driver/Src/stm32h7xx_hal_sram.c **** 
 1427              		.loc 1 978 11 view .LVU429
 1428 0026 FFF7FEFF 		bl	FMC_NORSRAM_WriteOperation_Disable
 1429              	.LVL141:
 981:Drivers/STM32H7xx_HAL_Driver/Src/stm32h7xx_hal_sram.c **** 
 1430              		.loc 1 981 5 is_stmt 1 view .LVU430
 981:Drivers/STM32H7xx_HAL_Driver/Src/stm32h7xx_hal_sram.c **** 
 1431              		.loc 1 981 18 is_stmt 0 view .LVU431
 1432 002a 0423     		movs	r3, #4
 1433 002c 84F84530 		strb	r3, [r4, #69]
 984:Drivers/STM32H7xx_HAL_Driver/Src/stm32h7xx_hal_sram.c ****   }
 1434              		.loc 1 984 5 is_stmt 1 view .LVU432
 984:Drivers/STM32H7xx_HAL_Driver/Src/stm32h7xx_hal_sram.c ****   }
ARM GAS  C:\Users\12491\AppData\Local\Temp\ccM8LxEj.s 			page 52


 1435              		.loc 1 984 5 view .LVU433
 1436 0030 0020     		movs	r0, #0
 1437 0032 84F84400 		strb	r0, [r4, #68]
 984:Drivers/STM32H7xx_HAL_Driver/Src/stm32h7xx_hal_sram.c ****   }
 1438              		.loc 1 984 5 view .LVU434
 991:Drivers/STM32H7xx_HAL_Driver/Src/stm32h7xx_hal_sram.c **** }
 1439              		.loc 1 991 3 view .LVU435
 1440              	.L94:
 992:Drivers/STM32H7xx_HAL_Driver/Src/stm32h7xx_hal_sram.c **** 
 1441              		.loc 1 992 1 is_stmt 0 view .LVU436
 1442 0036 10BD     		pop	{r4, pc}
 1443              	.LVL142:
 1444              	.L95:
 1445              	.LCFI27:
 1446              		.cfi_def_cfa_offset 0
 1447              		.cfi_restore 4
 1448              		.cfi_restore 14
 988:Drivers/STM32H7xx_HAL_Driver/Src/stm32h7xx_hal_sram.c ****   }
 1449              		.loc 1 988 12 view .LVU437
 1450 0038 0120     		movs	r0, #1
 1451              	.LVL143:
 992:Drivers/STM32H7xx_HAL_Driver/Src/stm32h7xx_hal_sram.c **** 
 1452              		.loc 1 992 1 view .LVU438
 1453 003a 7047     		bx	lr
 1454              	.LVL144:
 1455              	.L96:
 1456              	.LCFI28:
 1457              		.cfi_def_cfa_offset 8
 1458              		.cfi_offset 4, -8
 1459              		.cfi_offset 14, -4
 972:Drivers/STM32H7xx_HAL_Driver/Src/stm32h7xx_hal_sram.c **** 
 1460              		.loc 1 972 5 discriminator 1 view .LVU439
 1461 003c 0220     		movs	r0, #2
 1462              	.LVL145:
 972:Drivers/STM32H7xx_HAL_Driver/Src/stm32h7xx_hal_sram.c **** 
 1463              		.loc 1 972 5 discriminator 1 view .LVU440
 1464 003e FAE7     		b	.L94
 1465              		.cfi_endproc
 1466              	.LFE159:
 1468              		.section	.text.HAL_SRAM_GetState,"ax",%progbits
 1469              		.align	1
 1470              		.global	HAL_SRAM_GetState
 1471              		.syntax unified
 1472              		.thumb
 1473              		.thumb_func
 1475              	HAL_SRAM_GetState:
 1476              	.LVL146:
 1477              	.LFB160:
1020:Drivers/STM32H7xx_HAL_Driver/Src/stm32h7xx_hal_sram.c ****   return hsram->State;
 1478              		.loc 1 1020 1 is_stmt 1 view -0
 1479              		.cfi_startproc
 1480              		@ args = 0, pretend = 0, frame = 0
 1481              		@ frame_needed = 0, uses_anonymous_args = 0
 1482              		@ link register save eliminated.
1021:Drivers/STM32H7xx_HAL_Driver/Src/stm32h7xx_hal_sram.c **** }
 1483              		.loc 1 1021 3 view .LVU442
1021:Drivers/STM32H7xx_HAL_Driver/Src/stm32h7xx_hal_sram.c **** }
ARM GAS  C:\Users\12491\AppData\Local\Temp\ccM8LxEj.s 			page 53


 1484              		.loc 1 1021 15 is_stmt 0 view .LVU443
 1485 0000 90F84500 		ldrb	r0, [r0, #69]	@ zero_extendqisi2
 1486              	.LVL147:
1022:Drivers/STM32H7xx_HAL_Driver/Src/stm32h7xx_hal_sram.c **** 
 1487              		.loc 1 1022 1 view .LVU444
 1488 0004 7047     		bx	lr
 1489              		.cfi_endproc
 1490              	.LFE160:
 1492              		.text
 1493              	.Letext0:
 1494              		.file 2 "C:\\Program Files\\STMicroelectronics\\STM32Cube\\STM32CubeCLT_1.20.0\\GNU-tools-for-STM3
 1495              		.file 3 "C:\\Program Files\\STMicroelectronics\\STM32Cube\\STM32CubeCLT_1.20.0\\GNU-tools-for-STM3
 1496              		.file 4 "Drivers/CMSIS/Device/ST/STM32H7xx/Include/stm32h743xx.h"
 1497              		.file 5 "Drivers/STM32H7xx_HAL_Driver/Inc/stm32h7xx_hal_def.h"
 1498              		.file 6 "Drivers/STM32H7xx_HAL_Driver/Inc/stm32h7xx_hal_mdma.h"
 1499              		.file 7 "Drivers/STM32H7xx_HAL_Driver/Inc/stm32h7xx_ll_fmc.h"
 1500              		.file 8 "Drivers/STM32H7xx_HAL_Driver/Inc/stm32h7xx_hal_sram.h"
ARM GAS  C:\Users\12491\AppData\Local\Temp\ccM8LxEj.s 			page 54


DEFINED SYMBOLS
                            *ABS*:00000000 stm32h7xx_hal_sram.c
C:\Users\12491\AppData\Local\Temp\ccM8LxEj.s:20     .text.HAL_SRAM_MspInit:00000000 $t
C:\Users\12491\AppData\Local\Temp\ccM8LxEj.s:26     .text.HAL_SRAM_MspInit:00000000 HAL_SRAM_MspInit
C:\Users\12491\AppData\Local\Temp\ccM8LxEj.s:41     .text.HAL_SRAM_Init:00000000 $t
C:\Users\12491\AppData\Local\Temp\ccM8LxEj.s:47     .text.HAL_SRAM_Init:00000000 HAL_SRAM_Init
C:\Users\12491\AppData\Local\Temp\ccM8LxEj.s:143    .text.HAL_SRAM_Init:00000064 $d
C:\Users\12491\AppData\Local\Temp\ccM8LxEj.s:148    .text.HAL_SRAM_MspDeInit:00000000 $t
C:\Users\12491\AppData\Local\Temp\ccM8LxEj.s:154    .text.HAL_SRAM_MspDeInit:00000000 HAL_SRAM_MspDeInit
C:\Users\12491\AppData\Local\Temp\ccM8LxEj.s:169    .text.HAL_SRAM_DeInit:00000000 $t
C:\Users\12491\AppData\Local\Temp\ccM8LxEj.s:175    .text.HAL_SRAM_DeInit:00000000 HAL_SRAM_DeInit
C:\Users\12491\AppData\Local\Temp\ccM8LxEj.s:215    .text.HAL_SRAM_DMA_XferCpltCallback:00000000 $t
C:\Users\12491\AppData\Local\Temp\ccM8LxEj.s:221    .text.HAL_SRAM_DMA_XferCpltCallback:00000000 HAL_SRAM_DMA_XferCpltCallback
C:\Users\12491\AppData\Local\Temp\ccM8LxEj.s:236    .text.SRAM_DMACpltProt:00000000 $t
C:\Users\12491\AppData\Local\Temp\ccM8LxEj.s:241    .text.SRAM_DMACpltProt:00000000 SRAM_DMACpltProt
C:\Users\12491\AppData\Local\Temp\ccM8LxEj.s:276    .text.SRAM_DMACplt:00000000 $t
C:\Users\12491\AppData\Local\Temp\ccM8LxEj.s:281    .text.SRAM_DMACplt:00000000 SRAM_DMACplt
C:\Users\12491\AppData\Local\Temp\ccM8LxEj.s:316    .text.HAL_SRAM_DMA_XferErrorCallback:00000000 $t
C:\Users\12491\AppData\Local\Temp\ccM8LxEj.s:322    .text.HAL_SRAM_DMA_XferErrorCallback:00000000 HAL_SRAM_DMA_XferErrorCallback
C:\Users\12491\AppData\Local\Temp\ccM8LxEj.s:337    .text.SRAM_DMAError:00000000 $t
C:\Users\12491\AppData\Local\Temp\ccM8LxEj.s:342    .text.SRAM_DMAError:00000000 SRAM_DMAError
C:\Users\12491\AppData\Local\Temp\ccM8LxEj.s:377    .text.HAL_SRAM_Read_8b:00000000 $t
C:\Users\12491\AppData\Local\Temp\ccM8LxEj.s:383    .text.HAL_SRAM_Read_8b:00000000 HAL_SRAM_Read_8b
C:\Users\12491\AppData\Local\Temp\ccM8LxEj.s:481    .text.HAL_SRAM_Write_8b:00000000 $t
C:\Users\12491\AppData\Local\Temp\ccM8LxEj.s:487    .text.HAL_SRAM_Write_8b:00000000 HAL_SRAM_Write_8b
C:\Users\12491\AppData\Local\Temp\ccM8LxEj.s:575    .text.HAL_SRAM_Read_16b:00000000 $t
C:\Users\12491\AppData\Local\Temp\ccM8LxEj.s:581    .text.HAL_SRAM_Read_16b:00000000 HAL_SRAM_Read_16b
C:\Users\12491\AppData\Local\Temp\ccM8LxEj.s:704    .text.HAL_SRAM_Write_16b:00000000 $t
C:\Users\12491\AppData\Local\Temp\ccM8LxEj.s:710    .text.HAL_SRAM_Write_16b:00000000 HAL_SRAM_Write_16b
C:\Users\12491\AppData\Local\Temp\ccM8LxEj.s:844    .text.HAL_SRAM_Read_32b:00000000 $t
C:\Users\12491\AppData\Local\Temp\ccM8LxEj.s:850    .text.HAL_SRAM_Read_32b:00000000 HAL_SRAM_Read_32b
C:\Users\12491\AppData\Local\Temp\ccM8LxEj.s:957    .text.HAL_SRAM_Write_32b:00000000 $t
C:\Users\12491\AppData\Local\Temp\ccM8LxEj.s:963    .text.HAL_SRAM_Write_32b:00000000 HAL_SRAM_Write_32b
C:\Users\12491\AppData\Local\Temp\ccM8LxEj.s:1065   .text.HAL_SRAM_Read_DMA:00000000 $t
C:\Users\12491\AppData\Local\Temp\ccM8LxEj.s:1071   .text.HAL_SRAM_Read_DMA:00000000 HAL_SRAM_Read_DMA
C:\Users\12491\AppData\Local\Temp\ccM8LxEj.s:1185   .text.HAL_SRAM_Read_DMA:00000060 $d
C:\Users\12491\AppData\Local\Temp\ccM8LxEj.s:1192   .text.HAL_SRAM_Write_DMA:00000000 $t
C:\Users\12491\AppData\Local\Temp\ccM8LxEj.s:1198   .text.HAL_SRAM_Write_DMA:00000000 HAL_SRAM_Write_DMA
C:\Users\12491\AppData\Local\Temp\ccM8LxEj.s:1296   .text.HAL_SRAM_Write_DMA:00000054 $d
C:\Users\12491\AppData\Local\Temp\ccM8LxEj.s:1302   .text.HAL_SRAM_WriteOperation_Enable:00000000 $t
C:\Users\12491\AppData\Local\Temp\ccM8LxEj.s:1308   .text.HAL_SRAM_WriteOperation_Enable:00000000 HAL_SRAM_WriteOperation_Enable
C:\Users\12491\AppData\Local\Temp\ccM8LxEj.s:1382   .text.HAL_SRAM_WriteOperation_Disable:00000000 $t
C:\Users\12491\AppData\Local\Temp\ccM8LxEj.s:1388   .text.HAL_SRAM_WriteOperation_Disable:00000000 HAL_SRAM_WriteOperation_Disable
C:\Users\12491\AppData\Local\Temp\ccM8LxEj.s:1469   .text.HAL_SRAM_GetState:00000000 $t
C:\Users\12491\AppData\Local\Temp\ccM8LxEj.s:1475   .text.HAL_SRAM_GetState:00000000 HAL_SRAM_GetState

UNDEFINED SYMBOLS
FMC_NORSRAM_Init
FMC_NORSRAM_Timing_Init
FMC_NORSRAM_Extended_Timing_Init
FMC_NORSRAM_DeInit
HAL_MDMA_Start_IT
FMC_NORSRAM_WriteOperation_Enable
FMC_NORSRAM_WriteOperation_Disable
