ARM GAS  C:\Users\12491\AppData\Local\Temp\ccCAIkbk.s 			page 1


   1              		.cpu cortex-m7
   2              		.arch armv7e-m
   3              		.fpu fpv5-d16
   4              		.eabi_attribute 28, 1
   5              		.eabi_attribute 20, 1
   6              		.eabi_attribute 21, 1
   7              		.eabi_attribute 23, 3
   8              		.eabi_attribute 24, 1
   9              		.eabi_attribute 25, 1
  10              		.eabi_attribute 26, 1
  11              		.eabi_attribute 30, 1
  12              		.eabi_attribute 34, 1
  13              		.eabi_attribute 18, 4
  14              		.file	"stm32h7xx_hal_qspi.c"
  15              		.text
  16              	.Ltext0:
  17              		.cfi_sections	.debug_frame
  18              		.file 1 "Drivers/STM32H7xx_HAL_Driver/Src/stm32h7xx_hal_qspi.c"
  19              		.section	.text.QSPI_DMARxCplt,"ax",%progbits
  20              		.align	1
  21              		.syntax unified
  22              		.thumb
  23              		.thumb_func
  25              	QSPI_DMARxCplt:
  26              	.LVL0:
  27              	.LFB176:
   1:Drivers/STM32H7xx_HAL_Driver/Src/stm32h7xx_hal_qspi.c **** /**
   2:Drivers/STM32H7xx_HAL_Driver/Src/stm32h7xx_hal_qspi.c ****   ******************************************************************************
   3:Drivers/STM32H7xx_HAL_Driver/Src/stm32h7xx_hal_qspi.c ****   * @file    stm32h7xx_hal_qspi.c
   4:Drivers/STM32H7xx_HAL_Driver/Src/stm32h7xx_hal_qspi.c ****   * @author  MCD Application Team
   5:Drivers/STM32H7xx_HAL_Driver/Src/stm32h7xx_hal_qspi.c ****   * @brief   QSPI HAL module driver.
   6:Drivers/STM32H7xx_HAL_Driver/Src/stm32h7xx_hal_qspi.c ****   *          This file provides firmware functions to manage the following
   7:Drivers/STM32H7xx_HAL_Driver/Src/stm32h7xx_hal_qspi.c ****   *          functionalities of the QuadSPI interface (QSPI).
   8:Drivers/STM32H7xx_HAL_Driver/Src/stm32h7xx_hal_qspi.c ****   *           + Initialization and de-initialization functions
   9:Drivers/STM32H7xx_HAL_Driver/Src/stm32h7xx_hal_qspi.c ****   *           + Indirect functional mode management
  10:Drivers/STM32H7xx_HAL_Driver/Src/stm32h7xx_hal_qspi.c ****   *           + Memory-mapped functional mode management
  11:Drivers/STM32H7xx_HAL_Driver/Src/stm32h7xx_hal_qspi.c ****   *           + Auto-polling functional mode management
  12:Drivers/STM32H7xx_HAL_Driver/Src/stm32h7xx_hal_qspi.c ****   *           + Interrupts and flags management
  13:Drivers/STM32H7xx_HAL_Driver/Src/stm32h7xx_hal_qspi.c ****   *           + MDMA channel configuration for indirect functional mode
  14:Drivers/STM32H7xx_HAL_Driver/Src/stm32h7xx_hal_qspi.c ****   *           + Errors management and abort functionality
  15:Drivers/STM32H7xx_HAL_Driver/Src/stm32h7xx_hal_qspi.c ****   *
  16:Drivers/STM32H7xx_HAL_Driver/Src/stm32h7xx_hal_qspi.c ****   *
  17:Drivers/STM32H7xx_HAL_Driver/Src/stm32h7xx_hal_qspi.c ****   ******************************************************************************
  18:Drivers/STM32H7xx_HAL_Driver/Src/stm32h7xx_hal_qspi.c ****   * @attention
  19:Drivers/STM32H7xx_HAL_Driver/Src/stm32h7xx_hal_qspi.c ****   *
  20:Drivers/STM32H7xx_HAL_Driver/Src/stm32h7xx_hal_qspi.c ****   * Copyright (c) 2017 STMicroelectronics.
  21:Drivers/STM32H7xx_HAL_Driver/Src/stm32h7xx_hal_qspi.c ****   * All rights reserved.
  22:Drivers/STM32H7xx_HAL_Driver/Src/stm32h7xx_hal_qspi.c ****   *
  23:Drivers/STM32H7xx_HAL_Driver/Src/stm32h7xx_hal_qspi.c ****   * This software is licensed under terms that can be found in the LICENSE file
  24:Drivers/STM32H7xx_HAL_Driver/Src/stm32h7xx_hal_qspi.c ****   * in the root directory of this software component.
  25:Drivers/STM32H7xx_HAL_Driver/Src/stm32h7xx_hal_qspi.c ****   * If no LICENSE file comes with this software, it is provided AS-IS.
  26:Drivers/STM32H7xx_HAL_Driver/Src/stm32h7xx_hal_qspi.c ****   *
  27:Drivers/STM32H7xx_HAL_Driver/Src/stm32h7xx_hal_qspi.c ****   ******************************************************************************
  28:Drivers/STM32H7xx_HAL_Driver/Src/stm32h7xx_hal_qspi.c ****   @verbatim
  29:Drivers/STM32H7xx_HAL_Driver/Src/stm32h7xx_hal_qspi.c ****  ===============================================================================
  30:Drivers/STM32H7xx_HAL_Driver/Src/stm32h7xx_hal_qspi.c ****                         ##### How to use this driver #####
  31:Drivers/STM32H7xx_HAL_Driver/Src/stm32h7xx_hal_qspi.c ****  ===============================================================================
ARM GAS  C:\Users\12491\AppData\Local\Temp\ccCAIkbk.s 			page 2


  32:Drivers/STM32H7xx_HAL_Driver/Src/stm32h7xx_hal_qspi.c ****   [..]
  33:Drivers/STM32H7xx_HAL_Driver/Src/stm32h7xx_hal_qspi.c ****     *** Initialization ***
  34:Drivers/STM32H7xx_HAL_Driver/Src/stm32h7xx_hal_qspi.c ****     ======================
  35:Drivers/STM32H7xx_HAL_Driver/Src/stm32h7xx_hal_qspi.c ****     [..]
  36:Drivers/STM32H7xx_HAL_Driver/Src/stm32h7xx_hal_qspi.c ****       (#) As prerequisite, fill in the HAL_QSPI_MspInit() :
  37:Drivers/STM32H7xx_HAL_Driver/Src/stm32h7xx_hal_qspi.c ****         (++) Enable QuadSPI clock interface with __HAL_RCC_QSPI_CLK_ENABLE().
  38:Drivers/STM32H7xx_HAL_Driver/Src/stm32h7xx_hal_qspi.c ****         (++) Reset QuadSPI Peripheral with __HAL_RCC_QSPI_FORCE_RESET() and __HAL_RCC_QSPI_RELEASE_
  39:Drivers/STM32H7xx_HAL_Driver/Src/stm32h7xx_hal_qspi.c ****         (++) Enable the clocks for the QuadSPI GPIOS with __HAL_RCC_GPIOx_CLK_ENABLE().
  40:Drivers/STM32H7xx_HAL_Driver/Src/stm32h7xx_hal_qspi.c ****         (++) Configure these QuadSPI pins in alternate mode using HAL_GPIO_Init().
  41:Drivers/STM32H7xx_HAL_Driver/Src/stm32h7xx_hal_qspi.c ****         (++) If interrupt mode is used, enable and configure QuadSPI global
  42:Drivers/STM32H7xx_HAL_Driver/Src/stm32h7xx_hal_qspi.c ****             interrupt with HAL_NVIC_SetPriority() and HAL_NVIC_EnableIRQ().
  43:Drivers/STM32H7xx_HAL_Driver/Src/stm32h7xx_hal_qspi.c ****         (++) If DMA mode is used, enable the clocks for the QuadSPI MDMA
  44:Drivers/STM32H7xx_HAL_Driver/Src/stm32h7xx_hal_qspi.c ****             with __HAL_RCC_MDMA_CLK_ENABLE(), configure MDMA with HAL_MDMA_Init(),
  45:Drivers/STM32H7xx_HAL_Driver/Src/stm32h7xx_hal_qspi.c ****             link it with QuadSPI handle using __HAL_LINKDMA(), enable and configure
  46:Drivers/STM32H7xx_HAL_Driver/Src/stm32h7xx_hal_qspi.c ****             MDMA global interrupt with HAL_NVIC_SetPriority() and HAL_NVIC_EnableIRQ().
  47:Drivers/STM32H7xx_HAL_Driver/Src/stm32h7xx_hal_qspi.c ****       (#) Configure the flash size, the clock prescaler, the fifo threshold, the
  48:Drivers/STM32H7xx_HAL_Driver/Src/stm32h7xx_hal_qspi.c ****           clock mode, the sample shifting and the CS high time using the HAL_QSPI_Init() function.
  49:Drivers/STM32H7xx_HAL_Driver/Src/stm32h7xx_hal_qspi.c **** 
  50:Drivers/STM32H7xx_HAL_Driver/Src/stm32h7xx_hal_qspi.c ****     *** Indirect functional mode ***
  51:Drivers/STM32H7xx_HAL_Driver/Src/stm32h7xx_hal_qspi.c ****     ================================
  52:Drivers/STM32H7xx_HAL_Driver/Src/stm32h7xx_hal_qspi.c ****     [..]
  53:Drivers/STM32H7xx_HAL_Driver/Src/stm32h7xx_hal_qspi.c ****       (#) Configure the command sequence using the HAL_QSPI_Command() or HAL_QSPI_Command_IT()
  54:Drivers/STM32H7xx_HAL_Driver/Src/stm32h7xx_hal_qspi.c ****           functions :
  55:Drivers/STM32H7xx_HAL_Driver/Src/stm32h7xx_hal_qspi.c ****          (++) Instruction phase : the mode used and if present the instruction opcode.
  56:Drivers/STM32H7xx_HAL_Driver/Src/stm32h7xx_hal_qspi.c ****          (++) Address phase : the mode used and if present the size and the address value.
  57:Drivers/STM32H7xx_HAL_Driver/Src/stm32h7xx_hal_qspi.c ****          (++) Alternate-bytes phase : the mode used and if present the size and the alternate
  58:Drivers/STM32H7xx_HAL_Driver/Src/stm32h7xx_hal_qspi.c ****              bytes values.
  59:Drivers/STM32H7xx_HAL_Driver/Src/stm32h7xx_hal_qspi.c ****          (++) Dummy-cycles phase : the number of dummy cycles (mode used is same as data phase).
  60:Drivers/STM32H7xx_HAL_Driver/Src/stm32h7xx_hal_qspi.c ****          (++) Data phase : the mode used and if present the number of bytes.
  61:Drivers/STM32H7xx_HAL_Driver/Src/stm32h7xx_hal_qspi.c ****          (++) Double Data Rate (DDR) mode : the activation (or not) of this mode and the delay
  62:Drivers/STM32H7xx_HAL_Driver/Src/stm32h7xx_hal_qspi.c ****              if activated.
  63:Drivers/STM32H7xx_HAL_Driver/Src/stm32h7xx_hal_qspi.c ****          (++) Sending Instruction Only Once (SIOO) mode : the activation (or not) of this mode.
  64:Drivers/STM32H7xx_HAL_Driver/Src/stm32h7xx_hal_qspi.c ****       (#) If no data is required for the command, it is sent directly to the memory :
  65:Drivers/STM32H7xx_HAL_Driver/Src/stm32h7xx_hal_qspi.c ****          (++) In polling mode, the output of the function is done when the transfer is complete.
  66:Drivers/STM32H7xx_HAL_Driver/Src/stm32h7xx_hal_qspi.c ****          (++) In interrupt mode, HAL_QSPI_CmdCpltCallback() will be called when the transfer is com
  67:Drivers/STM32H7xx_HAL_Driver/Src/stm32h7xx_hal_qspi.c ****       (#) For the indirect write mode, use HAL_QSPI_Transmit(), HAL_QSPI_Transmit_DMA() or
  68:Drivers/STM32H7xx_HAL_Driver/Src/stm32h7xx_hal_qspi.c ****           HAL_QSPI_Transmit_IT() after the command configuration :
  69:Drivers/STM32H7xx_HAL_Driver/Src/stm32h7xx_hal_qspi.c ****          (++) In polling mode, the output of the function is done when the transfer is complete.
  70:Drivers/STM32H7xx_HAL_Driver/Src/stm32h7xx_hal_qspi.c ****          (++) In interrupt mode, HAL_QSPI_FifoThresholdCallback() will be called when the fifo thre
  71:Drivers/STM32H7xx_HAL_Driver/Src/stm32h7xx_hal_qspi.c ****              is reached and HAL_QSPI_TxCpltCallback() will be called when the transfer is complete.
  72:Drivers/STM32H7xx_HAL_Driver/Src/stm32h7xx_hal_qspi.c ****          (++) In DMA mode,HAL_QSPI_TxCpltCallback() will be called when the transfer is complete.
  73:Drivers/STM32H7xx_HAL_Driver/Src/stm32h7xx_hal_qspi.c ****       (#) For the indirect read mode, use HAL_QSPI_Receive(), HAL_QSPI_Receive_DMA() or
  74:Drivers/STM32H7xx_HAL_Driver/Src/stm32h7xx_hal_qspi.c ****           HAL_QSPI_Receive_IT() after the command configuration :
  75:Drivers/STM32H7xx_HAL_Driver/Src/stm32h7xx_hal_qspi.c ****          (++) In polling mode, the output of the function is done when the transfer is complete.
  76:Drivers/STM32H7xx_HAL_Driver/Src/stm32h7xx_hal_qspi.c ****          (++) In interrupt mode, HAL_QSPI_FifoThresholdCallback() will be called when the fifo thre
  77:Drivers/STM32H7xx_HAL_Driver/Src/stm32h7xx_hal_qspi.c ****              is reached and HAL_QSPI_RxCpltCallback() will be called when the transfer is complete.
  78:Drivers/STM32H7xx_HAL_Driver/Src/stm32h7xx_hal_qspi.c **** 	     (++) In DMA mode,HAL_QSPI_RxCpltCallback() will be called when the transfer is complete.
  79:Drivers/STM32H7xx_HAL_Driver/Src/stm32h7xx_hal_qspi.c **** 
  80:Drivers/STM32H7xx_HAL_Driver/Src/stm32h7xx_hal_qspi.c ****     *** Auto-polling functional mode ***
  81:Drivers/STM32H7xx_HAL_Driver/Src/stm32h7xx_hal_qspi.c ****     ====================================
  82:Drivers/STM32H7xx_HAL_Driver/Src/stm32h7xx_hal_qspi.c ****     [..]
  83:Drivers/STM32H7xx_HAL_Driver/Src/stm32h7xx_hal_qspi.c ****       (#) Configure the command sequence and the auto-polling functional mode using the
  84:Drivers/STM32H7xx_HAL_Driver/Src/stm32h7xx_hal_qspi.c ****           HAL_QSPI_AutoPolling() or HAL_QSPI_AutoPolling_IT() functions :
  85:Drivers/STM32H7xx_HAL_Driver/Src/stm32h7xx_hal_qspi.c ****          (++) Instruction phase : the mode used and if present the instruction opcode.
  86:Drivers/STM32H7xx_HAL_Driver/Src/stm32h7xx_hal_qspi.c ****          (++) Address phase : the mode used and if present the size and the address value.
  87:Drivers/STM32H7xx_HAL_Driver/Src/stm32h7xx_hal_qspi.c ****          (++) Alternate-bytes phase : the mode used and if present the size and the alternate
  88:Drivers/STM32H7xx_HAL_Driver/Src/stm32h7xx_hal_qspi.c ****              bytes values.
ARM GAS  C:\Users\12491\AppData\Local\Temp\ccCAIkbk.s 			page 3


  89:Drivers/STM32H7xx_HAL_Driver/Src/stm32h7xx_hal_qspi.c ****          (++) Dummy-cycles phase : the number of dummy cycles (mode used is same as data phase).
  90:Drivers/STM32H7xx_HAL_Driver/Src/stm32h7xx_hal_qspi.c ****          (++) Data phase : the mode used.
  91:Drivers/STM32H7xx_HAL_Driver/Src/stm32h7xx_hal_qspi.c ****          (++) Double Data Rate (DDR) mode : the activation (or not) of this mode and the delay
  92:Drivers/STM32H7xx_HAL_Driver/Src/stm32h7xx_hal_qspi.c ****              if activated.
  93:Drivers/STM32H7xx_HAL_Driver/Src/stm32h7xx_hal_qspi.c ****          (++) Sending Instruction Only Once (SIOO) mode : the activation (or not) of this mode.
  94:Drivers/STM32H7xx_HAL_Driver/Src/stm32h7xx_hal_qspi.c ****          (++) The size of the status bytes, the match value, the mask used, the match mode (OR/AND)
  95:Drivers/STM32H7xx_HAL_Driver/Src/stm32h7xx_hal_qspi.c ****              the polling interval and the automatic stop activation.
  96:Drivers/STM32H7xx_HAL_Driver/Src/stm32h7xx_hal_qspi.c ****       (#) After the configuration :
  97:Drivers/STM32H7xx_HAL_Driver/Src/stm32h7xx_hal_qspi.c ****          (++) In polling mode, the output of the function is done when the status match is reached.
  98:Drivers/STM32H7xx_HAL_Driver/Src/stm32h7xx_hal_qspi.c ****              automatic stop is activated to avoid an infinite loop.
  99:Drivers/STM32H7xx_HAL_Driver/Src/stm32h7xx_hal_qspi.c ****          (++) In interrupt mode, HAL_QSPI_StatusMatchCallback() will be called each time the status
 100:Drivers/STM32H7xx_HAL_Driver/Src/stm32h7xx_hal_qspi.c **** 
 101:Drivers/STM32H7xx_HAL_Driver/Src/stm32h7xx_hal_qspi.c ****     *** MDMA functional mode ***
 102:Drivers/STM32H7xx_HAL_Driver/Src/stm32h7xx_hal_qspi.c ****     ====================================
 103:Drivers/STM32H7xx_HAL_Driver/Src/stm32h7xx_hal_qspi.c ****     [..]
 104:Drivers/STM32H7xx_HAL_Driver/Src/stm32h7xx_hal_qspi.c ****       (#) Configure the SourceInc and DestinationInc of MDMA parameters in the HAL_QSPI_MspInit() f
 105:Drivers/STM32H7xx_HAL_Driver/Src/stm32h7xx_hal_qspi.c ****          (++) MDMA settings for write operation :
 106:Drivers/STM32H7xx_HAL_Driver/Src/stm32h7xx_hal_qspi.c ****           (+) The DestinationInc should be MDMA_DEST_INC_DISABLE
 107:Drivers/STM32H7xx_HAL_Driver/Src/stm32h7xx_hal_qspi.c ****           (+) The SourceInc must be a value of MDMA_Source_increment_mode (Except the MDMA_SRC_INC_
 108:Drivers/STM32H7xx_HAL_Driver/Src/stm32h7xx_hal_qspi.c ****           (+) The SourceDataSize must be a value of MDMA Source data size (Except the MDMA_SRC_DATA
 109:Drivers/STM32H7xx_HAL_Driver/Src/stm32h7xx_hal_qspi.c ****               aligned with MDMA_Source_increment_mode .
 110:Drivers/STM32H7xx_HAL_Driver/Src/stm32h7xx_hal_qspi.c ****           (+) The DestDataSize must be a value of MDMA Destination data size (Except the MDMA_DEST_
 111:Drivers/STM32H7xx_HAL_Driver/Src/stm32h7xx_hal_qspi.c ****          (++) MDMA settings for read operation :
 112:Drivers/STM32H7xx_HAL_Driver/Src/stm32h7xx_hal_qspi.c ****           (+) The SourceInc should be MDMA_SRC_INC_DISABLE
 113:Drivers/STM32H7xx_HAL_Driver/Src/stm32h7xx_hal_qspi.c ****           (+) The DestinationInc must be a value of MDMA_Destination_increment_mode (Except the MDM
 114:Drivers/STM32H7xx_HAL_Driver/Src/stm32h7xx_hal_qspi.c ****           (+) The SourceDataSize must be a value of MDMA Source data size (Except the MDMA_SRC_DATA
 115:Drivers/STM32H7xx_HAL_Driver/Src/stm32h7xx_hal_qspi.c ****           (+) The DestDataSize must be a value of MDMA Destination data size (Except the MDMA_DEST_
 116:Drivers/STM32H7xx_HAL_Driver/Src/stm32h7xx_hal_qspi.c ****               aligned with MDMA_Destination_increment_mode.
 117:Drivers/STM32H7xx_HAL_Driver/Src/stm32h7xx_hal_qspi.c ****          (++)The buffer Transfer Length (BufferTransferLength) = number of bytes in the FIFO (FifoT
 118:Drivers/STM32H7xx_HAL_Driver/Src/stm32h7xx_hal_qspi.c ****       (#)In case of wrong MDMA setting
 119:Drivers/STM32H7xx_HAL_Driver/Src/stm32h7xx_hal_qspi.c ****         (++) For write operation :
 120:Drivers/STM32H7xx_HAL_Driver/Src/stm32h7xx_hal_qspi.c ****          (+) If the DestinationInc is different to MDMA_DEST_INC_DISABLE , it will be disabled by t
 121:Drivers/STM32H7xx_HAL_Driver/Src/stm32h7xx_hal_qspi.c ****         (++) For read operation :
 122:Drivers/STM32H7xx_HAL_Driver/Src/stm32h7xx_hal_qspi.c ****          (+) If the SourceInc is not set to MDMA_SRC_INC_DISABLE , it will be disabled by the HAL_Q
 123:Drivers/STM32H7xx_HAL_Driver/Src/stm32h7xx_hal_qspi.c **** 
 124:Drivers/STM32H7xx_HAL_Driver/Src/stm32h7xx_hal_qspi.c ****     *** Memory-mapped functional mode ***
 125:Drivers/STM32H7xx_HAL_Driver/Src/stm32h7xx_hal_qspi.c ****     =====================================
 126:Drivers/STM32H7xx_HAL_Driver/Src/stm32h7xx_hal_qspi.c ****     [..]
 127:Drivers/STM32H7xx_HAL_Driver/Src/stm32h7xx_hal_qspi.c ****       (#) Configure the command sequence and the memory-mapped functional mode using the
 128:Drivers/STM32H7xx_HAL_Driver/Src/stm32h7xx_hal_qspi.c ****           HAL_QSPI_MemoryMapped() functions :
 129:Drivers/STM32H7xx_HAL_Driver/Src/stm32h7xx_hal_qspi.c ****          (++) Instruction phase : the mode used and if present the instruction opcode.
 130:Drivers/STM32H7xx_HAL_Driver/Src/stm32h7xx_hal_qspi.c ****          (++) Address phase : the mode used and the size.
 131:Drivers/STM32H7xx_HAL_Driver/Src/stm32h7xx_hal_qspi.c ****          (++) Alternate-bytes phase : the mode used and if present the size and the alternate
 132:Drivers/STM32H7xx_HAL_Driver/Src/stm32h7xx_hal_qspi.c ****              bytes values.
 133:Drivers/STM32H7xx_HAL_Driver/Src/stm32h7xx_hal_qspi.c ****          (++) Dummy-cycles phase : the number of dummy cycles (mode used is same as data phase).
 134:Drivers/STM32H7xx_HAL_Driver/Src/stm32h7xx_hal_qspi.c ****          (++) Data phase : the mode used.
 135:Drivers/STM32H7xx_HAL_Driver/Src/stm32h7xx_hal_qspi.c ****          (++) Double Data Rate (DDR) mode : the activation (or not) of this mode and the delay
 136:Drivers/STM32H7xx_HAL_Driver/Src/stm32h7xx_hal_qspi.c ****              if activated.
 137:Drivers/STM32H7xx_HAL_Driver/Src/stm32h7xx_hal_qspi.c ****          (++) Sending Instruction Only Once (SIOO) mode : the activation (or not) of this mode.
 138:Drivers/STM32H7xx_HAL_Driver/Src/stm32h7xx_hal_qspi.c ****          (++) The timeout activation and the timeout period.
 139:Drivers/STM32H7xx_HAL_Driver/Src/stm32h7xx_hal_qspi.c ****       (#) After the configuration, the QuadSPI will be used as soon as an access on the AHB is done
 140:Drivers/STM32H7xx_HAL_Driver/Src/stm32h7xx_hal_qspi.c ****           the address range. HAL_QSPI_TimeOutCallback() will be called when the timeout expires.
 141:Drivers/STM32H7xx_HAL_Driver/Src/stm32h7xx_hal_qspi.c **** 
 142:Drivers/STM32H7xx_HAL_Driver/Src/stm32h7xx_hal_qspi.c ****     *** Errors management and abort functionality ***
 143:Drivers/STM32H7xx_HAL_Driver/Src/stm32h7xx_hal_qspi.c ****     =================================================
 144:Drivers/STM32H7xx_HAL_Driver/Src/stm32h7xx_hal_qspi.c ****     [..]
 145:Drivers/STM32H7xx_HAL_Driver/Src/stm32h7xx_hal_qspi.c ****       (#) HAL_QSPI_GetError() function gives the error raised during the last operation.
ARM GAS  C:\Users\12491\AppData\Local\Temp\ccCAIkbk.s 			page 4


 146:Drivers/STM32H7xx_HAL_Driver/Src/stm32h7xx_hal_qspi.c ****       (#) HAL_QSPI_Abort() and HAL_QSPI_Abort_IT() functions aborts any on-going operation and
 147:Drivers/STM32H7xx_HAL_Driver/Src/stm32h7xx_hal_qspi.c ****           flushes the fifo :
 148:Drivers/STM32H7xx_HAL_Driver/Src/stm32h7xx_hal_qspi.c ****          (++) In polling mode, the output of the function is done when the transfer
 149:Drivers/STM32H7xx_HAL_Driver/Src/stm32h7xx_hal_qspi.c ****               complete bit is set and the busy bit cleared.
 150:Drivers/STM32H7xx_HAL_Driver/Src/stm32h7xx_hal_qspi.c ****          (++) In interrupt mode, HAL_QSPI_AbortCpltCallback() will be called when
 151:Drivers/STM32H7xx_HAL_Driver/Src/stm32h7xx_hal_qspi.c ****               the transfer complete bit is set.
 152:Drivers/STM32H7xx_HAL_Driver/Src/stm32h7xx_hal_qspi.c **** 
 153:Drivers/STM32H7xx_HAL_Driver/Src/stm32h7xx_hal_qspi.c ****     *** Control functions ***
 154:Drivers/STM32H7xx_HAL_Driver/Src/stm32h7xx_hal_qspi.c ****     =========================
 155:Drivers/STM32H7xx_HAL_Driver/Src/stm32h7xx_hal_qspi.c ****     [..]
 156:Drivers/STM32H7xx_HAL_Driver/Src/stm32h7xx_hal_qspi.c ****       (#) HAL_QSPI_GetState() function gives the current state of the HAL QuadSPI driver.
 157:Drivers/STM32H7xx_HAL_Driver/Src/stm32h7xx_hal_qspi.c ****       (#) HAL_QSPI_SetTimeout() function configures the timeout value used in the driver.
 158:Drivers/STM32H7xx_HAL_Driver/Src/stm32h7xx_hal_qspi.c ****       (#) HAL_QSPI_SetFifoThreshold() function configures the threshold on the Fifo of the QSPI IP.
 159:Drivers/STM32H7xx_HAL_Driver/Src/stm32h7xx_hal_qspi.c ****       (#) HAL_QSPI_GetFifoThreshold() function gives the current of the Fifo's threshold
 160:Drivers/STM32H7xx_HAL_Driver/Src/stm32h7xx_hal_qspi.c ****       (#) HAL_QSPI_SetFlashID() function configures the index of the flash memory to be accessed.
 161:Drivers/STM32H7xx_HAL_Driver/Src/stm32h7xx_hal_qspi.c **** 
 162:Drivers/STM32H7xx_HAL_Driver/Src/stm32h7xx_hal_qspi.c ****     *** Callback registration ***
 163:Drivers/STM32H7xx_HAL_Driver/Src/stm32h7xx_hal_qspi.c ****     =============================================
 164:Drivers/STM32H7xx_HAL_Driver/Src/stm32h7xx_hal_qspi.c ****     [..]
 165:Drivers/STM32H7xx_HAL_Driver/Src/stm32h7xx_hal_qspi.c ****       The compilation define  USE_HAL_QSPI_REGISTER_CALLBACKS when set to 1
 166:Drivers/STM32H7xx_HAL_Driver/Src/stm32h7xx_hal_qspi.c ****       allows the user to configure dynamically the driver callbacks.
 167:Drivers/STM32H7xx_HAL_Driver/Src/stm32h7xx_hal_qspi.c **** 
 168:Drivers/STM32H7xx_HAL_Driver/Src/stm32h7xx_hal_qspi.c ****       Use Functions HAL_QSPI_RegisterCallback() to register a user callback,
 169:Drivers/STM32H7xx_HAL_Driver/Src/stm32h7xx_hal_qspi.c ****       it allows to register following callbacks:
 170:Drivers/STM32H7xx_HAL_Driver/Src/stm32h7xx_hal_qspi.c ****         (+) ErrorCallback : callback when error occurs.
 171:Drivers/STM32H7xx_HAL_Driver/Src/stm32h7xx_hal_qspi.c ****         (+) AbortCpltCallback : callback when abort is completed.
 172:Drivers/STM32H7xx_HAL_Driver/Src/stm32h7xx_hal_qspi.c ****         (+) FifoThresholdCallback : callback when the fifo threshold is reached.
 173:Drivers/STM32H7xx_HAL_Driver/Src/stm32h7xx_hal_qspi.c ****         (+) CmdCpltCallback : callback when a command without data is completed.
 174:Drivers/STM32H7xx_HAL_Driver/Src/stm32h7xx_hal_qspi.c ****         (+) RxCpltCallback : callback when a reception transfer is completed.
 175:Drivers/STM32H7xx_HAL_Driver/Src/stm32h7xx_hal_qspi.c ****         (+) TxCpltCallback : callback when a transmission transfer is completed.
 176:Drivers/STM32H7xx_HAL_Driver/Src/stm32h7xx_hal_qspi.c ****         (+) StatusMatchCallback : callback when a status match occurs.
 177:Drivers/STM32H7xx_HAL_Driver/Src/stm32h7xx_hal_qspi.c ****         (+) TimeOutCallback : callback when the timeout perioed expires.
 178:Drivers/STM32H7xx_HAL_Driver/Src/stm32h7xx_hal_qspi.c ****         (+) MspInitCallback    : QSPI MspInit.
 179:Drivers/STM32H7xx_HAL_Driver/Src/stm32h7xx_hal_qspi.c ****         (+) MspDeInitCallback  : QSPI MspDeInit.
 180:Drivers/STM32H7xx_HAL_Driver/Src/stm32h7xx_hal_qspi.c ****       This function takes as parameters the HAL peripheral handle, the Callback ID
 181:Drivers/STM32H7xx_HAL_Driver/Src/stm32h7xx_hal_qspi.c ****       and a pointer to the user callback function.
 182:Drivers/STM32H7xx_HAL_Driver/Src/stm32h7xx_hal_qspi.c **** 
 183:Drivers/STM32H7xx_HAL_Driver/Src/stm32h7xx_hal_qspi.c ****       Use function HAL_QSPI_UnRegisterCallback() to reset a callback to the default
 184:Drivers/STM32H7xx_HAL_Driver/Src/stm32h7xx_hal_qspi.c ****       weak (overridden) function. It allows to reset following callbacks:
 185:Drivers/STM32H7xx_HAL_Driver/Src/stm32h7xx_hal_qspi.c ****         (+) ErrorCallback : callback when error occurs.
 186:Drivers/STM32H7xx_HAL_Driver/Src/stm32h7xx_hal_qspi.c ****         (+) AbortCpltCallback : callback when abort is completed.
 187:Drivers/STM32H7xx_HAL_Driver/Src/stm32h7xx_hal_qspi.c ****         (+) FifoThresholdCallback : callback when the fifo threshold is reached.
 188:Drivers/STM32H7xx_HAL_Driver/Src/stm32h7xx_hal_qspi.c ****         (+) CmdCpltCallback : callback when a command without data is completed.
 189:Drivers/STM32H7xx_HAL_Driver/Src/stm32h7xx_hal_qspi.c ****         (+) RxCpltCallback : callback when a reception transfer is completed.
 190:Drivers/STM32H7xx_HAL_Driver/Src/stm32h7xx_hal_qspi.c ****         (+) TxCpltCallback : callback when a transmission transfer is completed.
 191:Drivers/STM32H7xx_HAL_Driver/Src/stm32h7xx_hal_qspi.c ****         (+) StatusMatchCallback : callback when a status match occurs.
 192:Drivers/STM32H7xx_HAL_Driver/Src/stm32h7xx_hal_qspi.c ****         (+) TimeOutCallback : callback when the timeout perioed expires.
 193:Drivers/STM32H7xx_HAL_Driver/Src/stm32h7xx_hal_qspi.c ****         (+) MspInitCallback    : QSPI MspInit.
 194:Drivers/STM32H7xx_HAL_Driver/Src/stm32h7xx_hal_qspi.c ****         (+) MspDeInitCallback  : QSPI MspDeInit.
 195:Drivers/STM32H7xx_HAL_Driver/Src/stm32h7xx_hal_qspi.c ****       This function) takes as parameters the HAL peripheral handle and the Callback ID.
 196:Drivers/STM32H7xx_HAL_Driver/Src/stm32h7xx_hal_qspi.c **** 
 197:Drivers/STM32H7xx_HAL_Driver/Src/stm32h7xx_hal_qspi.c ****       By default, after the HAL_QSPI_Init and if the state is HAL_QSPI_STATE_RESET
 198:Drivers/STM32H7xx_HAL_Driver/Src/stm32h7xx_hal_qspi.c ****       all callbacks are reset to the corresponding legacy weak (overridden) functions.
 199:Drivers/STM32H7xx_HAL_Driver/Src/stm32h7xx_hal_qspi.c ****       Exception done for MspInit and MspDeInit callbacks that are respectively
 200:Drivers/STM32H7xx_HAL_Driver/Src/stm32h7xx_hal_qspi.c ****       reset to the legacy weak (overridden) functions in the HAL_QSPI_Init
 201:Drivers/STM32H7xx_HAL_Driver/Src/stm32h7xx_hal_qspi.c ****       and  HAL_QSPI_DeInit only when these callbacks are null (not registered beforehand).
 202:Drivers/STM32H7xx_HAL_Driver/Src/stm32h7xx_hal_qspi.c ****       If not, MspInit or MspDeInit are not null, the HAL_QSPI_Init and HAL_QSPI_DeInit
ARM GAS  C:\Users\12491\AppData\Local\Temp\ccCAIkbk.s 			page 5


 203:Drivers/STM32H7xx_HAL_Driver/Src/stm32h7xx_hal_qspi.c ****       keep and use the user MspInit/MspDeInit callbacks (registered beforehand)
 204:Drivers/STM32H7xx_HAL_Driver/Src/stm32h7xx_hal_qspi.c **** 
 205:Drivers/STM32H7xx_HAL_Driver/Src/stm32h7xx_hal_qspi.c ****       Callbacks can be registered/unregistered in READY state only.
 206:Drivers/STM32H7xx_HAL_Driver/Src/stm32h7xx_hal_qspi.c ****       Exception done for MspInit/MspDeInit callbacks that can be registered/unregistered
 207:Drivers/STM32H7xx_HAL_Driver/Src/stm32h7xx_hal_qspi.c ****       in READY or RESET state, thus registered (user) MspInit/DeInit callbacks can be used
 208:Drivers/STM32H7xx_HAL_Driver/Src/stm32h7xx_hal_qspi.c ****       during the Init/DeInit.
 209:Drivers/STM32H7xx_HAL_Driver/Src/stm32h7xx_hal_qspi.c ****       In that case first register the MspInit/MspDeInit user callbacks
 210:Drivers/STM32H7xx_HAL_Driver/Src/stm32h7xx_hal_qspi.c ****       using HAL_QSPI_RegisterCallback before calling HAL_QSPI_DeInit
 211:Drivers/STM32H7xx_HAL_Driver/Src/stm32h7xx_hal_qspi.c ****       or HAL_QSPI_Init function.
 212:Drivers/STM32H7xx_HAL_Driver/Src/stm32h7xx_hal_qspi.c **** 
 213:Drivers/STM32H7xx_HAL_Driver/Src/stm32h7xx_hal_qspi.c ****       When The compilation define USE_HAL_QSPI_REGISTER_CALLBACKS is set to 0 or
 214:Drivers/STM32H7xx_HAL_Driver/Src/stm32h7xx_hal_qspi.c ****       not defined, the callback registering feature is not available
 215:Drivers/STM32H7xx_HAL_Driver/Src/stm32h7xx_hal_qspi.c ****       and weak (overridden) callbacks are used.
 216:Drivers/STM32H7xx_HAL_Driver/Src/stm32h7xx_hal_qspi.c **** 
 217:Drivers/STM32H7xx_HAL_Driver/Src/stm32h7xx_hal_qspi.c ****     *** Workarounds linked to Silicon Limitation ***
 218:Drivers/STM32H7xx_HAL_Driver/Src/stm32h7xx_hal_qspi.c ****     ====================================================
 219:Drivers/STM32H7xx_HAL_Driver/Src/stm32h7xx_hal_qspi.c ****     [..]
 220:Drivers/STM32H7xx_HAL_Driver/Src/stm32h7xx_hal_qspi.c ****       (#) Workarounds Implemented inside HAL Driver
 221:Drivers/STM32H7xx_HAL_Driver/Src/stm32h7xx_hal_qspi.c ****          (++) Extra data written in the FIFO at the end of a read transfer
 222:Drivers/STM32H7xx_HAL_Driver/Src/stm32h7xx_hal_qspi.c **** 
 223:Drivers/STM32H7xx_HAL_Driver/Src/stm32h7xx_hal_qspi.c ****   @endverbatim
 224:Drivers/STM32H7xx_HAL_Driver/Src/stm32h7xx_hal_qspi.c ****   ******************************************************************************
 225:Drivers/STM32H7xx_HAL_Driver/Src/stm32h7xx_hal_qspi.c ****   */
 226:Drivers/STM32H7xx_HAL_Driver/Src/stm32h7xx_hal_qspi.c **** 
 227:Drivers/STM32H7xx_HAL_Driver/Src/stm32h7xx_hal_qspi.c **** /* Includes ------------------------------------------------------------------*/
 228:Drivers/STM32H7xx_HAL_Driver/Src/stm32h7xx_hal_qspi.c **** #include "stm32h7xx_hal.h"
 229:Drivers/STM32H7xx_HAL_Driver/Src/stm32h7xx_hal_qspi.c **** 
 230:Drivers/STM32H7xx_HAL_Driver/Src/stm32h7xx_hal_qspi.c **** #if defined(QUADSPI)
 231:Drivers/STM32H7xx_HAL_Driver/Src/stm32h7xx_hal_qspi.c **** 
 232:Drivers/STM32H7xx_HAL_Driver/Src/stm32h7xx_hal_qspi.c **** /** @addtogroup STM32H7xx_HAL_Driver
 233:Drivers/STM32H7xx_HAL_Driver/Src/stm32h7xx_hal_qspi.c ****   * @{
 234:Drivers/STM32H7xx_HAL_Driver/Src/stm32h7xx_hal_qspi.c ****   */
 235:Drivers/STM32H7xx_HAL_Driver/Src/stm32h7xx_hal_qspi.c **** 
 236:Drivers/STM32H7xx_HAL_Driver/Src/stm32h7xx_hal_qspi.c **** /** @defgroup QSPI QSPI
 237:Drivers/STM32H7xx_HAL_Driver/Src/stm32h7xx_hal_qspi.c ****   * @brief QSPI HAL module driver
 238:Drivers/STM32H7xx_HAL_Driver/Src/stm32h7xx_hal_qspi.c ****   * @{
 239:Drivers/STM32H7xx_HAL_Driver/Src/stm32h7xx_hal_qspi.c ****   */
 240:Drivers/STM32H7xx_HAL_Driver/Src/stm32h7xx_hal_qspi.c **** #ifdef HAL_QSPI_MODULE_ENABLED
 241:Drivers/STM32H7xx_HAL_Driver/Src/stm32h7xx_hal_qspi.c **** 
 242:Drivers/STM32H7xx_HAL_Driver/Src/stm32h7xx_hal_qspi.c **** /* Private typedef -----------------------------------------------------------*/
 243:Drivers/STM32H7xx_HAL_Driver/Src/stm32h7xx_hal_qspi.c **** 
 244:Drivers/STM32H7xx_HAL_Driver/Src/stm32h7xx_hal_qspi.c **** /* Private define ------------------------------------------------------------*/
 245:Drivers/STM32H7xx_HAL_Driver/Src/stm32h7xx_hal_qspi.c **** /** @defgroup QSPI_Private_Constants QSPI Private Constants
 246:Drivers/STM32H7xx_HAL_Driver/Src/stm32h7xx_hal_qspi.c ****   * @{
 247:Drivers/STM32H7xx_HAL_Driver/Src/stm32h7xx_hal_qspi.c ****   */
 248:Drivers/STM32H7xx_HAL_Driver/Src/stm32h7xx_hal_qspi.c **** #define QSPI_FUNCTIONAL_MODE_INDIRECT_WRITE 0x00000000U                     /*!<Indirect write mode
 249:Drivers/STM32H7xx_HAL_Driver/Src/stm32h7xx_hal_qspi.c **** #define QSPI_FUNCTIONAL_MODE_INDIRECT_READ  ((uint32_t)QUADSPI_CCR_FMODE_0) /*!<Indirect read mode*
 250:Drivers/STM32H7xx_HAL_Driver/Src/stm32h7xx_hal_qspi.c **** #define QSPI_FUNCTIONAL_MODE_AUTO_POLLING   ((uint32_t)QUADSPI_CCR_FMODE_1) /*!<Automatic polling m
 251:Drivers/STM32H7xx_HAL_Driver/Src/stm32h7xx_hal_qspi.c **** #define QSPI_FUNCTIONAL_MODE_MEMORY_MAPPED  ((uint32_t)QUADSPI_CCR_FMODE)   /*!<Memory-mapped mode*
 252:Drivers/STM32H7xx_HAL_Driver/Src/stm32h7xx_hal_qspi.c **** /**
 253:Drivers/STM32H7xx_HAL_Driver/Src/stm32h7xx_hal_qspi.c ****   * @}
 254:Drivers/STM32H7xx_HAL_Driver/Src/stm32h7xx_hal_qspi.c ****   */
 255:Drivers/STM32H7xx_HAL_Driver/Src/stm32h7xx_hal_qspi.c **** 
 256:Drivers/STM32H7xx_HAL_Driver/Src/stm32h7xx_hal_qspi.c **** /* Private macro -------------------------------------------------------------*/
 257:Drivers/STM32H7xx_HAL_Driver/Src/stm32h7xx_hal_qspi.c **** /** @defgroup QSPI_Private_Macros QSPI Private Macros
 258:Drivers/STM32H7xx_HAL_Driver/Src/stm32h7xx_hal_qspi.c ****   * @{
 259:Drivers/STM32H7xx_HAL_Driver/Src/stm32h7xx_hal_qspi.c ****   */
ARM GAS  C:\Users\12491\AppData\Local\Temp\ccCAIkbk.s 			page 6


 260:Drivers/STM32H7xx_HAL_Driver/Src/stm32h7xx_hal_qspi.c **** #define IS_QSPI_FUNCTIONAL_MODE(MODE) (((MODE) == QSPI_FUNCTIONAL_MODE_INDIRECT_WRITE) || \
 261:Drivers/STM32H7xx_HAL_Driver/Src/stm32h7xx_hal_qspi.c ****                                        ((MODE) == QSPI_FUNCTIONAL_MODE_INDIRECT_READ)  || \
 262:Drivers/STM32H7xx_HAL_Driver/Src/stm32h7xx_hal_qspi.c ****                                        ((MODE) == QSPI_FUNCTIONAL_MODE_AUTO_POLLING)   || \
 263:Drivers/STM32H7xx_HAL_Driver/Src/stm32h7xx_hal_qspi.c ****                                        ((MODE) == QSPI_FUNCTIONAL_MODE_MEMORY_MAPPED))
 264:Drivers/STM32H7xx_HAL_Driver/Src/stm32h7xx_hal_qspi.c **** /**
 265:Drivers/STM32H7xx_HAL_Driver/Src/stm32h7xx_hal_qspi.c ****   * @}
 266:Drivers/STM32H7xx_HAL_Driver/Src/stm32h7xx_hal_qspi.c ****   */
 267:Drivers/STM32H7xx_HAL_Driver/Src/stm32h7xx_hal_qspi.c **** 
 268:Drivers/STM32H7xx_HAL_Driver/Src/stm32h7xx_hal_qspi.c **** /* Private variables ---------------------------------------------------------*/
 269:Drivers/STM32H7xx_HAL_Driver/Src/stm32h7xx_hal_qspi.c **** 
 270:Drivers/STM32H7xx_HAL_Driver/Src/stm32h7xx_hal_qspi.c **** /* Private function prototypes -----------------------------------------------*/
 271:Drivers/STM32H7xx_HAL_Driver/Src/stm32h7xx_hal_qspi.c **** static void QSPI_DMARxCplt(MDMA_HandleTypeDef *hmdma);
 272:Drivers/STM32H7xx_HAL_Driver/Src/stm32h7xx_hal_qspi.c **** static void QSPI_DMATxCplt(MDMA_HandleTypeDef *hmdma);
 273:Drivers/STM32H7xx_HAL_Driver/Src/stm32h7xx_hal_qspi.c **** static void QSPI_DMAError(MDMA_HandleTypeDef *hmdma);
 274:Drivers/STM32H7xx_HAL_Driver/Src/stm32h7xx_hal_qspi.c **** static void QSPI_DMAAbortCplt(MDMA_HandleTypeDef *hmdma);
 275:Drivers/STM32H7xx_HAL_Driver/Src/stm32h7xx_hal_qspi.c **** static HAL_StatusTypeDef QSPI_WaitFlagStateUntilTimeout(QSPI_HandleTypeDef *hqspi, uint32_t Flag, F
 276:Drivers/STM32H7xx_HAL_Driver/Src/stm32h7xx_hal_qspi.c **** static void QSPI_Config(QSPI_HandleTypeDef *hqspi, QSPI_CommandTypeDef *cmd, uint32_t FunctionalMod
 277:Drivers/STM32H7xx_HAL_Driver/Src/stm32h7xx_hal_qspi.c **** 
 278:Drivers/STM32H7xx_HAL_Driver/Src/stm32h7xx_hal_qspi.c **** /* Exported functions --------------------------------------------------------*/
 279:Drivers/STM32H7xx_HAL_Driver/Src/stm32h7xx_hal_qspi.c **** 
 280:Drivers/STM32H7xx_HAL_Driver/Src/stm32h7xx_hal_qspi.c **** /** @defgroup QSPI_Exported_Functions QSPI Exported Functions
 281:Drivers/STM32H7xx_HAL_Driver/Src/stm32h7xx_hal_qspi.c ****   * @{
 282:Drivers/STM32H7xx_HAL_Driver/Src/stm32h7xx_hal_qspi.c ****   */
 283:Drivers/STM32H7xx_HAL_Driver/Src/stm32h7xx_hal_qspi.c **** 
 284:Drivers/STM32H7xx_HAL_Driver/Src/stm32h7xx_hal_qspi.c **** /** @defgroup QSPI_Exported_Functions_Group1 Initialization/de-initialization functions
 285:Drivers/STM32H7xx_HAL_Driver/Src/stm32h7xx_hal_qspi.c ****   *  @brief    Initialization and Configuration functions
 286:Drivers/STM32H7xx_HAL_Driver/Src/stm32h7xx_hal_qspi.c ****   *
 287:Drivers/STM32H7xx_HAL_Driver/Src/stm32h7xx_hal_qspi.c **** @verbatim
 288:Drivers/STM32H7xx_HAL_Driver/Src/stm32h7xx_hal_qspi.c **** ===============================================================================
 289:Drivers/STM32H7xx_HAL_Driver/Src/stm32h7xx_hal_qspi.c ****             ##### Initialization and Configuration functions #####
 290:Drivers/STM32H7xx_HAL_Driver/Src/stm32h7xx_hal_qspi.c ****  ===============================================================================
 291:Drivers/STM32H7xx_HAL_Driver/Src/stm32h7xx_hal_qspi.c ****     [..]
 292:Drivers/STM32H7xx_HAL_Driver/Src/stm32h7xx_hal_qspi.c ****     This subsection provides a set of functions allowing to :
 293:Drivers/STM32H7xx_HAL_Driver/Src/stm32h7xx_hal_qspi.c ****       (+) Initialize the QuadSPI.
 294:Drivers/STM32H7xx_HAL_Driver/Src/stm32h7xx_hal_qspi.c ****       (+) De-initialize the QuadSPI.
 295:Drivers/STM32H7xx_HAL_Driver/Src/stm32h7xx_hal_qspi.c **** 
 296:Drivers/STM32H7xx_HAL_Driver/Src/stm32h7xx_hal_qspi.c **** @endverbatim
 297:Drivers/STM32H7xx_HAL_Driver/Src/stm32h7xx_hal_qspi.c ****   * @{
 298:Drivers/STM32H7xx_HAL_Driver/Src/stm32h7xx_hal_qspi.c ****   */
 299:Drivers/STM32H7xx_HAL_Driver/Src/stm32h7xx_hal_qspi.c **** 
 300:Drivers/STM32H7xx_HAL_Driver/Src/stm32h7xx_hal_qspi.c **** /**
 301:Drivers/STM32H7xx_HAL_Driver/Src/stm32h7xx_hal_qspi.c ****   * @brief Initialize the QSPI mode according to the specified parameters
 302:Drivers/STM32H7xx_HAL_Driver/Src/stm32h7xx_hal_qspi.c ****   *        in the QSPI_InitTypeDef and initialize the associated handle.
 303:Drivers/STM32H7xx_HAL_Driver/Src/stm32h7xx_hal_qspi.c ****   * @param hqspi QSPI handle
 304:Drivers/STM32H7xx_HAL_Driver/Src/stm32h7xx_hal_qspi.c ****   * @retval HAL status
 305:Drivers/STM32H7xx_HAL_Driver/Src/stm32h7xx_hal_qspi.c ****   */
 306:Drivers/STM32H7xx_HAL_Driver/Src/stm32h7xx_hal_qspi.c **** HAL_StatusTypeDef HAL_QSPI_Init(QSPI_HandleTypeDef *hqspi)
 307:Drivers/STM32H7xx_HAL_Driver/Src/stm32h7xx_hal_qspi.c **** {
 308:Drivers/STM32H7xx_HAL_Driver/Src/stm32h7xx_hal_qspi.c ****   HAL_StatusTypeDef status;
 309:Drivers/STM32H7xx_HAL_Driver/Src/stm32h7xx_hal_qspi.c ****   uint32_t tickstart = HAL_GetTick();
 310:Drivers/STM32H7xx_HAL_Driver/Src/stm32h7xx_hal_qspi.c **** 
 311:Drivers/STM32H7xx_HAL_Driver/Src/stm32h7xx_hal_qspi.c ****   /* Check the QSPI handle allocation */
 312:Drivers/STM32H7xx_HAL_Driver/Src/stm32h7xx_hal_qspi.c ****   if(hqspi == NULL)
 313:Drivers/STM32H7xx_HAL_Driver/Src/stm32h7xx_hal_qspi.c ****   {
 314:Drivers/STM32H7xx_HAL_Driver/Src/stm32h7xx_hal_qspi.c ****     return HAL_ERROR;
 315:Drivers/STM32H7xx_HAL_Driver/Src/stm32h7xx_hal_qspi.c ****   }
 316:Drivers/STM32H7xx_HAL_Driver/Src/stm32h7xx_hal_qspi.c **** 
ARM GAS  C:\Users\12491\AppData\Local\Temp\ccCAIkbk.s 			page 7


 317:Drivers/STM32H7xx_HAL_Driver/Src/stm32h7xx_hal_qspi.c ****   /* Check the parameters */
 318:Drivers/STM32H7xx_HAL_Driver/Src/stm32h7xx_hal_qspi.c ****   assert_param(IS_QSPI_ALL_INSTANCE(hqspi->Instance));
 319:Drivers/STM32H7xx_HAL_Driver/Src/stm32h7xx_hal_qspi.c ****   assert_param(IS_QSPI_CLOCK_PRESCALER(hqspi->Init.ClockPrescaler));
 320:Drivers/STM32H7xx_HAL_Driver/Src/stm32h7xx_hal_qspi.c ****   assert_param(IS_QSPI_FIFO_THRESHOLD(hqspi->Init.FifoThreshold));
 321:Drivers/STM32H7xx_HAL_Driver/Src/stm32h7xx_hal_qspi.c ****   assert_param(IS_QSPI_SSHIFT(hqspi->Init.SampleShifting));
 322:Drivers/STM32H7xx_HAL_Driver/Src/stm32h7xx_hal_qspi.c ****   assert_param(IS_QSPI_FLASH_SIZE(hqspi->Init.FlashSize));
 323:Drivers/STM32H7xx_HAL_Driver/Src/stm32h7xx_hal_qspi.c ****   assert_param(IS_QSPI_CS_HIGH_TIME(hqspi->Init.ChipSelectHighTime));
 324:Drivers/STM32H7xx_HAL_Driver/Src/stm32h7xx_hal_qspi.c ****   assert_param(IS_QSPI_CLOCK_MODE(hqspi->Init.ClockMode));
 325:Drivers/STM32H7xx_HAL_Driver/Src/stm32h7xx_hal_qspi.c ****   assert_param(IS_QSPI_DUAL_FLASH_MODE(hqspi->Init.DualFlash));
 326:Drivers/STM32H7xx_HAL_Driver/Src/stm32h7xx_hal_qspi.c **** 
 327:Drivers/STM32H7xx_HAL_Driver/Src/stm32h7xx_hal_qspi.c ****   if (hqspi->Init.DualFlash != QSPI_DUALFLASH_ENABLE )
 328:Drivers/STM32H7xx_HAL_Driver/Src/stm32h7xx_hal_qspi.c ****   {
 329:Drivers/STM32H7xx_HAL_Driver/Src/stm32h7xx_hal_qspi.c ****     assert_param(IS_QSPI_FLASH_ID(hqspi->Init.FlashID));
 330:Drivers/STM32H7xx_HAL_Driver/Src/stm32h7xx_hal_qspi.c ****   }
 331:Drivers/STM32H7xx_HAL_Driver/Src/stm32h7xx_hal_qspi.c **** 
 332:Drivers/STM32H7xx_HAL_Driver/Src/stm32h7xx_hal_qspi.c ****   if(hqspi->State == HAL_QSPI_STATE_RESET)
 333:Drivers/STM32H7xx_HAL_Driver/Src/stm32h7xx_hal_qspi.c ****   {
 334:Drivers/STM32H7xx_HAL_Driver/Src/stm32h7xx_hal_qspi.c **** 
 335:Drivers/STM32H7xx_HAL_Driver/Src/stm32h7xx_hal_qspi.c **** #if (USE_HAL_QSPI_REGISTER_CALLBACKS == 1)
 336:Drivers/STM32H7xx_HAL_Driver/Src/stm32h7xx_hal_qspi.c ****     /* Reset Callback pointers in HAL_QSPI_STATE_RESET only */
 337:Drivers/STM32H7xx_HAL_Driver/Src/stm32h7xx_hal_qspi.c ****     hqspi->ErrorCallback         = HAL_QSPI_ErrorCallback;
 338:Drivers/STM32H7xx_HAL_Driver/Src/stm32h7xx_hal_qspi.c ****     hqspi->AbortCpltCallback     = HAL_QSPI_AbortCpltCallback;
 339:Drivers/STM32H7xx_HAL_Driver/Src/stm32h7xx_hal_qspi.c ****     hqspi->FifoThresholdCallback = HAL_QSPI_FifoThresholdCallback;
 340:Drivers/STM32H7xx_HAL_Driver/Src/stm32h7xx_hal_qspi.c ****     hqspi->CmdCpltCallback       = HAL_QSPI_CmdCpltCallback;
 341:Drivers/STM32H7xx_HAL_Driver/Src/stm32h7xx_hal_qspi.c ****     hqspi->RxCpltCallback        = HAL_QSPI_RxCpltCallback;
 342:Drivers/STM32H7xx_HAL_Driver/Src/stm32h7xx_hal_qspi.c ****     hqspi->TxCpltCallback        = HAL_QSPI_TxCpltCallback;
 343:Drivers/STM32H7xx_HAL_Driver/Src/stm32h7xx_hal_qspi.c ****     hqspi->StatusMatchCallback   = HAL_QSPI_StatusMatchCallback;
 344:Drivers/STM32H7xx_HAL_Driver/Src/stm32h7xx_hal_qspi.c ****     hqspi->TimeOutCallback       = HAL_QSPI_TimeOutCallback;
 345:Drivers/STM32H7xx_HAL_Driver/Src/stm32h7xx_hal_qspi.c **** 
 346:Drivers/STM32H7xx_HAL_Driver/Src/stm32h7xx_hal_qspi.c ****     if(hqspi->MspInitCallback == NULL)
 347:Drivers/STM32H7xx_HAL_Driver/Src/stm32h7xx_hal_qspi.c ****     {
 348:Drivers/STM32H7xx_HAL_Driver/Src/stm32h7xx_hal_qspi.c ****       hqspi->MspInitCallback = HAL_QSPI_MspInit;
 349:Drivers/STM32H7xx_HAL_Driver/Src/stm32h7xx_hal_qspi.c ****     }
 350:Drivers/STM32H7xx_HAL_Driver/Src/stm32h7xx_hal_qspi.c **** 
 351:Drivers/STM32H7xx_HAL_Driver/Src/stm32h7xx_hal_qspi.c ****     /* Init the low level hardware */
 352:Drivers/STM32H7xx_HAL_Driver/Src/stm32h7xx_hal_qspi.c ****     hqspi->MspInitCallback(hqspi);
 353:Drivers/STM32H7xx_HAL_Driver/Src/stm32h7xx_hal_qspi.c **** #else
 354:Drivers/STM32H7xx_HAL_Driver/Src/stm32h7xx_hal_qspi.c ****     /* Init the low level hardware : GPIO, CLOCK */
 355:Drivers/STM32H7xx_HAL_Driver/Src/stm32h7xx_hal_qspi.c ****     HAL_QSPI_MspInit(hqspi);
 356:Drivers/STM32H7xx_HAL_Driver/Src/stm32h7xx_hal_qspi.c **** #endif
 357:Drivers/STM32H7xx_HAL_Driver/Src/stm32h7xx_hal_qspi.c **** 
 358:Drivers/STM32H7xx_HAL_Driver/Src/stm32h7xx_hal_qspi.c ****     /* Configure the default timeout for the QSPI memory access */
 359:Drivers/STM32H7xx_HAL_Driver/Src/stm32h7xx_hal_qspi.c ****     HAL_QSPI_SetTimeout(hqspi, HAL_QSPI_TIMEOUT_DEFAULT_VALUE);
 360:Drivers/STM32H7xx_HAL_Driver/Src/stm32h7xx_hal_qspi.c ****   }
 361:Drivers/STM32H7xx_HAL_Driver/Src/stm32h7xx_hal_qspi.c **** 
 362:Drivers/STM32H7xx_HAL_Driver/Src/stm32h7xx_hal_qspi.c ****   /* Configure QSPI FIFO Threshold */
 363:Drivers/STM32H7xx_HAL_Driver/Src/stm32h7xx_hal_qspi.c ****   MODIFY_REG(hqspi->Instance->CR, QUADSPI_CR_FTHRES,
 364:Drivers/STM32H7xx_HAL_Driver/Src/stm32h7xx_hal_qspi.c ****              ((hqspi->Init.FifoThreshold - 1U) << QUADSPI_CR_FTHRES_Pos));
 365:Drivers/STM32H7xx_HAL_Driver/Src/stm32h7xx_hal_qspi.c **** 
 366:Drivers/STM32H7xx_HAL_Driver/Src/stm32h7xx_hal_qspi.c ****   /* Wait till BUSY flag reset */
 367:Drivers/STM32H7xx_HAL_Driver/Src/stm32h7xx_hal_qspi.c ****   status = QSPI_WaitFlagStateUntilTimeout(hqspi, QSPI_FLAG_BUSY, RESET, tickstart, hqspi->Timeout);
 368:Drivers/STM32H7xx_HAL_Driver/Src/stm32h7xx_hal_qspi.c **** 
 369:Drivers/STM32H7xx_HAL_Driver/Src/stm32h7xx_hal_qspi.c ****   if(status == HAL_OK)
 370:Drivers/STM32H7xx_HAL_Driver/Src/stm32h7xx_hal_qspi.c ****   {
 371:Drivers/STM32H7xx_HAL_Driver/Src/stm32h7xx_hal_qspi.c ****     /* Configure QSPI Clock Prescaler and Sample Shift */
 372:Drivers/STM32H7xx_HAL_Driver/Src/stm32h7xx_hal_qspi.c ****     MODIFY_REG(hqspi->Instance->CR, (QUADSPI_CR_PRESCALER | QUADSPI_CR_SSHIFT | QUADSPI_CR_FSEL | Q
 373:Drivers/STM32H7xx_HAL_Driver/Src/stm32h7xx_hal_qspi.c ****                ((hqspi->Init.ClockPrescaler << QUADSPI_CR_PRESCALER_Pos) |
ARM GAS  C:\Users\12491\AppData\Local\Temp\ccCAIkbk.s 			page 8


 374:Drivers/STM32H7xx_HAL_Driver/Src/stm32h7xx_hal_qspi.c ****                 hqspi->Init.SampleShifting  | hqspi->Init.FlashID | hqspi->Init.DualFlash));
 375:Drivers/STM32H7xx_HAL_Driver/Src/stm32h7xx_hal_qspi.c **** 
 376:Drivers/STM32H7xx_HAL_Driver/Src/stm32h7xx_hal_qspi.c ****     /* Configure QSPI Flash Size, CS High Time and Clock Mode */
 377:Drivers/STM32H7xx_HAL_Driver/Src/stm32h7xx_hal_qspi.c ****     MODIFY_REG(hqspi->Instance->DCR, (QUADSPI_DCR_FSIZE | QUADSPI_DCR_CSHT | QUADSPI_DCR_CKMODE),
 378:Drivers/STM32H7xx_HAL_Driver/Src/stm32h7xx_hal_qspi.c ****                ((hqspi->Init.FlashSize << QUADSPI_DCR_FSIZE_Pos) |
 379:Drivers/STM32H7xx_HAL_Driver/Src/stm32h7xx_hal_qspi.c ****                 hqspi->Init.ChipSelectHighTime | hqspi->Init.ClockMode));
 380:Drivers/STM32H7xx_HAL_Driver/Src/stm32h7xx_hal_qspi.c **** 
 381:Drivers/STM32H7xx_HAL_Driver/Src/stm32h7xx_hal_qspi.c ****     /* Enable the QSPI peripheral */
 382:Drivers/STM32H7xx_HAL_Driver/Src/stm32h7xx_hal_qspi.c ****     __HAL_QSPI_ENABLE(hqspi);
 383:Drivers/STM32H7xx_HAL_Driver/Src/stm32h7xx_hal_qspi.c **** 
 384:Drivers/STM32H7xx_HAL_Driver/Src/stm32h7xx_hal_qspi.c ****     /* Set QSPI error code to none */
 385:Drivers/STM32H7xx_HAL_Driver/Src/stm32h7xx_hal_qspi.c ****     hqspi->ErrorCode = HAL_QSPI_ERROR_NONE;
 386:Drivers/STM32H7xx_HAL_Driver/Src/stm32h7xx_hal_qspi.c **** 
 387:Drivers/STM32H7xx_HAL_Driver/Src/stm32h7xx_hal_qspi.c ****     /* Initialize the QSPI state */
 388:Drivers/STM32H7xx_HAL_Driver/Src/stm32h7xx_hal_qspi.c ****     hqspi->State = HAL_QSPI_STATE_READY;
 389:Drivers/STM32H7xx_HAL_Driver/Src/stm32h7xx_hal_qspi.c ****   }
 390:Drivers/STM32H7xx_HAL_Driver/Src/stm32h7xx_hal_qspi.c **** 
 391:Drivers/STM32H7xx_HAL_Driver/Src/stm32h7xx_hal_qspi.c ****   /* Return function status */
 392:Drivers/STM32H7xx_HAL_Driver/Src/stm32h7xx_hal_qspi.c ****   return status;
 393:Drivers/STM32H7xx_HAL_Driver/Src/stm32h7xx_hal_qspi.c **** }
 394:Drivers/STM32H7xx_HAL_Driver/Src/stm32h7xx_hal_qspi.c **** 
 395:Drivers/STM32H7xx_HAL_Driver/Src/stm32h7xx_hal_qspi.c **** /**
 396:Drivers/STM32H7xx_HAL_Driver/Src/stm32h7xx_hal_qspi.c ****   * @brief De-Initialize the QSPI peripheral.
 397:Drivers/STM32H7xx_HAL_Driver/Src/stm32h7xx_hal_qspi.c ****   * @param hqspi QSPI handle
 398:Drivers/STM32H7xx_HAL_Driver/Src/stm32h7xx_hal_qspi.c ****   * @retval HAL status
 399:Drivers/STM32H7xx_HAL_Driver/Src/stm32h7xx_hal_qspi.c ****   */
 400:Drivers/STM32H7xx_HAL_Driver/Src/stm32h7xx_hal_qspi.c **** HAL_StatusTypeDef HAL_QSPI_DeInit(QSPI_HandleTypeDef *hqspi)
 401:Drivers/STM32H7xx_HAL_Driver/Src/stm32h7xx_hal_qspi.c **** {
 402:Drivers/STM32H7xx_HAL_Driver/Src/stm32h7xx_hal_qspi.c ****   /* Check the QSPI handle allocation */
 403:Drivers/STM32H7xx_HAL_Driver/Src/stm32h7xx_hal_qspi.c ****   if(hqspi == NULL)
 404:Drivers/STM32H7xx_HAL_Driver/Src/stm32h7xx_hal_qspi.c ****   {
 405:Drivers/STM32H7xx_HAL_Driver/Src/stm32h7xx_hal_qspi.c ****     return HAL_ERROR;
 406:Drivers/STM32H7xx_HAL_Driver/Src/stm32h7xx_hal_qspi.c ****   }
 407:Drivers/STM32H7xx_HAL_Driver/Src/stm32h7xx_hal_qspi.c **** 
 408:Drivers/STM32H7xx_HAL_Driver/Src/stm32h7xx_hal_qspi.c ****   /* Disable the QSPI Peripheral Clock */
 409:Drivers/STM32H7xx_HAL_Driver/Src/stm32h7xx_hal_qspi.c ****   __HAL_QSPI_DISABLE(hqspi);
 410:Drivers/STM32H7xx_HAL_Driver/Src/stm32h7xx_hal_qspi.c **** 
 411:Drivers/STM32H7xx_HAL_Driver/Src/stm32h7xx_hal_qspi.c **** #if (USE_HAL_QSPI_REGISTER_CALLBACKS == 1)
 412:Drivers/STM32H7xx_HAL_Driver/Src/stm32h7xx_hal_qspi.c ****   if(hqspi->MspDeInitCallback == NULL)
 413:Drivers/STM32H7xx_HAL_Driver/Src/stm32h7xx_hal_qspi.c ****   {
 414:Drivers/STM32H7xx_HAL_Driver/Src/stm32h7xx_hal_qspi.c ****     hqspi->MspDeInitCallback = HAL_QSPI_MspDeInit;
 415:Drivers/STM32H7xx_HAL_Driver/Src/stm32h7xx_hal_qspi.c ****   }
 416:Drivers/STM32H7xx_HAL_Driver/Src/stm32h7xx_hal_qspi.c **** 
 417:Drivers/STM32H7xx_HAL_Driver/Src/stm32h7xx_hal_qspi.c ****   /* DeInit the low level hardware */
 418:Drivers/STM32H7xx_HAL_Driver/Src/stm32h7xx_hal_qspi.c ****   hqspi->MspDeInitCallback(hqspi);
 419:Drivers/STM32H7xx_HAL_Driver/Src/stm32h7xx_hal_qspi.c **** #else
 420:Drivers/STM32H7xx_HAL_Driver/Src/stm32h7xx_hal_qspi.c ****   /* DeInit the low level hardware: GPIO, CLOCK, NVIC... */
 421:Drivers/STM32H7xx_HAL_Driver/Src/stm32h7xx_hal_qspi.c ****   HAL_QSPI_MspDeInit(hqspi);
 422:Drivers/STM32H7xx_HAL_Driver/Src/stm32h7xx_hal_qspi.c **** #endif
 423:Drivers/STM32H7xx_HAL_Driver/Src/stm32h7xx_hal_qspi.c **** 
 424:Drivers/STM32H7xx_HAL_Driver/Src/stm32h7xx_hal_qspi.c ****   /* Set QSPI error code to none */
 425:Drivers/STM32H7xx_HAL_Driver/Src/stm32h7xx_hal_qspi.c ****   hqspi->ErrorCode = HAL_QSPI_ERROR_NONE;
 426:Drivers/STM32H7xx_HAL_Driver/Src/stm32h7xx_hal_qspi.c **** 
 427:Drivers/STM32H7xx_HAL_Driver/Src/stm32h7xx_hal_qspi.c ****   /* Initialize the QSPI state */
 428:Drivers/STM32H7xx_HAL_Driver/Src/stm32h7xx_hal_qspi.c ****   hqspi->State = HAL_QSPI_STATE_RESET;
 429:Drivers/STM32H7xx_HAL_Driver/Src/stm32h7xx_hal_qspi.c **** 
 430:Drivers/STM32H7xx_HAL_Driver/Src/stm32h7xx_hal_qspi.c ****   return HAL_OK;
ARM GAS  C:\Users\12491\AppData\Local\Temp\ccCAIkbk.s 			page 9


 431:Drivers/STM32H7xx_HAL_Driver/Src/stm32h7xx_hal_qspi.c **** }
 432:Drivers/STM32H7xx_HAL_Driver/Src/stm32h7xx_hal_qspi.c **** 
 433:Drivers/STM32H7xx_HAL_Driver/Src/stm32h7xx_hal_qspi.c **** /**
 434:Drivers/STM32H7xx_HAL_Driver/Src/stm32h7xx_hal_qspi.c ****   * @brief Initialize the QSPI MSP.
 435:Drivers/STM32H7xx_HAL_Driver/Src/stm32h7xx_hal_qspi.c ****   * @param hqspi QSPI handle
 436:Drivers/STM32H7xx_HAL_Driver/Src/stm32h7xx_hal_qspi.c ****   * @retval None
 437:Drivers/STM32H7xx_HAL_Driver/Src/stm32h7xx_hal_qspi.c ****   */
 438:Drivers/STM32H7xx_HAL_Driver/Src/stm32h7xx_hal_qspi.c **** __weak void HAL_QSPI_MspInit(QSPI_HandleTypeDef *hqspi)
 439:Drivers/STM32H7xx_HAL_Driver/Src/stm32h7xx_hal_qspi.c **** {
 440:Drivers/STM32H7xx_HAL_Driver/Src/stm32h7xx_hal_qspi.c ****   /* Prevent unused argument(s) compilation warning */
 441:Drivers/STM32H7xx_HAL_Driver/Src/stm32h7xx_hal_qspi.c ****   UNUSED(hqspi);
 442:Drivers/STM32H7xx_HAL_Driver/Src/stm32h7xx_hal_qspi.c **** 
 443:Drivers/STM32H7xx_HAL_Driver/Src/stm32h7xx_hal_qspi.c ****   /* NOTE : This function should not be modified, when the callback is needed,
 444:Drivers/STM32H7xx_HAL_Driver/Src/stm32h7xx_hal_qspi.c ****             the HAL_QSPI_MspInit can be implemented in the user file
 445:Drivers/STM32H7xx_HAL_Driver/Src/stm32h7xx_hal_qspi.c ****    */
 446:Drivers/STM32H7xx_HAL_Driver/Src/stm32h7xx_hal_qspi.c **** }
 447:Drivers/STM32H7xx_HAL_Driver/Src/stm32h7xx_hal_qspi.c **** 
 448:Drivers/STM32H7xx_HAL_Driver/Src/stm32h7xx_hal_qspi.c **** /**
 449:Drivers/STM32H7xx_HAL_Driver/Src/stm32h7xx_hal_qspi.c ****   * @brief DeInitialize the QSPI MSP.
 450:Drivers/STM32H7xx_HAL_Driver/Src/stm32h7xx_hal_qspi.c ****   * @param hqspi QSPI handle
 451:Drivers/STM32H7xx_HAL_Driver/Src/stm32h7xx_hal_qspi.c ****   * @retval None
 452:Drivers/STM32H7xx_HAL_Driver/Src/stm32h7xx_hal_qspi.c ****   */
 453:Drivers/STM32H7xx_HAL_Driver/Src/stm32h7xx_hal_qspi.c **** __weak void HAL_QSPI_MspDeInit(QSPI_HandleTypeDef *hqspi)
 454:Drivers/STM32H7xx_HAL_Driver/Src/stm32h7xx_hal_qspi.c **** {
 455:Drivers/STM32H7xx_HAL_Driver/Src/stm32h7xx_hal_qspi.c ****   /* Prevent unused argument(s) compilation warning */
 456:Drivers/STM32H7xx_HAL_Driver/Src/stm32h7xx_hal_qspi.c ****   UNUSED(hqspi);
 457:Drivers/STM32H7xx_HAL_Driver/Src/stm32h7xx_hal_qspi.c **** 
 458:Drivers/STM32H7xx_HAL_Driver/Src/stm32h7xx_hal_qspi.c ****   /* NOTE : This function should not be modified, when the callback is needed,
 459:Drivers/STM32H7xx_HAL_Driver/Src/stm32h7xx_hal_qspi.c ****             the HAL_QSPI_MspDeInit can be implemented in the user file
 460:Drivers/STM32H7xx_HAL_Driver/Src/stm32h7xx_hal_qspi.c ****    */
 461:Drivers/STM32H7xx_HAL_Driver/Src/stm32h7xx_hal_qspi.c **** }
 462:Drivers/STM32H7xx_HAL_Driver/Src/stm32h7xx_hal_qspi.c **** 
 463:Drivers/STM32H7xx_HAL_Driver/Src/stm32h7xx_hal_qspi.c **** /**
 464:Drivers/STM32H7xx_HAL_Driver/Src/stm32h7xx_hal_qspi.c ****   * @}
 465:Drivers/STM32H7xx_HAL_Driver/Src/stm32h7xx_hal_qspi.c ****   */
 466:Drivers/STM32H7xx_HAL_Driver/Src/stm32h7xx_hal_qspi.c **** 
 467:Drivers/STM32H7xx_HAL_Driver/Src/stm32h7xx_hal_qspi.c **** /** @defgroup QSPI_Exported_Functions_Group2 Input and Output operation functions
 468:Drivers/STM32H7xx_HAL_Driver/Src/stm32h7xx_hal_qspi.c ****   *  @brief QSPI Transmit/Receive functions
 469:Drivers/STM32H7xx_HAL_Driver/Src/stm32h7xx_hal_qspi.c ****   *
 470:Drivers/STM32H7xx_HAL_Driver/Src/stm32h7xx_hal_qspi.c **** @verbatim
 471:Drivers/STM32H7xx_HAL_Driver/Src/stm32h7xx_hal_qspi.c ****  ===============================================================================
 472:Drivers/STM32H7xx_HAL_Driver/Src/stm32h7xx_hal_qspi.c ****                       ##### IO operation functions #####
 473:Drivers/STM32H7xx_HAL_Driver/Src/stm32h7xx_hal_qspi.c ****  ===============================================================================
 474:Drivers/STM32H7xx_HAL_Driver/Src/stm32h7xx_hal_qspi.c ****     [..]
 475:Drivers/STM32H7xx_HAL_Driver/Src/stm32h7xx_hal_qspi.c ****     This subsection provides a set of functions allowing to :
 476:Drivers/STM32H7xx_HAL_Driver/Src/stm32h7xx_hal_qspi.c ****       (+) Handle the interrupts.
 477:Drivers/STM32H7xx_HAL_Driver/Src/stm32h7xx_hal_qspi.c ****       (+) Handle the command sequence.
 478:Drivers/STM32H7xx_HAL_Driver/Src/stm32h7xx_hal_qspi.c ****       (+) Transmit data in blocking, interrupt or DMA mode.
 479:Drivers/STM32H7xx_HAL_Driver/Src/stm32h7xx_hal_qspi.c ****       (+) Receive data in blocking, interrupt or DMA mode.
 480:Drivers/STM32H7xx_HAL_Driver/Src/stm32h7xx_hal_qspi.c ****       (+) Manage the auto-polling functional mode.
 481:Drivers/STM32H7xx_HAL_Driver/Src/stm32h7xx_hal_qspi.c ****       (+) Manage the memory-mapped functional mode.
 482:Drivers/STM32H7xx_HAL_Driver/Src/stm32h7xx_hal_qspi.c **** 
 483:Drivers/STM32H7xx_HAL_Driver/Src/stm32h7xx_hal_qspi.c **** @endverbatim
 484:Drivers/STM32H7xx_HAL_Driver/Src/stm32h7xx_hal_qspi.c ****   * @{
 485:Drivers/STM32H7xx_HAL_Driver/Src/stm32h7xx_hal_qspi.c ****   */
 486:Drivers/STM32H7xx_HAL_Driver/Src/stm32h7xx_hal_qspi.c **** 
 487:Drivers/STM32H7xx_HAL_Driver/Src/stm32h7xx_hal_qspi.c **** /**
ARM GAS  C:\Users\12491\AppData\Local\Temp\ccCAIkbk.s 			page 10


 488:Drivers/STM32H7xx_HAL_Driver/Src/stm32h7xx_hal_qspi.c ****   * @brief Handle QSPI interrupt request.
 489:Drivers/STM32H7xx_HAL_Driver/Src/stm32h7xx_hal_qspi.c ****   * @param hqspi QSPI handle
 490:Drivers/STM32H7xx_HAL_Driver/Src/stm32h7xx_hal_qspi.c ****   * @retval None
 491:Drivers/STM32H7xx_HAL_Driver/Src/stm32h7xx_hal_qspi.c ****   */
 492:Drivers/STM32H7xx_HAL_Driver/Src/stm32h7xx_hal_qspi.c **** void HAL_QSPI_IRQHandler(QSPI_HandleTypeDef *hqspi)
 493:Drivers/STM32H7xx_HAL_Driver/Src/stm32h7xx_hal_qspi.c **** {
 494:Drivers/STM32H7xx_HAL_Driver/Src/stm32h7xx_hal_qspi.c ****   __IO uint32_t *data_reg;
 495:Drivers/STM32H7xx_HAL_Driver/Src/stm32h7xx_hal_qspi.c ****   uint32_t flag = READ_REG(hqspi->Instance->SR);
 496:Drivers/STM32H7xx_HAL_Driver/Src/stm32h7xx_hal_qspi.c ****   uint32_t itsource = READ_REG(hqspi->Instance->CR);
 497:Drivers/STM32H7xx_HAL_Driver/Src/stm32h7xx_hal_qspi.c **** 
 498:Drivers/STM32H7xx_HAL_Driver/Src/stm32h7xx_hal_qspi.c ****   /* QSPI Fifo Threshold interrupt occurred ----------------------------------*/
 499:Drivers/STM32H7xx_HAL_Driver/Src/stm32h7xx_hal_qspi.c ****   if(((flag & QSPI_FLAG_FT) != 0U) && ((itsource & QSPI_IT_FT) != 0U))
 500:Drivers/STM32H7xx_HAL_Driver/Src/stm32h7xx_hal_qspi.c ****   {
 501:Drivers/STM32H7xx_HAL_Driver/Src/stm32h7xx_hal_qspi.c ****     data_reg = &hqspi->Instance->DR;
 502:Drivers/STM32H7xx_HAL_Driver/Src/stm32h7xx_hal_qspi.c **** 
 503:Drivers/STM32H7xx_HAL_Driver/Src/stm32h7xx_hal_qspi.c ****     if(hqspi->State == HAL_QSPI_STATE_BUSY_INDIRECT_TX)
 504:Drivers/STM32H7xx_HAL_Driver/Src/stm32h7xx_hal_qspi.c ****     {
 505:Drivers/STM32H7xx_HAL_Driver/Src/stm32h7xx_hal_qspi.c ****       /* Transmission process */
 506:Drivers/STM32H7xx_HAL_Driver/Src/stm32h7xx_hal_qspi.c ****       while(__HAL_QSPI_GET_FLAG(hqspi, QSPI_FLAG_FT) != RESET)
 507:Drivers/STM32H7xx_HAL_Driver/Src/stm32h7xx_hal_qspi.c ****       {
 508:Drivers/STM32H7xx_HAL_Driver/Src/stm32h7xx_hal_qspi.c ****         if (hqspi->TxXferCount > 0U)
 509:Drivers/STM32H7xx_HAL_Driver/Src/stm32h7xx_hal_qspi.c ****         {
 510:Drivers/STM32H7xx_HAL_Driver/Src/stm32h7xx_hal_qspi.c ****           /* Fill the FIFO until the threshold is reached */
 511:Drivers/STM32H7xx_HAL_Driver/Src/stm32h7xx_hal_qspi.c ****           *((__IO uint8_t *)data_reg) = *hqspi->pTxBuffPtr;
 512:Drivers/STM32H7xx_HAL_Driver/Src/stm32h7xx_hal_qspi.c ****           hqspi->pTxBuffPtr++;
 513:Drivers/STM32H7xx_HAL_Driver/Src/stm32h7xx_hal_qspi.c ****           hqspi->TxXferCount--;
 514:Drivers/STM32H7xx_HAL_Driver/Src/stm32h7xx_hal_qspi.c ****         }
 515:Drivers/STM32H7xx_HAL_Driver/Src/stm32h7xx_hal_qspi.c ****         else
 516:Drivers/STM32H7xx_HAL_Driver/Src/stm32h7xx_hal_qspi.c ****         {
 517:Drivers/STM32H7xx_HAL_Driver/Src/stm32h7xx_hal_qspi.c ****           /* No more data available for the transfer */
 518:Drivers/STM32H7xx_HAL_Driver/Src/stm32h7xx_hal_qspi.c ****           /* Disable the QSPI FIFO Threshold Interrupt */
 519:Drivers/STM32H7xx_HAL_Driver/Src/stm32h7xx_hal_qspi.c ****           __HAL_QSPI_DISABLE_IT(hqspi, QSPI_IT_FT);
 520:Drivers/STM32H7xx_HAL_Driver/Src/stm32h7xx_hal_qspi.c ****           break;
 521:Drivers/STM32H7xx_HAL_Driver/Src/stm32h7xx_hal_qspi.c ****         }
 522:Drivers/STM32H7xx_HAL_Driver/Src/stm32h7xx_hal_qspi.c ****       }
 523:Drivers/STM32H7xx_HAL_Driver/Src/stm32h7xx_hal_qspi.c ****     }
 524:Drivers/STM32H7xx_HAL_Driver/Src/stm32h7xx_hal_qspi.c ****     else if(hqspi->State == HAL_QSPI_STATE_BUSY_INDIRECT_RX)
 525:Drivers/STM32H7xx_HAL_Driver/Src/stm32h7xx_hal_qspi.c ****     {
 526:Drivers/STM32H7xx_HAL_Driver/Src/stm32h7xx_hal_qspi.c ****       /* Receiving Process */
 527:Drivers/STM32H7xx_HAL_Driver/Src/stm32h7xx_hal_qspi.c ****       while(__HAL_QSPI_GET_FLAG(hqspi, QSPI_FLAG_FT) != RESET)
 528:Drivers/STM32H7xx_HAL_Driver/Src/stm32h7xx_hal_qspi.c ****       {
 529:Drivers/STM32H7xx_HAL_Driver/Src/stm32h7xx_hal_qspi.c ****         if (hqspi->RxXferCount > 0U)
 530:Drivers/STM32H7xx_HAL_Driver/Src/stm32h7xx_hal_qspi.c ****         {
 531:Drivers/STM32H7xx_HAL_Driver/Src/stm32h7xx_hal_qspi.c ****           /* Read the FIFO until the threshold is reached */
 532:Drivers/STM32H7xx_HAL_Driver/Src/stm32h7xx_hal_qspi.c ****           *hqspi->pRxBuffPtr = *((__IO uint8_t *)data_reg);
 533:Drivers/STM32H7xx_HAL_Driver/Src/stm32h7xx_hal_qspi.c ****           hqspi->pRxBuffPtr++;
 534:Drivers/STM32H7xx_HAL_Driver/Src/stm32h7xx_hal_qspi.c ****           hqspi->RxXferCount--;
 535:Drivers/STM32H7xx_HAL_Driver/Src/stm32h7xx_hal_qspi.c ****         }
 536:Drivers/STM32H7xx_HAL_Driver/Src/stm32h7xx_hal_qspi.c ****         else
 537:Drivers/STM32H7xx_HAL_Driver/Src/stm32h7xx_hal_qspi.c ****         {
 538:Drivers/STM32H7xx_HAL_Driver/Src/stm32h7xx_hal_qspi.c ****           /* All data have been received for the transfer */
 539:Drivers/STM32H7xx_HAL_Driver/Src/stm32h7xx_hal_qspi.c ****           /* Disable the QSPI FIFO Threshold Interrupt */
 540:Drivers/STM32H7xx_HAL_Driver/Src/stm32h7xx_hal_qspi.c ****           __HAL_QSPI_DISABLE_IT(hqspi, QSPI_IT_FT);
 541:Drivers/STM32H7xx_HAL_Driver/Src/stm32h7xx_hal_qspi.c ****           break;
 542:Drivers/STM32H7xx_HAL_Driver/Src/stm32h7xx_hal_qspi.c ****         }
 543:Drivers/STM32H7xx_HAL_Driver/Src/stm32h7xx_hal_qspi.c ****       }
 544:Drivers/STM32H7xx_HAL_Driver/Src/stm32h7xx_hal_qspi.c ****     }
ARM GAS  C:\Users\12491\AppData\Local\Temp\ccCAIkbk.s 			page 11


 545:Drivers/STM32H7xx_HAL_Driver/Src/stm32h7xx_hal_qspi.c ****     else
 546:Drivers/STM32H7xx_HAL_Driver/Src/stm32h7xx_hal_qspi.c ****     {
 547:Drivers/STM32H7xx_HAL_Driver/Src/stm32h7xx_hal_qspi.c ****       /* Nothing to do */
 548:Drivers/STM32H7xx_HAL_Driver/Src/stm32h7xx_hal_qspi.c ****     }
 549:Drivers/STM32H7xx_HAL_Driver/Src/stm32h7xx_hal_qspi.c **** 
 550:Drivers/STM32H7xx_HAL_Driver/Src/stm32h7xx_hal_qspi.c ****     /* FIFO Threshold callback */
 551:Drivers/STM32H7xx_HAL_Driver/Src/stm32h7xx_hal_qspi.c **** #if (USE_HAL_QSPI_REGISTER_CALLBACKS == 1)
 552:Drivers/STM32H7xx_HAL_Driver/Src/stm32h7xx_hal_qspi.c ****     hqspi->FifoThresholdCallback(hqspi);
 553:Drivers/STM32H7xx_HAL_Driver/Src/stm32h7xx_hal_qspi.c **** #else
 554:Drivers/STM32H7xx_HAL_Driver/Src/stm32h7xx_hal_qspi.c ****     HAL_QSPI_FifoThresholdCallback(hqspi);
 555:Drivers/STM32H7xx_HAL_Driver/Src/stm32h7xx_hal_qspi.c **** #endif
 556:Drivers/STM32H7xx_HAL_Driver/Src/stm32h7xx_hal_qspi.c ****   }
 557:Drivers/STM32H7xx_HAL_Driver/Src/stm32h7xx_hal_qspi.c **** 
 558:Drivers/STM32H7xx_HAL_Driver/Src/stm32h7xx_hal_qspi.c ****   /* QSPI Transfer Complete interrupt occurred -------------------------------*/
 559:Drivers/STM32H7xx_HAL_Driver/Src/stm32h7xx_hal_qspi.c ****   else if(((flag & QSPI_FLAG_TC) != 0U) && ((itsource & QSPI_IT_TC) != 0U))
 560:Drivers/STM32H7xx_HAL_Driver/Src/stm32h7xx_hal_qspi.c ****   {
 561:Drivers/STM32H7xx_HAL_Driver/Src/stm32h7xx_hal_qspi.c ****     /* Clear interrupt */
 562:Drivers/STM32H7xx_HAL_Driver/Src/stm32h7xx_hal_qspi.c ****     WRITE_REG(hqspi->Instance->FCR, QSPI_FLAG_TC);
 563:Drivers/STM32H7xx_HAL_Driver/Src/stm32h7xx_hal_qspi.c **** 
 564:Drivers/STM32H7xx_HAL_Driver/Src/stm32h7xx_hal_qspi.c ****     /* Disable the QSPI FIFO Threshold, Transfer Error and Transfer complete Interrupts */
 565:Drivers/STM32H7xx_HAL_Driver/Src/stm32h7xx_hal_qspi.c ****     __HAL_QSPI_DISABLE_IT(hqspi, QSPI_IT_TC | QSPI_IT_TE | QSPI_IT_FT);
 566:Drivers/STM32H7xx_HAL_Driver/Src/stm32h7xx_hal_qspi.c **** 
 567:Drivers/STM32H7xx_HAL_Driver/Src/stm32h7xx_hal_qspi.c ****     /* Transfer complete callback */
 568:Drivers/STM32H7xx_HAL_Driver/Src/stm32h7xx_hal_qspi.c ****     if(hqspi->State == HAL_QSPI_STATE_BUSY_INDIRECT_TX)
 569:Drivers/STM32H7xx_HAL_Driver/Src/stm32h7xx_hal_qspi.c ****     {
 570:Drivers/STM32H7xx_HAL_Driver/Src/stm32h7xx_hal_qspi.c ****       if ((hqspi->Instance->CR & QUADSPI_CR_DMAEN) != 0U)
 571:Drivers/STM32H7xx_HAL_Driver/Src/stm32h7xx_hal_qspi.c ****       {
 572:Drivers/STM32H7xx_HAL_Driver/Src/stm32h7xx_hal_qspi.c ****         /* Disable using MDMA by clearing DMAEN, note that DMAEN bit is "reserved"
 573:Drivers/STM32H7xx_HAL_Driver/Src/stm32h7xx_hal_qspi.c ****            but no impact on H7 HW and it minimize the cost in the footprint */
 574:Drivers/STM32H7xx_HAL_Driver/Src/stm32h7xx_hal_qspi.c ****         CLEAR_BIT(hqspi->Instance->CR, QUADSPI_CR_DMAEN);
 575:Drivers/STM32H7xx_HAL_Driver/Src/stm32h7xx_hal_qspi.c **** 
 576:Drivers/STM32H7xx_HAL_Driver/Src/stm32h7xx_hal_qspi.c ****         /* Disable the MDMA channel */
 577:Drivers/STM32H7xx_HAL_Driver/Src/stm32h7xx_hal_qspi.c ****         __HAL_MDMA_DISABLE(hqspi->hmdma);
 578:Drivers/STM32H7xx_HAL_Driver/Src/stm32h7xx_hal_qspi.c ****       }
 579:Drivers/STM32H7xx_HAL_Driver/Src/stm32h7xx_hal_qspi.c **** 
 580:Drivers/STM32H7xx_HAL_Driver/Src/stm32h7xx_hal_qspi.c **** 
 581:Drivers/STM32H7xx_HAL_Driver/Src/stm32h7xx_hal_qspi.c ****       /* Change state of QSPI */
 582:Drivers/STM32H7xx_HAL_Driver/Src/stm32h7xx_hal_qspi.c ****       hqspi->State = HAL_QSPI_STATE_READY;
 583:Drivers/STM32H7xx_HAL_Driver/Src/stm32h7xx_hal_qspi.c **** 
 584:Drivers/STM32H7xx_HAL_Driver/Src/stm32h7xx_hal_qspi.c ****       /* TX Complete callback */
 585:Drivers/STM32H7xx_HAL_Driver/Src/stm32h7xx_hal_qspi.c **** #if (USE_HAL_QSPI_REGISTER_CALLBACKS == 1)
 586:Drivers/STM32H7xx_HAL_Driver/Src/stm32h7xx_hal_qspi.c ****       hqspi->TxCpltCallback(hqspi);
 587:Drivers/STM32H7xx_HAL_Driver/Src/stm32h7xx_hal_qspi.c **** #else
 588:Drivers/STM32H7xx_HAL_Driver/Src/stm32h7xx_hal_qspi.c ****       HAL_QSPI_TxCpltCallback(hqspi);
 589:Drivers/STM32H7xx_HAL_Driver/Src/stm32h7xx_hal_qspi.c **** #endif
 590:Drivers/STM32H7xx_HAL_Driver/Src/stm32h7xx_hal_qspi.c ****     }
 591:Drivers/STM32H7xx_HAL_Driver/Src/stm32h7xx_hal_qspi.c ****     else if(hqspi->State == HAL_QSPI_STATE_BUSY_INDIRECT_RX)
 592:Drivers/STM32H7xx_HAL_Driver/Src/stm32h7xx_hal_qspi.c ****     {
 593:Drivers/STM32H7xx_HAL_Driver/Src/stm32h7xx_hal_qspi.c ****       if ((hqspi->Instance->CR & QUADSPI_CR_DMAEN) != 0U)
 594:Drivers/STM32H7xx_HAL_Driver/Src/stm32h7xx_hal_qspi.c ****       {
 595:Drivers/STM32H7xx_HAL_Driver/Src/stm32h7xx_hal_qspi.c ****         /* Disable using MDMA by clearing DMAEN, note that DMAEN bit is "reserved"
 596:Drivers/STM32H7xx_HAL_Driver/Src/stm32h7xx_hal_qspi.c ****            but no impact on H7 HW and it minimize the cost in the footprint */
 597:Drivers/STM32H7xx_HAL_Driver/Src/stm32h7xx_hal_qspi.c ****         CLEAR_BIT(hqspi->Instance->CR, QUADSPI_CR_DMAEN);
 598:Drivers/STM32H7xx_HAL_Driver/Src/stm32h7xx_hal_qspi.c **** 
 599:Drivers/STM32H7xx_HAL_Driver/Src/stm32h7xx_hal_qspi.c ****         /* Disable the MDMA channel */
 600:Drivers/STM32H7xx_HAL_Driver/Src/stm32h7xx_hal_qspi.c ****         __HAL_MDMA_DISABLE(hqspi->hmdma);
 601:Drivers/STM32H7xx_HAL_Driver/Src/stm32h7xx_hal_qspi.c ****       }
ARM GAS  C:\Users\12491\AppData\Local\Temp\ccCAIkbk.s 			page 12


 602:Drivers/STM32H7xx_HAL_Driver/Src/stm32h7xx_hal_qspi.c ****       else
 603:Drivers/STM32H7xx_HAL_Driver/Src/stm32h7xx_hal_qspi.c ****       {
 604:Drivers/STM32H7xx_HAL_Driver/Src/stm32h7xx_hal_qspi.c ****         data_reg = &hqspi->Instance->DR;
 605:Drivers/STM32H7xx_HAL_Driver/Src/stm32h7xx_hal_qspi.c ****         while(READ_BIT(hqspi->Instance->SR, QUADSPI_SR_FLEVEL) != 0U)
 606:Drivers/STM32H7xx_HAL_Driver/Src/stm32h7xx_hal_qspi.c ****         {
 607:Drivers/STM32H7xx_HAL_Driver/Src/stm32h7xx_hal_qspi.c ****           if (hqspi->RxXferCount > 0U)
 608:Drivers/STM32H7xx_HAL_Driver/Src/stm32h7xx_hal_qspi.c ****           {
 609:Drivers/STM32H7xx_HAL_Driver/Src/stm32h7xx_hal_qspi.c ****             /* Read the last data received in the FIFO until it is empty */
 610:Drivers/STM32H7xx_HAL_Driver/Src/stm32h7xx_hal_qspi.c ****             *hqspi->pRxBuffPtr = *((__IO uint8_t *)data_reg);
 611:Drivers/STM32H7xx_HAL_Driver/Src/stm32h7xx_hal_qspi.c ****             hqspi->pRxBuffPtr++;
 612:Drivers/STM32H7xx_HAL_Driver/Src/stm32h7xx_hal_qspi.c ****             hqspi->RxXferCount--;
 613:Drivers/STM32H7xx_HAL_Driver/Src/stm32h7xx_hal_qspi.c ****           }
 614:Drivers/STM32H7xx_HAL_Driver/Src/stm32h7xx_hal_qspi.c ****           else
 615:Drivers/STM32H7xx_HAL_Driver/Src/stm32h7xx_hal_qspi.c ****           {
 616:Drivers/STM32H7xx_HAL_Driver/Src/stm32h7xx_hal_qspi.c ****             /* All data have been received for the transfer */
 617:Drivers/STM32H7xx_HAL_Driver/Src/stm32h7xx_hal_qspi.c ****             break;
 618:Drivers/STM32H7xx_HAL_Driver/Src/stm32h7xx_hal_qspi.c ****           }
 619:Drivers/STM32H7xx_HAL_Driver/Src/stm32h7xx_hal_qspi.c ****         }
 620:Drivers/STM32H7xx_HAL_Driver/Src/stm32h7xx_hal_qspi.c ****       }
 621:Drivers/STM32H7xx_HAL_Driver/Src/stm32h7xx_hal_qspi.c **** 
 622:Drivers/STM32H7xx_HAL_Driver/Src/stm32h7xx_hal_qspi.c **** 
 623:Drivers/STM32H7xx_HAL_Driver/Src/stm32h7xx_hal_qspi.c ****       /* Change state of QSPI */
 624:Drivers/STM32H7xx_HAL_Driver/Src/stm32h7xx_hal_qspi.c ****       hqspi->State = HAL_QSPI_STATE_READY;
 625:Drivers/STM32H7xx_HAL_Driver/Src/stm32h7xx_hal_qspi.c **** 
 626:Drivers/STM32H7xx_HAL_Driver/Src/stm32h7xx_hal_qspi.c ****       /* RX Complete callback */
 627:Drivers/STM32H7xx_HAL_Driver/Src/stm32h7xx_hal_qspi.c **** #if (USE_HAL_QSPI_REGISTER_CALLBACKS == 1)
 628:Drivers/STM32H7xx_HAL_Driver/Src/stm32h7xx_hal_qspi.c ****       hqspi->RxCpltCallback(hqspi);
 629:Drivers/STM32H7xx_HAL_Driver/Src/stm32h7xx_hal_qspi.c **** #else
 630:Drivers/STM32H7xx_HAL_Driver/Src/stm32h7xx_hal_qspi.c ****       HAL_QSPI_RxCpltCallback(hqspi);
 631:Drivers/STM32H7xx_HAL_Driver/Src/stm32h7xx_hal_qspi.c **** #endif
 632:Drivers/STM32H7xx_HAL_Driver/Src/stm32h7xx_hal_qspi.c ****     }
 633:Drivers/STM32H7xx_HAL_Driver/Src/stm32h7xx_hal_qspi.c ****     else if(hqspi->State == HAL_QSPI_STATE_BUSY)
 634:Drivers/STM32H7xx_HAL_Driver/Src/stm32h7xx_hal_qspi.c ****     {
 635:Drivers/STM32H7xx_HAL_Driver/Src/stm32h7xx_hal_qspi.c ****       /* Change state of QSPI */
 636:Drivers/STM32H7xx_HAL_Driver/Src/stm32h7xx_hal_qspi.c ****       hqspi->State = HAL_QSPI_STATE_READY;
 637:Drivers/STM32H7xx_HAL_Driver/Src/stm32h7xx_hal_qspi.c **** 
 638:Drivers/STM32H7xx_HAL_Driver/Src/stm32h7xx_hal_qspi.c ****       /* Command Complete callback */
 639:Drivers/STM32H7xx_HAL_Driver/Src/stm32h7xx_hal_qspi.c **** #if (USE_HAL_QSPI_REGISTER_CALLBACKS == 1)
 640:Drivers/STM32H7xx_HAL_Driver/Src/stm32h7xx_hal_qspi.c ****       hqspi->CmdCpltCallback(hqspi);
 641:Drivers/STM32H7xx_HAL_Driver/Src/stm32h7xx_hal_qspi.c **** #else
 642:Drivers/STM32H7xx_HAL_Driver/Src/stm32h7xx_hal_qspi.c ****       HAL_QSPI_CmdCpltCallback(hqspi);
 643:Drivers/STM32H7xx_HAL_Driver/Src/stm32h7xx_hal_qspi.c **** #endif
 644:Drivers/STM32H7xx_HAL_Driver/Src/stm32h7xx_hal_qspi.c ****     }
 645:Drivers/STM32H7xx_HAL_Driver/Src/stm32h7xx_hal_qspi.c ****     else if(hqspi->State == HAL_QSPI_STATE_ABORT)
 646:Drivers/STM32H7xx_HAL_Driver/Src/stm32h7xx_hal_qspi.c ****     {
 647:Drivers/STM32H7xx_HAL_Driver/Src/stm32h7xx_hal_qspi.c ****       /* Reset functional mode configuration to indirect write mode by default */
 648:Drivers/STM32H7xx_HAL_Driver/Src/stm32h7xx_hal_qspi.c ****       CLEAR_BIT(hqspi->Instance->CCR, QUADSPI_CCR_FMODE);
 649:Drivers/STM32H7xx_HAL_Driver/Src/stm32h7xx_hal_qspi.c **** 
 650:Drivers/STM32H7xx_HAL_Driver/Src/stm32h7xx_hal_qspi.c ****       /* Change state of QSPI */
 651:Drivers/STM32H7xx_HAL_Driver/Src/stm32h7xx_hal_qspi.c ****       hqspi->State = HAL_QSPI_STATE_READY;
 652:Drivers/STM32H7xx_HAL_Driver/Src/stm32h7xx_hal_qspi.c **** 
 653:Drivers/STM32H7xx_HAL_Driver/Src/stm32h7xx_hal_qspi.c ****       if (hqspi->ErrorCode == HAL_QSPI_ERROR_NONE)
 654:Drivers/STM32H7xx_HAL_Driver/Src/stm32h7xx_hal_qspi.c ****       {
 655:Drivers/STM32H7xx_HAL_Driver/Src/stm32h7xx_hal_qspi.c ****         /* Abort called by the user */
 656:Drivers/STM32H7xx_HAL_Driver/Src/stm32h7xx_hal_qspi.c **** 
 657:Drivers/STM32H7xx_HAL_Driver/Src/stm32h7xx_hal_qspi.c ****         /* Abort Complete callback */
 658:Drivers/STM32H7xx_HAL_Driver/Src/stm32h7xx_hal_qspi.c **** #if (USE_HAL_QSPI_REGISTER_CALLBACKS == 1)
ARM GAS  C:\Users\12491\AppData\Local\Temp\ccCAIkbk.s 			page 13


 659:Drivers/STM32H7xx_HAL_Driver/Src/stm32h7xx_hal_qspi.c ****         hqspi->AbortCpltCallback(hqspi);
 660:Drivers/STM32H7xx_HAL_Driver/Src/stm32h7xx_hal_qspi.c **** #else
 661:Drivers/STM32H7xx_HAL_Driver/Src/stm32h7xx_hal_qspi.c ****         HAL_QSPI_AbortCpltCallback(hqspi);
 662:Drivers/STM32H7xx_HAL_Driver/Src/stm32h7xx_hal_qspi.c **** #endif
 663:Drivers/STM32H7xx_HAL_Driver/Src/stm32h7xx_hal_qspi.c ****       }
 664:Drivers/STM32H7xx_HAL_Driver/Src/stm32h7xx_hal_qspi.c ****       else
 665:Drivers/STM32H7xx_HAL_Driver/Src/stm32h7xx_hal_qspi.c ****       {
 666:Drivers/STM32H7xx_HAL_Driver/Src/stm32h7xx_hal_qspi.c ****         /* Abort due to an error (eg :  MDMA error) */
 667:Drivers/STM32H7xx_HAL_Driver/Src/stm32h7xx_hal_qspi.c **** 
 668:Drivers/STM32H7xx_HAL_Driver/Src/stm32h7xx_hal_qspi.c ****         /* Error callback */
 669:Drivers/STM32H7xx_HAL_Driver/Src/stm32h7xx_hal_qspi.c **** #if (USE_HAL_QSPI_REGISTER_CALLBACKS == 1)
 670:Drivers/STM32H7xx_HAL_Driver/Src/stm32h7xx_hal_qspi.c ****         hqspi->ErrorCallback(hqspi);
 671:Drivers/STM32H7xx_HAL_Driver/Src/stm32h7xx_hal_qspi.c **** #else
 672:Drivers/STM32H7xx_HAL_Driver/Src/stm32h7xx_hal_qspi.c ****         HAL_QSPI_ErrorCallback(hqspi);
 673:Drivers/STM32H7xx_HAL_Driver/Src/stm32h7xx_hal_qspi.c **** #endif
 674:Drivers/STM32H7xx_HAL_Driver/Src/stm32h7xx_hal_qspi.c ****       }
 675:Drivers/STM32H7xx_HAL_Driver/Src/stm32h7xx_hal_qspi.c ****     }
 676:Drivers/STM32H7xx_HAL_Driver/Src/stm32h7xx_hal_qspi.c ****     else
 677:Drivers/STM32H7xx_HAL_Driver/Src/stm32h7xx_hal_qspi.c ****     {
 678:Drivers/STM32H7xx_HAL_Driver/Src/stm32h7xx_hal_qspi.c ****      /* Nothing to do */
 679:Drivers/STM32H7xx_HAL_Driver/Src/stm32h7xx_hal_qspi.c ****     }
 680:Drivers/STM32H7xx_HAL_Driver/Src/stm32h7xx_hal_qspi.c ****   }
 681:Drivers/STM32H7xx_HAL_Driver/Src/stm32h7xx_hal_qspi.c **** 
 682:Drivers/STM32H7xx_HAL_Driver/Src/stm32h7xx_hal_qspi.c ****   /* QSPI Status Match interrupt occurred ------------------------------------*/
 683:Drivers/STM32H7xx_HAL_Driver/Src/stm32h7xx_hal_qspi.c ****   else if(((flag & QSPI_FLAG_SM) != 0U) && ((itsource & QSPI_IT_SM) != 0U))
 684:Drivers/STM32H7xx_HAL_Driver/Src/stm32h7xx_hal_qspi.c ****   {
 685:Drivers/STM32H7xx_HAL_Driver/Src/stm32h7xx_hal_qspi.c ****     /* Clear interrupt */
 686:Drivers/STM32H7xx_HAL_Driver/Src/stm32h7xx_hal_qspi.c ****     WRITE_REG(hqspi->Instance->FCR, QSPI_FLAG_SM);
 687:Drivers/STM32H7xx_HAL_Driver/Src/stm32h7xx_hal_qspi.c **** 
 688:Drivers/STM32H7xx_HAL_Driver/Src/stm32h7xx_hal_qspi.c ****     /* Check if the automatic poll mode stop is activated */
 689:Drivers/STM32H7xx_HAL_Driver/Src/stm32h7xx_hal_qspi.c ****     if(READ_BIT(hqspi->Instance->CR, QUADSPI_CR_APMS) != 0U)
 690:Drivers/STM32H7xx_HAL_Driver/Src/stm32h7xx_hal_qspi.c ****     {
 691:Drivers/STM32H7xx_HAL_Driver/Src/stm32h7xx_hal_qspi.c ****       /* Disable the QSPI Transfer Error and Status Match Interrupts */
 692:Drivers/STM32H7xx_HAL_Driver/Src/stm32h7xx_hal_qspi.c ****       __HAL_QSPI_DISABLE_IT(hqspi, (QSPI_IT_SM | QSPI_IT_TE));
 693:Drivers/STM32H7xx_HAL_Driver/Src/stm32h7xx_hal_qspi.c **** 
 694:Drivers/STM32H7xx_HAL_Driver/Src/stm32h7xx_hal_qspi.c ****       /* Change state of QSPI */
 695:Drivers/STM32H7xx_HAL_Driver/Src/stm32h7xx_hal_qspi.c ****       hqspi->State = HAL_QSPI_STATE_READY;
 696:Drivers/STM32H7xx_HAL_Driver/Src/stm32h7xx_hal_qspi.c ****     }
 697:Drivers/STM32H7xx_HAL_Driver/Src/stm32h7xx_hal_qspi.c **** 
 698:Drivers/STM32H7xx_HAL_Driver/Src/stm32h7xx_hal_qspi.c ****     /* Status match callback */
 699:Drivers/STM32H7xx_HAL_Driver/Src/stm32h7xx_hal_qspi.c **** #if (USE_HAL_QSPI_REGISTER_CALLBACKS == 1)
 700:Drivers/STM32H7xx_HAL_Driver/Src/stm32h7xx_hal_qspi.c ****     hqspi->StatusMatchCallback(hqspi);
 701:Drivers/STM32H7xx_HAL_Driver/Src/stm32h7xx_hal_qspi.c **** #else
 702:Drivers/STM32H7xx_HAL_Driver/Src/stm32h7xx_hal_qspi.c ****     HAL_QSPI_StatusMatchCallback(hqspi);
 703:Drivers/STM32H7xx_HAL_Driver/Src/stm32h7xx_hal_qspi.c **** #endif
 704:Drivers/STM32H7xx_HAL_Driver/Src/stm32h7xx_hal_qspi.c ****   }
 705:Drivers/STM32H7xx_HAL_Driver/Src/stm32h7xx_hal_qspi.c **** 
 706:Drivers/STM32H7xx_HAL_Driver/Src/stm32h7xx_hal_qspi.c ****   /* QSPI Transfer Error interrupt occurred ----------------------------------*/
 707:Drivers/STM32H7xx_HAL_Driver/Src/stm32h7xx_hal_qspi.c ****   else if(((flag & QSPI_FLAG_TE) != 0U) && ((itsource & QSPI_IT_TE) != 0U))
 708:Drivers/STM32H7xx_HAL_Driver/Src/stm32h7xx_hal_qspi.c ****   {
 709:Drivers/STM32H7xx_HAL_Driver/Src/stm32h7xx_hal_qspi.c ****     /* Clear interrupt */
 710:Drivers/STM32H7xx_HAL_Driver/Src/stm32h7xx_hal_qspi.c ****     WRITE_REG(hqspi->Instance->FCR, QSPI_FLAG_TE);
 711:Drivers/STM32H7xx_HAL_Driver/Src/stm32h7xx_hal_qspi.c **** 
 712:Drivers/STM32H7xx_HAL_Driver/Src/stm32h7xx_hal_qspi.c ****     /* Disable all the QSPI Interrupts */
 713:Drivers/STM32H7xx_HAL_Driver/Src/stm32h7xx_hal_qspi.c ****     __HAL_QSPI_DISABLE_IT(hqspi, QSPI_IT_SM | QSPI_IT_TC | QSPI_IT_TE | QSPI_IT_FT);
 714:Drivers/STM32H7xx_HAL_Driver/Src/stm32h7xx_hal_qspi.c **** 
 715:Drivers/STM32H7xx_HAL_Driver/Src/stm32h7xx_hal_qspi.c ****     /* Set error code */
ARM GAS  C:\Users\12491\AppData\Local\Temp\ccCAIkbk.s 			page 14


 716:Drivers/STM32H7xx_HAL_Driver/Src/stm32h7xx_hal_qspi.c ****     hqspi->ErrorCode |= HAL_QSPI_ERROR_TRANSFER;
 717:Drivers/STM32H7xx_HAL_Driver/Src/stm32h7xx_hal_qspi.c **** 
 718:Drivers/STM32H7xx_HAL_Driver/Src/stm32h7xx_hal_qspi.c ****     if ((hqspi->Instance->CR & QUADSPI_CR_DMAEN) != 0U)
 719:Drivers/STM32H7xx_HAL_Driver/Src/stm32h7xx_hal_qspi.c ****     {
 720:Drivers/STM32H7xx_HAL_Driver/Src/stm32h7xx_hal_qspi.c ****       /* Disable using MDMA by clearing DMAEN, note that DMAEN bit is "reserved"
 721:Drivers/STM32H7xx_HAL_Driver/Src/stm32h7xx_hal_qspi.c ****          but no impact on H7 HW and it minimize the cost in the footprint */
 722:Drivers/STM32H7xx_HAL_Driver/Src/stm32h7xx_hal_qspi.c ****       CLEAR_BIT(hqspi->Instance->CR, QUADSPI_CR_DMAEN);
 723:Drivers/STM32H7xx_HAL_Driver/Src/stm32h7xx_hal_qspi.c **** 
 724:Drivers/STM32H7xx_HAL_Driver/Src/stm32h7xx_hal_qspi.c ****       /* Disable the MDMA channel */
 725:Drivers/STM32H7xx_HAL_Driver/Src/stm32h7xx_hal_qspi.c ****       hqspi->hmdma->XferAbortCallback = QSPI_DMAAbortCplt;
 726:Drivers/STM32H7xx_HAL_Driver/Src/stm32h7xx_hal_qspi.c ****       if (HAL_MDMA_Abort_IT(hqspi->hmdma) != HAL_OK)
 727:Drivers/STM32H7xx_HAL_Driver/Src/stm32h7xx_hal_qspi.c ****       {
 728:Drivers/STM32H7xx_HAL_Driver/Src/stm32h7xx_hal_qspi.c ****         /* Set error code to DMA */
 729:Drivers/STM32H7xx_HAL_Driver/Src/stm32h7xx_hal_qspi.c ****         hqspi->ErrorCode |= HAL_QSPI_ERROR_DMA;
 730:Drivers/STM32H7xx_HAL_Driver/Src/stm32h7xx_hal_qspi.c **** 
 731:Drivers/STM32H7xx_HAL_Driver/Src/stm32h7xx_hal_qspi.c ****         /* Change state of QSPI */
 732:Drivers/STM32H7xx_HAL_Driver/Src/stm32h7xx_hal_qspi.c ****         hqspi->State = HAL_QSPI_STATE_READY;
 733:Drivers/STM32H7xx_HAL_Driver/Src/stm32h7xx_hal_qspi.c **** 
 734:Drivers/STM32H7xx_HAL_Driver/Src/stm32h7xx_hal_qspi.c ****         /* Error callback */
 735:Drivers/STM32H7xx_HAL_Driver/Src/stm32h7xx_hal_qspi.c **** #if (USE_HAL_QSPI_REGISTER_CALLBACKS == 1)
 736:Drivers/STM32H7xx_HAL_Driver/Src/stm32h7xx_hal_qspi.c ****         hqspi->ErrorCallback(hqspi);
 737:Drivers/STM32H7xx_HAL_Driver/Src/stm32h7xx_hal_qspi.c **** #else
 738:Drivers/STM32H7xx_HAL_Driver/Src/stm32h7xx_hal_qspi.c ****         HAL_QSPI_ErrorCallback(hqspi);
 739:Drivers/STM32H7xx_HAL_Driver/Src/stm32h7xx_hal_qspi.c **** #endif
 740:Drivers/STM32H7xx_HAL_Driver/Src/stm32h7xx_hal_qspi.c ****       }
 741:Drivers/STM32H7xx_HAL_Driver/Src/stm32h7xx_hal_qspi.c ****     }
 742:Drivers/STM32H7xx_HAL_Driver/Src/stm32h7xx_hal_qspi.c ****     else
 743:Drivers/STM32H7xx_HAL_Driver/Src/stm32h7xx_hal_qspi.c ****     {
 744:Drivers/STM32H7xx_HAL_Driver/Src/stm32h7xx_hal_qspi.c ****       /* Change state of QSPI */
 745:Drivers/STM32H7xx_HAL_Driver/Src/stm32h7xx_hal_qspi.c ****       hqspi->State = HAL_QSPI_STATE_READY;
 746:Drivers/STM32H7xx_HAL_Driver/Src/stm32h7xx_hal_qspi.c **** 
 747:Drivers/STM32H7xx_HAL_Driver/Src/stm32h7xx_hal_qspi.c ****       /* Error callback */
 748:Drivers/STM32H7xx_HAL_Driver/Src/stm32h7xx_hal_qspi.c **** #if (USE_HAL_QSPI_REGISTER_CALLBACKS == 1)
 749:Drivers/STM32H7xx_HAL_Driver/Src/stm32h7xx_hal_qspi.c ****       hqspi->ErrorCallback(hqspi);
 750:Drivers/STM32H7xx_HAL_Driver/Src/stm32h7xx_hal_qspi.c **** #else
 751:Drivers/STM32H7xx_HAL_Driver/Src/stm32h7xx_hal_qspi.c ****       HAL_QSPI_ErrorCallback(hqspi);
 752:Drivers/STM32H7xx_HAL_Driver/Src/stm32h7xx_hal_qspi.c **** #endif
 753:Drivers/STM32H7xx_HAL_Driver/Src/stm32h7xx_hal_qspi.c ****     }
 754:Drivers/STM32H7xx_HAL_Driver/Src/stm32h7xx_hal_qspi.c ****   }
 755:Drivers/STM32H7xx_HAL_Driver/Src/stm32h7xx_hal_qspi.c **** 
 756:Drivers/STM32H7xx_HAL_Driver/Src/stm32h7xx_hal_qspi.c ****   /* QSPI Timeout interrupt occurred -----------------------------------------*/
 757:Drivers/STM32H7xx_HAL_Driver/Src/stm32h7xx_hal_qspi.c ****   else if(((flag & QSPI_FLAG_TO) != 0U) && ((itsource & QSPI_IT_TO) != 0U))
 758:Drivers/STM32H7xx_HAL_Driver/Src/stm32h7xx_hal_qspi.c ****   {
 759:Drivers/STM32H7xx_HAL_Driver/Src/stm32h7xx_hal_qspi.c ****     /* Clear interrupt */
 760:Drivers/STM32H7xx_HAL_Driver/Src/stm32h7xx_hal_qspi.c ****     WRITE_REG(hqspi->Instance->FCR, QSPI_FLAG_TO);
 761:Drivers/STM32H7xx_HAL_Driver/Src/stm32h7xx_hal_qspi.c **** 
 762:Drivers/STM32H7xx_HAL_Driver/Src/stm32h7xx_hal_qspi.c ****     /* Timeout callback */
 763:Drivers/STM32H7xx_HAL_Driver/Src/stm32h7xx_hal_qspi.c **** #if (USE_HAL_QSPI_REGISTER_CALLBACKS == 1)
 764:Drivers/STM32H7xx_HAL_Driver/Src/stm32h7xx_hal_qspi.c ****     hqspi->TimeOutCallback(hqspi);
 765:Drivers/STM32H7xx_HAL_Driver/Src/stm32h7xx_hal_qspi.c **** #else
 766:Drivers/STM32H7xx_HAL_Driver/Src/stm32h7xx_hal_qspi.c ****     HAL_QSPI_TimeOutCallback(hqspi);
 767:Drivers/STM32H7xx_HAL_Driver/Src/stm32h7xx_hal_qspi.c **** #endif
 768:Drivers/STM32H7xx_HAL_Driver/Src/stm32h7xx_hal_qspi.c ****   }
 769:Drivers/STM32H7xx_HAL_Driver/Src/stm32h7xx_hal_qspi.c **** 
 770:Drivers/STM32H7xx_HAL_Driver/Src/stm32h7xx_hal_qspi.c ****    else
 771:Drivers/STM32H7xx_HAL_Driver/Src/stm32h7xx_hal_qspi.c ****   {
 772:Drivers/STM32H7xx_HAL_Driver/Src/stm32h7xx_hal_qspi.c ****    /* Nothing to do */
ARM GAS  C:\Users\12491\AppData\Local\Temp\ccCAIkbk.s 			page 15


 773:Drivers/STM32H7xx_HAL_Driver/Src/stm32h7xx_hal_qspi.c ****   }
 774:Drivers/STM32H7xx_HAL_Driver/Src/stm32h7xx_hal_qspi.c **** }
 775:Drivers/STM32H7xx_HAL_Driver/Src/stm32h7xx_hal_qspi.c **** 
 776:Drivers/STM32H7xx_HAL_Driver/Src/stm32h7xx_hal_qspi.c **** /**
 777:Drivers/STM32H7xx_HAL_Driver/Src/stm32h7xx_hal_qspi.c ****   * @brief Set the command configuration.
 778:Drivers/STM32H7xx_HAL_Driver/Src/stm32h7xx_hal_qspi.c ****   * @param hqspi QSPI handle
 779:Drivers/STM32H7xx_HAL_Driver/Src/stm32h7xx_hal_qspi.c ****   * @param cmd : structure that contains the command configuration information
 780:Drivers/STM32H7xx_HAL_Driver/Src/stm32h7xx_hal_qspi.c ****   * @param Timeout Timeout duration
 781:Drivers/STM32H7xx_HAL_Driver/Src/stm32h7xx_hal_qspi.c ****   * @note   This function is used only in Indirect Read or Write Modes
 782:Drivers/STM32H7xx_HAL_Driver/Src/stm32h7xx_hal_qspi.c ****   * @retval HAL status
 783:Drivers/STM32H7xx_HAL_Driver/Src/stm32h7xx_hal_qspi.c ****   */
 784:Drivers/STM32H7xx_HAL_Driver/Src/stm32h7xx_hal_qspi.c **** HAL_StatusTypeDef HAL_QSPI_Command(QSPI_HandleTypeDef *hqspi, QSPI_CommandTypeDef *cmd, uint32_t Ti
 785:Drivers/STM32H7xx_HAL_Driver/Src/stm32h7xx_hal_qspi.c **** {
 786:Drivers/STM32H7xx_HAL_Driver/Src/stm32h7xx_hal_qspi.c ****   HAL_StatusTypeDef status;
 787:Drivers/STM32H7xx_HAL_Driver/Src/stm32h7xx_hal_qspi.c ****   uint32_t tickstart = HAL_GetTick();
 788:Drivers/STM32H7xx_HAL_Driver/Src/stm32h7xx_hal_qspi.c **** 
 789:Drivers/STM32H7xx_HAL_Driver/Src/stm32h7xx_hal_qspi.c ****   /* Check the parameters */
 790:Drivers/STM32H7xx_HAL_Driver/Src/stm32h7xx_hal_qspi.c ****   assert_param(IS_QSPI_INSTRUCTION_MODE(cmd->InstructionMode));
 791:Drivers/STM32H7xx_HAL_Driver/Src/stm32h7xx_hal_qspi.c ****   if (cmd->InstructionMode != QSPI_INSTRUCTION_NONE)
 792:Drivers/STM32H7xx_HAL_Driver/Src/stm32h7xx_hal_qspi.c ****   {
 793:Drivers/STM32H7xx_HAL_Driver/Src/stm32h7xx_hal_qspi.c ****     assert_param(IS_QSPI_INSTRUCTION(cmd->Instruction));
 794:Drivers/STM32H7xx_HAL_Driver/Src/stm32h7xx_hal_qspi.c ****   }
 795:Drivers/STM32H7xx_HAL_Driver/Src/stm32h7xx_hal_qspi.c **** 
 796:Drivers/STM32H7xx_HAL_Driver/Src/stm32h7xx_hal_qspi.c ****   assert_param(IS_QSPI_ADDRESS_MODE(cmd->AddressMode));
 797:Drivers/STM32H7xx_HAL_Driver/Src/stm32h7xx_hal_qspi.c ****   if (cmd->AddressMode != QSPI_ADDRESS_NONE)
 798:Drivers/STM32H7xx_HAL_Driver/Src/stm32h7xx_hal_qspi.c ****   {
 799:Drivers/STM32H7xx_HAL_Driver/Src/stm32h7xx_hal_qspi.c ****     assert_param(IS_QSPI_ADDRESS_SIZE(cmd->AddressSize));
 800:Drivers/STM32H7xx_HAL_Driver/Src/stm32h7xx_hal_qspi.c ****   }
 801:Drivers/STM32H7xx_HAL_Driver/Src/stm32h7xx_hal_qspi.c **** 
 802:Drivers/STM32H7xx_HAL_Driver/Src/stm32h7xx_hal_qspi.c ****   assert_param(IS_QSPI_ALTERNATE_BYTES_MODE(cmd->AlternateByteMode));
 803:Drivers/STM32H7xx_HAL_Driver/Src/stm32h7xx_hal_qspi.c ****   if (cmd->AlternateByteMode != QSPI_ALTERNATE_BYTES_NONE)
 804:Drivers/STM32H7xx_HAL_Driver/Src/stm32h7xx_hal_qspi.c ****   {
 805:Drivers/STM32H7xx_HAL_Driver/Src/stm32h7xx_hal_qspi.c ****     assert_param(IS_QSPI_ALTERNATE_BYTES_SIZE(cmd->AlternateBytesSize));
 806:Drivers/STM32H7xx_HAL_Driver/Src/stm32h7xx_hal_qspi.c ****   }
 807:Drivers/STM32H7xx_HAL_Driver/Src/stm32h7xx_hal_qspi.c **** 
 808:Drivers/STM32H7xx_HAL_Driver/Src/stm32h7xx_hal_qspi.c ****   assert_param(IS_QSPI_DUMMY_CYCLES(cmd->DummyCycles));
 809:Drivers/STM32H7xx_HAL_Driver/Src/stm32h7xx_hal_qspi.c ****   assert_param(IS_QSPI_DATA_MODE(cmd->DataMode));
 810:Drivers/STM32H7xx_HAL_Driver/Src/stm32h7xx_hal_qspi.c **** 
 811:Drivers/STM32H7xx_HAL_Driver/Src/stm32h7xx_hal_qspi.c ****   assert_param(IS_QSPI_DDR_MODE(cmd->DdrMode));
 812:Drivers/STM32H7xx_HAL_Driver/Src/stm32h7xx_hal_qspi.c ****   assert_param(IS_QSPI_DDR_HHC(cmd->DdrHoldHalfCycle));
 813:Drivers/STM32H7xx_HAL_Driver/Src/stm32h7xx_hal_qspi.c ****   assert_param(IS_QSPI_SIOO_MODE(cmd->SIOOMode));
 814:Drivers/STM32H7xx_HAL_Driver/Src/stm32h7xx_hal_qspi.c **** 
 815:Drivers/STM32H7xx_HAL_Driver/Src/stm32h7xx_hal_qspi.c ****   /* Process locked */
 816:Drivers/STM32H7xx_HAL_Driver/Src/stm32h7xx_hal_qspi.c ****   __HAL_LOCK(hqspi);
 817:Drivers/STM32H7xx_HAL_Driver/Src/stm32h7xx_hal_qspi.c **** 
 818:Drivers/STM32H7xx_HAL_Driver/Src/stm32h7xx_hal_qspi.c ****   if(hqspi->State == HAL_QSPI_STATE_READY)
 819:Drivers/STM32H7xx_HAL_Driver/Src/stm32h7xx_hal_qspi.c ****   {
 820:Drivers/STM32H7xx_HAL_Driver/Src/stm32h7xx_hal_qspi.c ****     hqspi->ErrorCode = HAL_QSPI_ERROR_NONE;
 821:Drivers/STM32H7xx_HAL_Driver/Src/stm32h7xx_hal_qspi.c **** 
 822:Drivers/STM32H7xx_HAL_Driver/Src/stm32h7xx_hal_qspi.c ****     /* Update QSPI state */
 823:Drivers/STM32H7xx_HAL_Driver/Src/stm32h7xx_hal_qspi.c ****     hqspi->State = HAL_QSPI_STATE_BUSY;
 824:Drivers/STM32H7xx_HAL_Driver/Src/stm32h7xx_hal_qspi.c **** 
 825:Drivers/STM32H7xx_HAL_Driver/Src/stm32h7xx_hal_qspi.c ****     /* Wait till BUSY flag reset */
 826:Drivers/STM32H7xx_HAL_Driver/Src/stm32h7xx_hal_qspi.c ****     status = QSPI_WaitFlagStateUntilTimeout(hqspi, QSPI_FLAG_BUSY, RESET, tickstart, Timeout);
 827:Drivers/STM32H7xx_HAL_Driver/Src/stm32h7xx_hal_qspi.c **** 
 828:Drivers/STM32H7xx_HAL_Driver/Src/stm32h7xx_hal_qspi.c ****     if (status == HAL_OK)
 829:Drivers/STM32H7xx_HAL_Driver/Src/stm32h7xx_hal_qspi.c ****     {
ARM GAS  C:\Users\12491\AppData\Local\Temp\ccCAIkbk.s 			page 16


 830:Drivers/STM32H7xx_HAL_Driver/Src/stm32h7xx_hal_qspi.c ****       /* Call the configuration function */
 831:Drivers/STM32H7xx_HAL_Driver/Src/stm32h7xx_hal_qspi.c ****       QSPI_Config(hqspi, cmd, QSPI_FUNCTIONAL_MODE_INDIRECT_WRITE);
 832:Drivers/STM32H7xx_HAL_Driver/Src/stm32h7xx_hal_qspi.c **** 
 833:Drivers/STM32H7xx_HAL_Driver/Src/stm32h7xx_hal_qspi.c ****       if (cmd->DataMode == QSPI_DATA_NONE)
 834:Drivers/STM32H7xx_HAL_Driver/Src/stm32h7xx_hal_qspi.c ****       {
 835:Drivers/STM32H7xx_HAL_Driver/Src/stm32h7xx_hal_qspi.c ****         /* When there is no data phase, the transfer start as soon as the configuration is done
 836:Drivers/STM32H7xx_HAL_Driver/Src/stm32h7xx_hal_qspi.c ****         so wait until TC flag is set to go back in idle state */
 837:Drivers/STM32H7xx_HAL_Driver/Src/stm32h7xx_hal_qspi.c ****         status = QSPI_WaitFlagStateUntilTimeout(hqspi, QSPI_FLAG_TC, SET, tickstart, Timeout);
 838:Drivers/STM32H7xx_HAL_Driver/Src/stm32h7xx_hal_qspi.c **** 
 839:Drivers/STM32H7xx_HAL_Driver/Src/stm32h7xx_hal_qspi.c ****         if (status == HAL_OK)
 840:Drivers/STM32H7xx_HAL_Driver/Src/stm32h7xx_hal_qspi.c ****         {
 841:Drivers/STM32H7xx_HAL_Driver/Src/stm32h7xx_hal_qspi.c ****           __HAL_QSPI_CLEAR_FLAG(hqspi, QSPI_FLAG_TC);
 842:Drivers/STM32H7xx_HAL_Driver/Src/stm32h7xx_hal_qspi.c **** 
 843:Drivers/STM32H7xx_HAL_Driver/Src/stm32h7xx_hal_qspi.c ****           /* Update QSPI state */
 844:Drivers/STM32H7xx_HAL_Driver/Src/stm32h7xx_hal_qspi.c ****           hqspi->State = HAL_QSPI_STATE_READY;
 845:Drivers/STM32H7xx_HAL_Driver/Src/stm32h7xx_hal_qspi.c ****         }
 846:Drivers/STM32H7xx_HAL_Driver/Src/stm32h7xx_hal_qspi.c ****       }
 847:Drivers/STM32H7xx_HAL_Driver/Src/stm32h7xx_hal_qspi.c ****       else
 848:Drivers/STM32H7xx_HAL_Driver/Src/stm32h7xx_hal_qspi.c ****       {
 849:Drivers/STM32H7xx_HAL_Driver/Src/stm32h7xx_hal_qspi.c ****         /* Update QSPI state */
 850:Drivers/STM32H7xx_HAL_Driver/Src/stm32h7xx_hal_qspi.c ****         hqspi->State = HAL_QSPI_STATE_READY;
 851:Drivers/STM32H7xx_HAL_Driver/Src/stm32h7xx_hal_qspi.c ****       }
 852:Drivers/STM32H7xx_HAL_Driver/Src/stm32h7xx_hal_qspi.c ****     }
 853:Drivers/STM32H7xx_HAL_Driver/Src/stm32h7xx_hal_qspi.c ****   }
 854:Drivers/STM32H7xx_HAL_Driver/Src/stm32h7xx_hal_qspi.c ****   else
 855:Drivers/STM32H7xx_HAL_Driver/Src/stm32h7xx_hal_qspi.c ****   {
 856:Drivers/STM32H7xx_HAL_Driver/Src/stm32h7xx_hal_qspi.c ****     status = HAL_BUSY;
 857:Drivers/STM32H7xx_HAL_Driver/Src/stm32h7xx_hal_qspi.c ****   }
 858:Drivers/STM32H7xx_HAL_Driver/Src/stm32h7xx_hal_qspi.c **** 
 859:Drivers/STM32H7xx_HAL_Driver/Src/stm32h7xx_hal_qspi.c ****   /* Process unlocked */
 860:Drivers/STM32H7xx_HAL_Driver/Src/stm32h7xx_hal_qspi.c ****   __HAL_UNLOCK(hqspi);
 861:Drivers/STM32H7xx_HAL_Driver/Src/stm32h7xx_hal_qspi.c **** 
 862:Drivers/STM32H7xx_HAL_Driver/Src/stm32h7xx_hal_qspi.c ****   /* Return function status */
 863:Drivers/STM32H7xx_HAL_Driver/Src/stm32h7xx_hal_qspi.c ****   return status;
 864:Drivers/STM32H7xx_HAL_Driver/Src/stm32h7xx_hal_qspi.c **** }
 865:Drivers/STM32H7xx_HAL_Driver/Src/stm32h7xx_hal_qspi.c **** 
 866:Drivers/STM32H7xx_HAL_Driver/Src/stm32h7xx_hal_qspi.c **** /**
 867:Drivers/STM32H7xx_HAL_Driver/Src/stm32h7xx_hal_qspi.c ****   * @brief Set the command configuration in interrupt mode.
 868:Drivers/STM32H7xx_HAL_Driver/Src/stm32h7xx_hal_qspi.c ****   * @param hqspi QSPI handle
 869:Drivers/STM32H7xx_HAL_Driver/Src/stm32h7xx_hal_qspi.c ****   * @param cmd structure that contains the command configuration information
 870:Drivers/STM32H7xx_HAL_Driver/Src/stm32h7xx_hal_qspi.c ****   * @note   This function is used only in Indirect Read or Write Modes
 871:Drivers/STM32H7xx_HAL_Driver/Src/stm32h7xx_hal_qspi.c ****   * @retval HAL status
 872:Drivers/STM32H7xx_HAL_Driver/Src/stm32h7xx_hal_qspi.c ****   */
 873:Drivers/STM32H7xx_HAL_Driver/Src/stm32h7xx_hal_qspi.c **** HAL_StatusTypeDef HAL_QSPI_Command_IT(QSPI_HandleTypeDef *hqspi, QSPI_CommandTypeDef *cmd)
 874:Drivers/STM32H7xx_HAL_Driver/Src/stm32h7xx_hal_qspi.c **** {
 875:Drivers/STM32H7xx_HAL_Driver/Src/stm32h7xx_hal_qspi.c ****   HAL_StatusTypeDef status;
 876:Drivers/STM32H7xx_HAL_Driver/Src/stm32h7xx_hal_qspi.c ****   uint32_t tickstart = HAL_GetTick();
 877:Drivers/STM32H7xx_HAL_Driver/Src/stm32h7xx_hal_qspi.c **** 
 878:Drivers/STM32H7xx_HAL_Driver/Src/stm32h7xx_hal_qspi.c ****   /* Check the parameters */
 879:Drivers/STM32H7xx_HAL_Driver/Src/stm32h7xx_hal_qspi.c ****   assert_param(IS_QSPI_INSTRUCTION_MODE(cmd->InstructionMode));
 880:Drivers/STM32H7xx_HAL_Driver/Src/stm32h7xx_hal_qspi.c ****   if (cmd->InstructionMode != QSPI_INSTRUCTION_NONE)
 881:Drivers/STM32H7xx_HAL_Driver/Src/stm32h7xx_hal_qspi.c ****   {
 882:Drivers/STM32H7xx_HAL_Driver/Src/stm32h7xx_hal_qspi.c ****     assert_param(IS_QSPI_INSTRUCTION(cmd->Instruction));
 883:Drivers/STM32H7xx_HAL_Driver/Src/stm32h7xx_hal_qspi.c ****   }
 884:Drivers/STM32H7xx_HAL_Driver/Src/stm32h7xx_hal_qspi.c **** 
 885:Drivers/STM32H7xx_HAL_Driver/Src/stm32h7xx_hal_qspi.c ****   assert_param(IS_QSPI_ADDRESS_MODE(cmd->AddressMode));
 886:Drivers/STM32H7xx_HAL_Driver/Src/stm32h7xx_hal_qspi.c ****   if (cmd->AddressMode != QSPI_ADDRESS_NONE)
ARM GAS  C:\Users\12491\AppData\Local\Temp\ccCAIkbk.s 			page 17


 887:Drivers/STM32H7xx_HAL_Driver/Src/stm32h7xx_hal_qspi.c ****   {
 888:Drivers/STM32H7xx_HAL_Driver/Src/stm32h7xx_hal_qspi.c ****     assert_param(IS_QSPI_ADDRESS_SIZE(cmd->AddressSize));
 889:Drivers/STM32H7xx_HAL_Driver/Src/stm32h7xx_hal_qspi.c ****   }
 890:Drivers/STM32H7xx_HAL_Driver/Src/stm32h7xx_hal_qspi.c **** 
 891:Drivers/STM32H7xx_HAL_Driver/Src/stm32h7xx_hal_qspi.c ****   assert_param(IS_QSPI_ALTERNATE_BYTES_MODE(cmd->AlternateByteMode));
 892:Drivers/STM32H7xx_HAL_Driver/Src/stm32h7xx_hal_qspi.c ****   if (cmd->AlternateByteMode != QSPI_ALTERNATE_BYTES_NONE)
 893:Drivers/STM32H7xx_HAL_Driver/Src/stm32h7xx_hal_qspi.c ****   {
 894:Drivers/STM32H7xx_HAL_Driver/Src/stm32h7xx_hal_qspi.c ****     assert_param(IS_QSPI_ALTERNATE_BYTES_SIZE(cmd->AlternateBytesSize));
 895:Drivers/STM32H7xx_HAL_Driver/Src/stm32h7xx_hal_qspi.c ****   }
 896:Drivers/STM32H7xx_HAL_Driver/Src/stm32h7xx_hal_qspi.c **** 
 897:Drivers/STM32H7xx_HAL_Driver/Src/stm32h7xx_hal_qspi.c ****   assert_param(IS_QSPI_DUMMY_CYCLES(cmd->DummyCycles));
 898:Drivers/STM32H7xx_HAL_Driver/Src/stm32h7xx_hal_qspi.c ****   assert_param(IS_QSPI_DATA_MODE(cmd->DataMode));
 899:Drivers/STM32H7xx_HAL_Driver/Src/stm32h7xx_hal_qspi.c **** 
 900:Drivers/STM32H7xx_HAL_Driver/Src/stm32h7xx_hal_qspi.c ****   assert_param(IS_QSPI_DDR_MODE(cmd->DdrMode));
 901:Drivers/STM32H7xx_HAL_Driver/Src/stm32h7xx_hal_qspi.c ****   assert_param(IS_QSPI_DDR_HHC(cmd->DdrHoldHalfCycle));
 902:Drivers/STM32H7xx_HAL_Driver/Src/stm32h7xx_hal_qspi.c ****   assert_param(IS_QSPI_SIOO_MODE(cmd->SIOOMode));
 903:Drivers/STM32H7xx_HAL_Driver/Src/stm32h7xx_hal_qspi.c **** 
 904:Drivers/STM32H7xx_HAL_Driver/Src/stm32h7xx_hal_qspi.c ****   /* Process locked */
 905:Drivers/STM32H7xx_HAL_Driver/Src/stm32h7xx_hal_qspi.c ****   __HAL_LOCK(hqspi);
 906:Drivers/STM32H7xx_HAL_Driver/Src/stm32h7xx_hal_qspi.c **** 
 907:Drivers/STM32H7xx_HAL_Driver/Src/stm32h7xx_hal_qspi.c ****   if(hqspi->State == HAL_QSPI_STATE_READY)
 908:Drivers/STM32H7xx_HAL_Driver/Src/stm32h7xx_hal_qspi.c ****   {
 909:Drivers/STM32H7xx_HAL_Driver/Src/stm32h7xx_hal_qspi.c ****     hqspi->ErrorCode = HAL_QSPI_ERROR_NONE;
 910:Drivers/STM32H7xx_HAL_Driver/Src/stm32h7xx_hal_qspi.c **** 
 911:Drivers/STM32H7xx_HAL_Driver/Src/stm32h7xx_hal_qspi.c ****     /* Update QSPI state */
 912:Drivers/STM32H7xx_HAL_Driver/Src/stm32h7xx_hal_qspi.c ****     hqspi->State = HAL_QSPI_STATE_BUSY;
 913:Drivers/STM32H7xx_HAL_Driver/Src/stm32h7xx_hal_qspi.c **** 
 914:Drivers/STM32H7xx_HAL_Driver/Src/stm32h7xx_hal_qspi.c ****     /* Wait till BUSY flag reset */
 915:Drivers/STM32H7xx_HAL_Driver/Src/stm32h7xx_hal_qspi.c ****     status = QSPI_WaitFlagStateUntilTimeout(hqspi, QSPI_FLAG_BUSY, RESET, tickstart, hqspi->Timeout
 916:Drivers/STM32H7xx_HAL_Driver/Src/stm32h7xx_hal_qspi.c **** 
 917:Drivers/STM32H7xx_HAL_Driver/Src/stm32h7xx_hal_qspi.c ****     if (status == HAL_OK)
 918:Drivers/STM32H7xx_HAL_Driver/Src/stm32h7xx_hal_qspi.c ****     {
 919:Drivers/STM32H7xx_HAL_Driver/Src/stm32h7xx_hal_qspi.c ****       if (cmd->DataMode == QSPI_DATA_NONE)
 920:Drivers/STM32H7xx_HAL_Driver/Src/stm32h7xx_hal_qspi.c ****       {
 921:Drivers/STM32H7xx_HAL_Driver/Src/stm32h7xx_hal_qspi.c ****         /* Clear interrupt */
 922:Drivers/STM32H7xx_HAL_Driver/Src/stm32h7xx_hal_qspi.c ****         __HAL_QSPI_CLEAR_FLAG(hqspi, QSPI_FLAG_TE | QSPI_FLAG_TC);
 923:Drivers/STM32H7xx_HAL_Driver/Src/stm32h7xx_hal_qspi.c ****       }
 924:Drivers/STM32H7xx_HAL_Driver/Src/stm32h7xx_hal_qspi.c **** 
 925:Drivers/STM32H7xx_HAL_Driver/Src/stm32h7xx_hal_qspi.c ****       /* Call the configuration function */
 926:Drivers/STM32H7xx_HAL_Driver/Src/stm32h7xx_hal_qspi.c ****       QSPI_Config(hqspi, cmd, QSPI_FUNCTIONAL_MODE_INDIRECT_WRITE);
 927:Drivers/STM32H7xx_HAL_Driver/Src/stm32h7xx_hal_qspi.c **** 
 928:Drivers/STM32H7xx_HAL_Driver/Src/stm32h7xx_hal_qspi.c ****       if (cmd->DataMode == QSPI_DATA_NONE)
 929:Drivers/STM32H7xx_HAL_Driver/Src/stm32h7xx_hal_qspi.c ****       {
 930:Drivers/STM32H7xx_HAL_Driver/Src/stm32h7xx_hal_qspi.c ****         /* When there is no data phase, the transfer start as soon as the configuration is done
 931:Drivers/STM32H7xx_HAL_Driver/Src/stm32h7xx_hal_qspi.c ****         so activate TC and TE interrupts */
 932:Drivers/STM32H7xx_HAL_Driver/Src/stm32h7xx_hal_qspi.c ****         /* Process unlocked */
 933:Drivers/STM32H7xx_HAL_Driver/Src/stm32h7xx_hal_qspi.c ****         __HAL_UNLOCK(hqspi);
 934:Drivers/STM32H7xx_HAL_Driver/Src/stm32h7xx_hal_qspi.c **** 
 935:Drivers/STM32H7xx_HAL_Driver/Src/stm32h7xx_hal_qspi.c ****         /* Enable the QSPI Transfer Error Interrupt */
 936:Drivers/STM32H7xx_HAL_Driver/Src/stm32h7xx_hal_qspi.c ****         __HAL_QSPI_ENABLE_IT(hqspi, QSPI_IT_TE | QSPI_IT_TC);
 937:Drivers/STM32H7xx_HAL_Driver/Src/stm32h7xx_hal_qspi.c ****       }
 938:Drivers/STM32H7xx_HAL_Driver/Src/stm32h7xx_hal_qspi.c ****       else
 939:Drivers/STM32H7xx_HAL_Driver/Src/stm32h7xx_hal_qspi.c ****       {
 940:Drivers/STM32H7xx_HAL_Driver/Src/stm32h7xx_hal_qspi.c ****         /* Update QSPI state */
 941:Drivers/STM32H7xx_HAL_Driver/Src/stm32h7xx_hal_qspi.c ****         hqspi->State = HAL_QSPI_STATE_READY;
 942:Drivers/STM32H7xx_HAL_Driver/Src/stm32h7xx_hal_qspi.c **** 
 943:Drivers/STM32H7xx_HAL_Driver/Src/stm32h7xx_hal_qspi.c ****         /* Process unlocked */
ARM GAS  C:\Users\12491\AppData\Local\Temp\ccCAIkbk.s 			page 18


 944:Drivers/STM32H7xx_HAL_Driver/Src/stm32h7xx_hal_qspi.c ****         __HAL_UNLOCK(hqspi);
 945:Drivers/STM32H7xx_HAL_Driver/Src/stm32h7xx_hal_qspi.c ****       }
 946:Drivers/STM32H7xx_HAL_Driver/Src/stm32h7xx_hal_qspi.c ****     }
 947:Drivers/STM32H7xx_HAL_Driver/Src/stm32h7xx_hal_qspi.c ****     else
 948:Drivers/STM32H7xx_HAL_Driver/Src/stm32h7xx_hal_qspi.c ****     {
 949:Drivers/STM32H7xx_HAL_Driver/Src/stm32h7xx_hal_qspi.c ****       /* Process unlocked */
 950:Drivers/STM32H7xx_HAL_Driver/Src/stm32h7xx_hal_qspi.c ****       __HAL_UNLOCK(hqspi);
 951:Drivers/STM32H7xx_HAL_Driver/Src/stm32h7xx_hal_qspi.c ****     }
 952:Drivers/STM32H7xx_HAL_Driver/Src/stm32h7xx_hal_qspi.c ****   }
 953:Drivers/STM32H7xx_HAL_Driver/Src/stm32h7xx_hal_qspi.c ****   else
 954:Drivers/STM32H7xx_HAL_Driver/Src/stm32h7xx_hal_qspi.c ****   {
 955:Drivers/STM32H7xx_HAL_Driver/Src/stm32h7xx_hal_qspi.c ****     status = HAL_BUSY;
 956:Drivers/STM32H7xx_HAL_Driver/Src/stm32h7xx_hal_qspi.c **** 
 957:Drivers/STM32H7xx_HAL_Driver/Src/stm32h7xx_hal_qspi.c ****     /* Process unlocked */
 958:Drivers/STM32H7xx_HAL_Driver/Src/stm32h7xx_hal_qspi.c ****     __HAL_UNLOCK(hqspi);
 959:Drivers/STM32H7xx_HAL_Driver/Src/stm32h7xx_hal_qspi.c ****   }
 960:Drivers/STM32H7xx_HAL_Driver/Src/stm32h7xx_hal_qspi.c **** 
 961:Drivers/STM32H7xx_HAL_Driver/Src/stm32h7xx_hal_qspi.c ****   /* Return function status */
 962:Drivers/STM32H7xx_HAL_Driver/Src/stm32h7xx_hal_qspi.c ****   return status;
 963:Drivers/STM32H7xx_HAL_Driver/Src/stm32h7xx_hal_qspi.c **** }
 964:Drivers/STM32H7xx_HAL_Driver/Src/stm32h7xx_hal_qspi.c **** 
 965:Drivers/STM32H7xx_HAL_Driver/Src/stm32h7xx_hal_qspi.c **** /**
 966:Drivers/STM32H7xx_HAL_Driver/Src/stm32h7xx_hal_qspi.c ****   * @brief Transmit an amount of data in blocking mode.
 967:Drivers/STM32H7xx_HAL_Driver/Src/stm32h7xx_hal_qspi.c ****   * @param hqspi QSPI handle
 968:Drivers/STM32H7xx_HAL_Driver/Src/stm32h7xx_hal_qspi.c ****   * @param pData pointer to data buffer
 969:Drivers/STM32H7xx_HAL_Driver/Src/stm32h7xx_hal_qspi.c ****   * @param Timeout Timeout duration
 970:Drivers/STM32H7xx_HAL_Driver/Src/stm32h7xx_hal_qspi.c ****   * @note   This function is used only in Indirect Write Mode
 971:Drivers/STM32H7xx_HAL_Driver/Src/stm32h7xx_hal_qspi.c ****   * @retval HAL status
 972:Drivers/STM32H7xx_HAL_Driver/Src/stm32h7xx_hal_qspi.c ****   */
 973:Drivers/STM32H7xx_HAL_Driver/Src/stm32h7xx_hal_qspi.c **** HAL_StatusTypeDef HAL_QSPI_Transmit(QSPI_HandleTypeDef *hqspi, uint8_t *pData, uint32_t Timeout)
 974:Drivers/STM32H7xx_HAL_Driver/Src/stm32h7xx_hal_qspi.c **** {
 975:Drivers/STM32H7xx_HAL_Driver/Src/stm32h7xx_hal_qspi.c ****   HAL_StatusTypeDef status = HAL_OK;
 976:Drivers/STM32H7xx_HAL_Driver/Src/stm32h7xx_hal_qspi.c ****   uint32_t tickstart = HAL_GetTick();
 977:Drivers/STM32H7xx_HAL_Driver/Src/stm32h7xx_hal_qspi.c ****   __IO uint32_t *data_reg = &hqspi->Instance->DR;
 978:Drivers/STM32H7xx_HAL_Driver/Src/stm32h7xx_hal_qspi.c **** 
 979:Drivers/STM32H7xx_HAL_Driver/Src/stm32h7xx_hal_qspi.c ****   /* Process locked */
 980:Drivers/STM32H7xx_HAL_Driver/Src/stm32h7xx_hal_qspi.c ****   __HAL_LOCK(hqspi);
 981:Drivers/STM32H7xx_HAL_Driver/Src/stm32h7xx_hal_qspi.c **** 
 982:Drivers/STM32H7xx_HAL_Driver/Src/stm32h7xx_hal_qspi.c ****   if(hqspi->State == HAL_QSPI_STATE_READY)
 983:Drivers/STM32H7xx_HAL_Driver/Src/stm32h7xx_hal_qspi.c ****   {
 984:Drivers/STM32H7xx_HAL_Driver/Src/stm32h7xx_hal_qspi.c ****     hqspi->ErrorCode = HAL_QSPI_ERROR_NONE;
 985:Drivers/STM32H7xx_HAL_Driver/Src/stm32h7xx_hal_qspi.c **** 
 986:Drivers/STM32H7xx_HAL_Driver/Src/stm32h7xx_hal_qspi.c ****     if(pData != NULL )
 987:Drivers/STM32H7xx_HAL_Driver/Src/stm32h7xx_hal_qspi.c ****     {
 988:Drivers/STM32H7xx_HAL_Driver/Src/stm32h7xx_hal_qspi.c ****       /* Update state */
 989:Drivers/STM32H7xx_HAL_Driver/Src/stm32h7xx_hal_qspi.c ****       hqspi->State = HAL_QSPI_STATE_BUSY_INDIRECT_TX;
 990:Drivers/STM32H7xx_HAL_Driver/Src/stm32h7xx_hal_qspi.c **** 
 991:Drivers/STM32H7xx_HAL_Driver/Src/stm32h7xx_hal_qspi.c ****       /* Configure counters and size of the handle */
 992:Drivers/STM32H7xx_HAL_Driver/Src/stm32h7xx_hal_qspi.c ****       hqspi->TxXferCount = READ_REG(hqspi->Instance->DLR) + 1U;
 993:Drivers/STM32H7xx_HAL_Driver/Src/stm32h7xx_hal_qspi.c ****       hqspi->TxXferSize = READ_REG(hqspi->Instance->DLR) + 1U;
 994:Drivers/STM32H7xx_HAL_Driver/Src/stm32h7xx_hal_qspi.c ****       hqspi->pTxBuffPtr = pData;
 995:Drivers/STM32H7xx_HAL_Driver/Src/stm32h7xx_hal_qspi.c **** 
 996:Drivers/STM32H7xx_HAL_Driver/Src/stm32h7xx_hal_qspi.c ****       /* Configure QSPI: CCR register with functional as indirect write */
 997:Drivers/STM32H7xx_HAL_Driver/Src/stm32h7xx_hal_qspi.c ****       MODIFY_REG(hqspi->Instance->CCR, QUADSPI_CCR_FMODE, QSPI_FUNCTIONAL_MODE_INDIRECT_WRITE);
 998:Drivers/STM32H7xx_HAL_Driver/Src/stm32h7xx_hal_qspi.c **** 
 999:Drivers/STM32H7xx_HAL_Driver/Src/stm32h7xx_hal_qspi.c ****       while(hqspi->TxXferCount > 0U)
1000:Drivers/STM32H7xx_HAL_Driver/Src/stm32h7xx_hal_qspi.c ****       {
ARM GAS  C:\Users\12491\AppData\Local\Temp\ccCAIkbk.s 			page 19


1001:Drivers/STM32H7xx_HAL_Driver/Src/stm32h7xx_hal_qspi.c ****         /* Wait until FT flag is set to send data */
1002:Drivers/STM32H7xx_HAL_Driver/Src/stm32h7xx_hal_qspi.c ****         status = QSPI_WaitFlagStateUntilTimeout(hqspi, QSPI_FLAG_FT, SET, tickstart, Timeout);
1003:Drivers/STM32H7xx_HAL_Driver/Src/stm32h7xx_hal_qspi.c **** 
1004:Drivers/STM32H7xx_HAL_Driver/Src/stm32h7xx_hal_qspi.c ****         if (status != HAL_OK)
1005:Drivers/STM32H7xx_HAL_Driver/Src/stm32h7xx_hal_qspi.c ****         {
1006:Drivers/STM32H7xx_HAL_Driver/Src/stm32h7xx_hal_qspi.c ****           break;
1007:Drivers/STM32H7xx_HAL_Driver/Src/stm32h7xx_hal_qspi.c ****         }
1008:Drivers/STM32H7xx_HAL_Driver/Src/stm32h7xx_hal_qspi.c **** 
1009:Drivers/STM32H7xx_HAL_Driver/Src/stm32h7xx_hal_qspi.c ****         *((__IO uint8_t *)data_reg) = *hqspi->pTxBuffPtr;
1010:Drivers/STM32H7xx_HAL_Driver/Src/stm32h7xx_hal_qspi.c ****         hqspi->pTxBuffPtr++;
1011:Drivers/STM32H7xx_HAL_Driver/Src/stm32h7xx_hal_qspi.c ****         hqspi->TxXferCount--;
1012:Drivers/STM32H7xx_HAL_Driver/Src/stm32h7xx_hal_qspi.c ****       }
1013:Drivers/STM32H7xx_HAL_Driver/Src/stm32h7xx_hal_qspi.c **** 
1014:Drivers/STM32H7xx_HAL_Driver/Src/stm32h7xx_hal_qspi.c ****       if (status == HAL_OK)
1015:Drivers/STM32H7xx_HAL_Driver/Src/stm32h7xx_hal_qspi.c ****       {
1016:Drivers/STM32H7xx_HAL_Driver/Src/stm32h7xx_hal_qspi.c ****         /* Wait until TC flag is set to go back in idle state */
1017:Drivers/STM32H7xx_HAL_Driver/Src/stm32h7xx_hal_qspi.c ****         status = QSPI_WaitFlagStateUntilTimeout(hqspi, QSPI_FLAG_TC, SET, tickstart, Timeout);
1018:Drivers/STM32H7xx_HAL_Driver/Src/stm32h7xx_hal_qspi.c **** 
1019:Drivers/STM32H7xx_HAL_Driver/Src/stm32h7xx_hal_qspi.c ****         if (status == HAL_OK)
1020:Drivers/STM32H7xx_HAL_Driver/Src/stm32h7xx_hal_qspi.c ****         {
1021:Drivers/STM32H7xx_HAL_Driver/Src/stm32h7xx_hal_qspi.c ****           /* Clear Transfer Complete bit */
1022:Drivers/STM32H7xx_HAL_Driver/Src/stm32h7xx_hal_qspi.c ****           __HAL_QSPI_CLEAR_FLAG(hqspi, QSPI_FLAG_TC);
1023:Drivers/STM32H7xx_HAL_Driver/Src/stm32h7xx_hal_qspi.c **** 
1024:Drivers/STM32H7xx_HAL_Driver/Src/stm32h7xx_hal_qspi.c ****         }
1025:Drivers/STM32H7xx_HAL_Driver/Src/stm32h7xx_hal_qspi.c ****       }
1026:Drivers/STM32H7xx_HAL_Driver/Src/stm32h7xx_hal_qspi.c **** 
1027:Drivers/STM32H7xx_HAL_Driver/Src/stm32h7xx_hal_qspi.c ****       /* Update QSPI state */
1028:Drivers/STM32H7xx_HAL_Driver/Src/stm32h7xx_hal_qspi.c ****       hqspi->State = HAL_QSPI_STATE_READY;
1029:Drivers/STM32H7xx_HAL_Driver/Src/stm32h7xx_hal_qspi.c ****     }
1030:Drivers/STM32H7xx_HAL_Driver/Src/stm32h7xx_hal_qspi.c ****     else
1031:Drivers/STM32H7xx_HAL_Driver/Src/stm32h7xx_hal_qspi.c ****     {
1032:Drivers/STM32H7xx_HAL_Driver/Src/stm32h7xx_hal_qspi.c ****       hqspi->ErrorCode |= HAL_QSPI_ERROR_INVALID_PARAM;
1033:Drivers/STM32H7xx_HAL_Driver/Src/stm32h7xx_hal_qspi.c ****       status = HAL_ERROR;
1034:Drivers/STM32H7xx_HAL_Driver/Src/stm32h7xx_hal_qspi.c ****     }
1035:Drivers/STM32H7xx_HAL_Driver/Src/stm32h7xx_hal_qspi.c ****   }
1036:Drivers/STM32H7xx_HAL_Driver/Src/stm32h7xx_hal_qspi.c ****   else
1037:Drivers/STM32H7xx_HAL_Driver/Src/stm32h7xx_hal_qspi.c ****   {
1038:Drivers/STM32H7xx_HAL_Driver/Src/stm32h7xx_hal_qspi.c ****     status = HAL_BUSY;
1039:Drivers/STM32H7xx_HAL_Driver/Src/stm32h7xx_hal_qspi.c ****   }
1040:Drivers/STM32H7xx_HAL_Driver/Src/stm32h7xx_hal_qspi.c **** 
1041:Drivers/STM32H7xx_HAL_Driver/Src/stm32h7xx_hal_qspi.c ****   /* Process unlocked */
1042:Drivers/STM32H7xx_HAL_Driver/Src/stm32h7xx_hal_qspi.c ****   __HAL_UNLOCK(hqspi);
1043:Drivers/STM32H7xx_HAL_Driver/Src/stm32h7xx_hal_qspi.c **** 
1044:Drivers/STM32H7xx_HAL_Driver/Src/stm32h7xx_hal_qspi.c ****   return status;
1045:Drivers/STM32H7xx_HAL_Driver/Src/stm32h7xx_hal_qspi.c **** }
1046:Drivers/STM32H7xx_HAL_Driver/Src/stm32h7xx_hal_qspi.c **** 
1047:Drivers/STM32H7xx_HAL_Driver/Src/stm32h7xx_hal_qspi.c **** 
1048:Drivers/STM32H7xx_HAL_Driver/Src/stm32h7xx_hal_qspi.c **** /**
1049:Drivers/STM32H7xx_HAL_Driver/Src/stm32h7xx_hal_qspi.c ****   * @brief Receive an amount of data in blocking mode.
1050:Drivers/STM32H7xx_HAL_Driver/Src/stm32h7xx_hal_qspi.c ****   * @param hqspi QSPI handle
1051:Drivers/STM32H7xx_HAL_Driver/Src/stm32h7xx_hal_qspi.c ****   * @param pData pointer to data buffer
1052:Drivers/STM32H7xx_HAL_Driver/Src/stm32h7xx_hal_qspi.c ****   * @param Timeout Timeout duration
1053:Drivers/STM32H7xx_HAL_Driver/Src/stm32h7xx_hal_qspi.c ****   * @note   This function is used only in Indirect Read Mode
1054:Drivers/STM32H7xx_HAL_Driver/Src/stm32h7xx_hal_qspi.c ****   * @retval HAL status
1055:Drivers/STM32H7xx_HAL_Driver/Src/stm32h7xx_hal_qspi.c ****   */
1056:Drivers/STM32H7xx_HAL_Driver/Src/stm32h7xx_hal_qspi.c **** HAL_StatusTypeDef HAL_QSPI_Receive(QSPI_HandleTypeDef *hqspi, uint8_t *pData, uint32_t Timeout)
1057:Drivers/STM32H7xx_HAL_Driver/Src/stm32h7xx_hal_qspi.c **** {
ARM GAS  C:\Users\12491\AppData\Local\Temp\ccCAIkbk.s 			page 20


1058:Drivers/STM32H7xx_HAL_Driver/Src/stm32h7xx_hal_qspi.c ****   HAL_StatusTypeDef status = HAL_OK;
1059:Drivers/STM32H7xx_HAL_Driver/Src/stm32h7xx_hal_qspi.c ****   uint32_t tickstart = HAL_GetTick();
1060:Drivers/STM32H7xx_HAL_Driver/Src/stm32h7xx_hal_qspi.c ****   uint32_t addr_reg = READ_REG(hqspi->Instance->AR);
1061:Drivers/STM32H7xx_HAL_Driver/Src/stm32h7xx_hal_qspi.c ****   __IO uint32_t *data_reg = &hqspi->Instance->DR;
1062:Drivers/STM32H7xx_HAL_Driver/Src/stm32h7xx_hal_qspi.c **** 
1063:Drivers/STM32H7xx_HAL_Driver/Src/stm32h7xx_hal_qspi.c ****   /* Process locked */
1064:Drivers/STM32H7xx_HAL_Driver/Src/stm32h7xx_hal_qspi.c ****   __HAL_LOCK(hqspi);
1065:Drivers/STM32H7xx_HAL_Driver/Src/stm32h7xx_hal_qspi.c **** 
1066:Drivers/STM32H7xx_HAL_Driver/Src/stm32h7xx_hal_qspi.c ****   if(hqspi->State == HAL_QSPI_STATE_READY)
1067:Drivers/STM32H7xx_HAL_Driver/Src/stm32h7xx_hal_qspi.c ****   {
1068:Drivers/STM32H7xx_HAL_Driver/Src/stm32h7xx_hal_qspi.c ****     hqspi->ErrorCode = HAL_QSPI_ERROR_NONE;
1069:Drivers/STM32H7xx_HAL_Driver/Src/stm32h7xx_hal_qspi.c **** 
1070:Drivers/STM32H7xx_HAL_Driver/Src/stm32h7xx_hal_qspi.c ****     if(pData != NULL )
1071:Drivers/STM32H7xx_HAL_Driver/Src/stm32h7xx_hal_qspi.c ****     {
1072:Drivers/STM32H7xx_HAL_Driver/Src/stm32h7xx_hal_qspi.c ****       /* Update state */
1073:Drivers/STM32H7xx_HAL_Driver/Src/stm32h7xx_hal_qspi.c ****       hqspi->State = HAL_QSPI_STATE_BUSY_INDIRECT_RX;
1074:Drivers/STM32H7xx_HAL_Driver/Src/stm32h7xx_hal_qspi.c **** 
1075:Drivers/STM32H7xx_HAL_Driver/Src/stm32h7xx_hal_qspi.c ****       /* Configure counters and size of the handle */
1076:Drivers/STM32H7xx_HAL_Driver/Src/stm32h7xx_hal_qspi.c ****       hqspi->RxXferCount = READ_REG(hqspi->Instance->DLR) + 1U;
1077:Drivers/STM32H7xx_HAL_Driver/Src/stm32h7xx_hal_qspi.c ****       hqspi->RxXferSize = READ_REG(hqspi->Instance->DLR) + 1U;
1078:Drivers/STM32H7xx_HAL_Driver/Src/stm32h7xx_hal_qspi.c ****       hqspi->pRxBuffPtr = pData;
1079:Drivers/STM32H7xx_HAL_Driver/Src/stm32h7xx_hal_qspi.c **** 
1080:Drivers/STM32H7xx_HAL_Driver/Src/stm32h7xx_hal_qspi.c ****       /* Configure QSPI: CCR register with functional as indirect read */
1081:Drivers/STM32H7xx_HAL_Driver/Src/stm32h7xx_hal_qspi.c ****       MODIFY_REG(hqspi->Instance->CCR, QUADSPI_CCR_FMODE, QSPI_FUNCTIONAL_MODE_INDIRECT_READ);
1082:Drivers/STM32H7xx_HAL_Driver/Src/stm32h7xx_hal_qspi.c **** 
1083:Drivers/STM32H7xx_HAL_Driver/Src/stm32h7xx_hal_qspi.c ****       /* Start the transfer by re-writing the address in AR register */
1084:Drivers/STM32H7xx_HAL_Driver/Src/stm32h7xx_hal_qspi.c ****       WRITE_REG(hqspi->Instance->AR, addr_reg);
1085:Drivers/STM32H7xx_HAL_Driver/Src/stm32h7xx_hal_qspi.c **** 
1086:Drivers/STM32H7xx_HAL_Driver/Src/stm32h7xx_hal_qspi.c ****       while(hqspi->RxXferCount > 0U)
1087:Drivers/STM32H7xx_HAL_Driver/Src/stm32h7xx_hal_qspi.c ****       {
1088:Drivers/STM32H7xx_HAL_Driver/Src/stm32h7xx_hal_qspi.c ****         /* Wait until FT or TC flag is set to read received data */
1089:Drivers/STM32H7xx_HAL_Driver/Src/stm32h7xx_hal_qspi.c ****         status = QSPI_WaitFlagStateUntilTimeout(hqspi, (QSPI_FLAG_FT | QSPI_FLAG_TC), SET, tickstar
1090:Drivers/STM32H7xx_HAL_Driver/Src/stm32h7xx_hal_qspi.c **** 
1091:Drivers/STM32H7xx_HAL_Driver/Src/stm32h7xx_hal_qspi.c ****         if  (status != HAL_OK)
1092:Drivers/STM32H7xx_HAL_Driver/Src/stm32h7xx_hal_qspi.c ****         {
1093:Drivers/STM32H7xx_HAL_Driver/Src/stm32h7xx_hal_qspi.c ****           break;
1094:Drivers/STM32H7xx_HAL_Driver/Src/stm32h7xx_hal_qspi.c ****         }
1095:Drivers/STM32H7xx_HAL_Driver/Src/stm32h7xx_hal_qspi.c **** 
1096:Drivers/STM32H7xx_HAL_Driver/Src/stm32h7xx_hal_qspi.c ****         *hqspi->pRxBuffPtr = *((__IO uint8_t *)data_reg);
1097:Drivers/STM32H7xx_HAL_Driver/Src/stm32h7xx_hal_qspi.c ****         hqspi->pRxBuffPtr++;
1098:Drivers/STM32H7xx_HAL_Driver/Src/stm32h7xx_hal_qspi.c ****         hqspi->RxXferCount--;
1099:Drivers/STM32H7xx_HAL_Driver/Src/stm32h7xx_hal_qspi.c ****       }
1100:Drivers/STM32H7xx_HAL_Driver/Src/stm32h7xx_hal_qspi.c **** 
1101:Drivers/STM32H7xx_HAL_Driver/Src/stm32h7xx_hal_qspi.c ****       if (status == HAL_OK)
1102:Drivers/STM32H7xx_HAL_Driver/Src/stm32h7xx_hal_qspi.c ****       {
1103:Drivers/STM32H7xx_HAL_Driver/Src/stm32h7xx_hal_qspi.c ****         /* Wait until TC flag is set to go back in idle state */
1104:Drivers/STM32H7xx_HAL_Driver/Src/stm32h7xx_hal_qspi.c ****         status = QSPI_WaitFlagStateUntilTimeout(hqspi, QSPI_FLAG_TC, SET, tickstart, Timeout);
1105:Drivers/STM32H7xx_HAL_Driver/Src/stm32h7xx_hal_qspi.c **** 
1106:Drivers/STM32H7xx_HAL_Driver/Src/stm32h7xx_hal_qspi.c ****         if  (status == HAL_OK)
1107:Drivers/STM32H7xx_HAL_Driver/Src/stm32h7xx_hal_qspi.c ****         {
1108:Drivers/STM32H7xx_HAL_Driver/Src/stm32h7xx_hal_qspi.c ****           /* Clear Transfer Complete bit */
1109:Drivers/STM32H7xx_HAL_Driver/Src/stm32h7xx_hal_qspi.c ****           __HAL_QSPI_CLEAR_FLAG(hqspi, QSPI_FLAG_TC);
1110:Drivers/STM32H7xx_HAL_Driver/Src/stm32h7xx_hal_qspi.c **** 
1111:Drivers/STM32H7xx_HAL_Driver/Src/stm32h7xx_hal_qspi.c ****         }
1112:Drivers/STM32H7xx_HAL_Driver/Src/stm32h7xx_hal_qspi.c ****       }
1113:Drivers/STM32H7xx_HAL_Driver/Src/stm32h7xx_hal_qspi.c **** 
1114:Drivers/STM32H7xx_HAL_Driver/Src/stm32h7xx_hal_qspi.c ****       /* Update QSPI state */
ARM GAS  C:\Users\12491\AppData\Local\Temp\ccCAIkbk.s 			page 21


1115:Drivers/STM32H7xx_HAL_Driver/Src/stm32h7xx_hal_qspi.c ****       hqspi->State = HAL_QSPI_STATE_READY;
1116:Drivers/STM32H7xx_HAL_Driver/Src/stm32h7xx_hal_qspi.c ****     }
1117:Drivers/STM32H7xx_HAL_Driver/Src/stm32h7xx_hal_qspi.c ****     else
1118:Drivers/STM32H7xx_HAL_Driver/Src/stm32h7xx_hal_qspi.c ****     {
1119:Drivers/STM32H7xx_HAL_Driver/Src/stm32h7xx_hal_qspi.c ****       hqspi->ErrorCode |= HAL_QSPI_ERROR_INVALID_PARAM;
1120:Drivers/STM32H7xx_HAL_Driver/Src/stm32h7xx_hal_qspi.c ****       status = HAL_ERROR;
1121:Drivers/STM32H7xx_HAL_Driver/Src/stm32h7xx_hal_qspi.c ****     }
1122:Drivers/STM32H7xx_HAL_Driver/Src/stm32h7xx_hal_qspi.c ****   }
1123:Drivers/STM32H7xx_HAL_Driver/Src/stm32h7xx_hal_qspi.c ****   else
1124:Drivers/STM32H7xx_HAL_Driver/Src/stm32h7xx_hal_qspi.c ****   {
1125:Drivers/STM32H7xx_HAL_Driver/Src/stm32h7xx_hal_qspi.c ****     status = HAL_BUSY;
1126:Drivers/STM32H7xx_HAL_Driver/Src/stm32h7xx_hal_qspi.c ****   }
1127:Drivers/STM32H7xx_HAL_Driver/Src/stm32h7xx_hal_qspi.c **** 
1128:Drivers/STM32H7xx_HAL_Driver/Src/stm32h7xx_hal_qspi.c ****   /* Process unlocked */
1129:Drivers/STM32H7xx_HAL_Driver/Src/stm32h7xx_hal_qspi.c ****   __HAL_UNLOCK(hqspi);
1130:Drivers/STM32H7xx_HAL_Driver/Src/stm32h7xx_hal_qspi.c **** 
1131:Drivers/STM32H7xx_HAL_Driver/Src/stm32h7xx_hal_qspi.c ****   return status;
1132:Drivers/STM32H7xx_HAL_Driver/Src/stm32h7xx_hal_qspi.c **** }
1133:Drivers/STM32H7xx_HAL_Driver/Src/stm32h7xx_hal_qspi.c **** 
1134:Drivers/STM32H7xx_HAL_Driver/Src/stm32h7xx_hal_qspi.c **** /**
1135:Drivers/STM32H7xx_HAL_Driver/Src/stm32h7xx_hal_qspi.c ****   * @brief  Send an amount of data in non-blocking mode with interrupt.
1136:Drivers/STM32H7xx_HAL_Driver/Src/stm32h7xx_hal_qspi.c ****   * @param  hqspi QSPI handle
1137:Drivers/STM32H7xx_HAL_Driver/Src/stm32h7xx_hal_qspi.c ****   * @param  pData pointer to data buffer
1138:Drivers/STM32H7xx_HAL_Driver/Src/stm32h7xx_hal_qspi.c ****   * @note   This function is used only in Indirect Write Mode
1139:Drivers/STM32H7xx_HAL_Driver/Src/stm32h7xx_hal_qspi.c ****   * @retval HAL status
1140:Drivers/STM32H7xx_HAL_Driver/Src/stm32h7xx_hal_qspi.c ****   */
1141:Drivers/STM32H7xx_HAL_Driver/Src/stm32h7xx_hal_qspi.c **** HAL_StatusTypeDef HAL_QSPI_Transmit_IT(QSPI_HandleTypeDef *hqspi, uint8_t *pData)
1142:Drivers/STM32H7xx_HAL_Driver/Src/stm32h7xx_hal_qspi.c **** {
1143:Drivers/STM32H7xx_HAL_Driver/Src/stm32h7xx_hal_qspi.c ****   HAL_StatusTypeDef status = HAL_OK;
1144:Drivers/STM32H7xx_HAL_Driver/Src/stm32h7xx_hal_qspi.c **** 
1145:Drivers/STM32H7xx_HAL_Driver/Src/stm32h7xx_hal_qspi.c ****   /* Process locked */
1146:Drivers/STM32H7xx_HAL_Driver/Src/stm32h7xx_hal_qspi.c ****   __HAL_LOCK(hqspi);
1147:Drivers/STM32H7xx_HAL_Driver/Src/stm32h7xx_hal_qspi.c **** 
1148:Drivers/STM32H7xx_HAL_Driver/Src/stm32h7xx_hal_qspi.c ****   if(hqspi->State == HAL_QSPI_STATE_READY)
1149:Drivers/STM32H7xx_HAL_Driver/Src/stm32h7xx_hal_qspi.c ****   {
1150:Drivers/STM32H7xx_HAL_Driver/Src/stm32h7xx_hal_qspi.c ****     hqspi->ErrorCode = HAL_QSPI_ERROR_NONE;
1151:Drivers/STM32H7xx_HAL_Driver/Src/stm32h7xx_hal_qspi.c **** 
1152:Drivers/STM32H7xx_HAL_Driver/Src/stm32h7xx_hal_qspi.c ****     if(pData != NULL )
1153:Drivers/STM32H7xx_HAL_Driver/Src/stm32h7xx_hal_qspi.c ****     {
1154:Drivers/STM32H7xx_HAL_Driver/Src/stm32h7xx_hal_qspi.c ****       /* Update state */
1155:Drivers/STM32H7xx_HAL_Driver/Src/stm32h7xx_hal_qspi.c ****       hqspi->State = HAL_QSPI_STATE_BUSY_INDIRECT_TX;
1156:Drivers/STM32H7xx_HAL_Driver/Src/stm32h7xx_hal_qspi.c **** 
1157:Drivers/STM32H7xx_HAL_Driver/Src/stm32h7xx_hal_qspi.c ****       /* Configure counters and size of the handle */
1158:Drivers/STM32H7xx_HAL_Driver/Src/stm32h7xx_hal_qspi.c ****       hqspi->TxXferCount = READ_REG(hqspi->Instance->DLR) + 1U;
1159:Drivers/STM32H7xx_HAL_Driver/Src/stm32h7xx_hal_qspi.c ****       hqspi->TxXferSize = READ_REG(hqspi->Instance->DLR) + 1U;
1160:Drivers/STM32H7xx_HAL_Driver/Src/stm32h7xx_hal_qspi.c ****       hqspi->pTxBuffPtr = pData;
1161:Drivers/STM32H7xx_HAL_Driver/Src/stm32h7xx_hal_qspi.c **** 
1162:Drivers/STM32H7xx_HAL_Driver/Src/stm32h7xx_hal_qspi.c ****       /* Clear interrupt */
1163:Drivers/STM32H7xx_HAL_Driver/Src/stm32h7xx_hal_qspi.c ****       __HAL_QSPI_CLEAR_FLAG(hqspi, QSPI_FLAG_TE | QSPI_FLAG_TC);
1164:Drivers/STM32H7xx_HAL_Driver/Src/stm32h7xx_hal_qspi.c **** 
1165:Drivers/STM32H7xx_HAL_Driver/Src/stm32h7xx_hal_qspi.c ****       /* Configure QSPI: CCR register with functional as indirect write */
1166:Drivers/STM32H7xx_HAL_Driver/Src/stm32h7xx_hal_qspi.c ****       MODIFY_REG(hqspi->Instance->CCR, QUADSPI_CCR_FMODE, QSPI_FUNCTIONAL_MODE_INDIRECT_WRITE);
1167:Drivers/STM32H7xx_HAL_Driver/Src/stm32h7xx_hal_qspi.c **** 
1168:Drivers/STM32H7xx_HAL_Driver/Src/stm32h7xx_hal_qspi.c ****       /* Process unlocked */
1169:Drivers/STM32H7xx_HAL_Driver/Src/stm32h7xx_hal_qspi.c ****       __HAL_UNLOCK(hqspi);
1170:Drivers/STM32H7xx_HAL_Driver/Src/stm32h7xx_hal_qspi.c **** 
1171:Drivers/STM32H7xx_HAL_Driver/Src/stm32h7xx_hal_qspi.c ****       /* Enable the QSPI transfer error, FIFO threshold and transfer complete Interrupts */
ARM GAS  C:\Users\12491\AppData\Local\Temp\ccCAIkbk.s 			page 22


1172:Drivers/STM32H7xx_HAL_Driver/Src/stm32h7xx_hal_qspi.c ****       __HAL_QSPI_ENABLE_IT(hqspi, QSPI_IT_TE | QSPI_IT_FT | QSPI_IT_TC);
1173:Drivers/STM32H7xx_HAL_Driver/Src/stm32h7xx_hal_qspi.c ****     }
1174:Drivers/STM32H7xx_HAL_Driver/Src/stm32h7xx_hal_qspi.c ****     else
1175:Drivers/STM32H7xx_HAL_Driver/Src/stm32h7xx_hal_qspi.c ****     {
1176:Drivers/STM32H7xx_HAL_Driver/Src/stm32h7xx_hal_qspi.c ****       hqspi->ErrorCode |= HAL_QSPI_ERROR_INVALID_PARAM;
1177:Drivers/STM32H7xx_HAL_Driver/Src/stm32h7xx_hal_qspi.c ****       status = HAL_ERROR;
1178:Drivers/STM32H7xx_HAL_Driver/Src/stm32h7xx_hal_qspi.c **** 
1179:Drivers/STM32H7xx_HAL_Driver/Src/stm32h7xx_hal_qspi.c ****       /* Process unlocked */
1180:Drivers/STM32H7xx_HAL_Driver/Src/stm32h7xx_hal_qspi.c ****       __HAL_UNLOCK(hqspi);
1181:Drivers/STM32H7xx_HAL_Driver/Src/stm32h7xx_hal_qspi.c ****     }
1182:Drivers/STM32H7xx_HAL_Driver/Src/stm32h7xx_hal_qspi.c ****   }
1183:Drivers/STM32H7xx_HAL_Driver/Src/stm32h7xx_hal_qspi.c ****   else
1184:Drivers/STM32H7xx_HAL_Driver/Src/stm32h7xx_hal_qspi.c ****   {
1185:Drivers/STM32H7xx_HAL_Driver/Src/stm32h7xx_hal_qspi.c ****     status = HAL_BUSY;
1186:Drivers/STM32H7xx_HAL_Driver/Src/stm32h7xx_hal_qspi.c **** 
1187:Drivers/STM32H7xx_HAL_Driver/Src/stm32h7xx_hal_qspi.c ****     /* Process unlocked */
1188:Drivers/STM32H7xx_HAL_Driver/Src/stm32h7xx_hal_qspi.c ****     __HAL_UNLOCK(hqspi);
1189:Drivers/STM32H7xx_HAL_Driver/Src/stm32h7xx_hal_qspi.c ****   }
1190:Drivers/STM32H7xx_HAL_Driver/Src/stm32h7xx_hal_qspi.c **** 
1191:Drivers/STM32H7xx_HAL_Driver/Src/stm32h7xx_hal_qspi.c ****   return status;
1192:Drivers/STM32H7xx_HAL_Driver/Src/stm32h7xx_hal_qspi.c **** }
1193:Drivers/STM32H7xx_HAL_Driver/Src/stm32h7xx_hal_qspi.c **** 
1194:Drivers/STM32H7xx_HAL_Driver/Src/stm32h7xx_hal_qspi.c **** /**
1195:Drivers/STM32H7xx_HAL_Driver/Src/stm32h7xx_hal_qspi.c ****   * @brief  Receive an amount of data in non-blocking mode with interrupt.
1196:Drivers/STM32H7xx_HAL_Driver/Src/stm32h7xx_hal_qspi.c ****   * @param  hqspi QSPI handle
1197:Drivers/STM32H7xx_HAL_Driver/Src/stm32h7xx_hal_qspi.c ****   * @param  pData pointer to data buffer
1198:Drivers/STM32H7xx_HAL_Driver/Src/stm32h7xx_hal_qspi.c ****   * @note   This function is used only in Indirect Read Mode
1199:Drivers/STM32H7xx_HAL_Driver/Src/stm32h7xx_hal_qspi.c ****   * @retval HAL status
1200:Drivers/STM32H7xx_HAL_Driver/Src/stm32h7xx_hal_qspi.c ****   */
1201:Drivers/STM32H7xx_HAL_Driver/Src/stm32h7xx_hal_qspi.c **** HAL_StatusTypeDef HAL_QSPI_Receive_IT(QSPI_HandleTypeDef *hqspi, uint8_t *pData)
1202:Drivers/STM32H7xx_HAL_Driver/Src/stm32h7xx_hal_qspi.c **** {
1203:Drivers/STM32H7xx_HAL_Driver/Src/stm32h7xx_hal_qspi.c ****   HAL_StatusTypeDef status = HAL_OK;
1204:Drivers/STM32H7xx_HAL_Driver/Src/stm32h7xx_hal_qspi.c ****   uint32_t addr_reg = READ_REG(hqspi->Instance->AR);
1205:Drivers/STM32H7xx_HAL_Driver/Src/stm32h7xx_hal_qspi.c **** 
1206:Drivers/STM32H7xx_HAL_Driver/Src/stm32h7xx_hal_qspi.c ****   /* Process locked */
1207:Drivers/STM32H7xx_HAL_Driver/Src/stm32h7xx_hal_qspi.c ****   __HAL_LOCK(hqspi);
1208:Drivers/STM32H7xx_HAL_Driver/Src/stm32h7xx_hal_qspi.c **** 
1209:Drivers/STM32H7xx_HAL_Driver/Src/stm32h7xx_hal_qspi.c ****   if(hqspi->State == HAL_QSPI_STATE_READY)
1210:Drivers/STM32H7xx_HAL_Driver/Src/stm32h7xx_hal_qspi.c ****   {
1211:Drivers/STM32H7xx_HAL_Driver/Src/stm32h7xx_hal_qspi.c ****     hqspi->ErrorCode = HAL_QSPI_ERROR_NONE;
1212:Drivers/STM32H7xx_HAL_Driver/Src/stm32h7xx_hal_qspi.c **** 
1213:Drivers/STM32H7xx_HAL_Driver/Src/stm32h7xx_hal_qspi.c ****     if(pData != NULL )
1214:Drivers/STM32H7xx_HAL_Driver/Src/stm32h7xx_hal_qspi.c ****     {
1215:Drivers/STM32H7xx_HAL_Driver/Src/stm32h7xx_hal_qspi.c ****       /* Update state */
1216:Drivers/STM32H7xx_HAL_Driver/Src/stm32h7xx_hal_qspi.c ****       hqspi->State = HAL_QSPI_STATE_BUSY_INDIRECT_RX;
1217:Drivers/STM32H7xx_HAL_Driver/Src/stm32h7xx_hal_qspi.c **** 
1218:Drivers/STM32H7xx_HAL_Driver/Src/stm32h7xx_hal_qspi.c ****       /* Configure counters and size of the handle */
1219:Drivers/STM32H7xx_HAL_Driver/Src/stm32h7xx_hal_qspi.c ****       hqspi->RxXferCount = READ_REG(hqspi->Instance->DLR) + 1U;
1220:Drivers/STM32H7xx_HAL_Driver/Src/stm32h7xx_hal_qspi.c ****       hqspi->RxXferSize = READ_REG(hqspi->Instance->DLR) + 1U;
1221:Drivers/STM32H7xx_HAL_Driver/Src/stm32h7xx_hal_qspi.c ****       hqspi->pRxBuffPtr = pData;
1222:Drivers/STM32H7xx_HAL_Driver/Src/stm32h7xx_hal_qspi.c **** 
1223:Drivers/STM32H7xx_HAL_Driver/Src/stm32h7xx_hal_qspi.c ****       /* Clear interrupt */
1224:Drivers/STM32H7xx_HAL_Driver/Src/stm32h7xx_hal_qspi.c ****       __HAL_QSPI_CLEAR_FLAG(hqspi, QSPI_FLAG_TE | QSPI_FLAG_TC);
1225:Drivers/STM32H7xx_HAL_Driver/Src/stm32h7xx_hal_qspi.c **** 
1226:Drivers/STM32H7xx_HAL_Driver/Src/stm32h7xx_hal_qspi.c ****       /* Configure QSPI: CCR register with functional as indirect read */
1227:Drivers/STM32H7xx_HAL_Driver/Src/stm32h7xx_hal_qspi.c ****       MODIFY_REG(hqspi->Instance->CCR, QUADSPI_CCR_FMODE, QSPI_FUNCTIONAL_MODE_INDIRECT_READ);
1228:Drivers/STM32H7xx_HAL_Driver/Src/stm32h7xx_hal_qspi.c **** 
ARM GAS  C:\Users\12491\AppData\Local\Temp\ccCAIkbk.s 			page 23


1229:Drivers/STM32H7xx_HAL_Driver/Src/stm32h7xx_hal_qspi.c ****       /* Start the transfer by re-writing the address in AR register */
1230:Drivers/STM32H7xx_HAL_Driver/Src/stm32h7xx_hal_qspi.c ****       WRITE_REG(hqspi->Instance->AR, addr_reg);
1231:Drivers/STM32H7xx_HAL_Driver/Src/stm32h7xx_hal_qspi.c **** 
1232:Drivers/STM32H7xx_HAL_Driver/Src/stm32h7xx_hal_qspi.c ****       /* Process unlocked */
1233:Drivers/STM32H7xx_HAL_Driver/Src/stm32h7xx_hal_qspi.c ****       __HAL_UNLOCK(hqspi);
1234:Drivers/STM32H7xx_HAL_Driver/Src/stm32h7xx_hal_qspi.c **** 
1235:Drivers/STM32H7xx_HAL_Driver/Src/stm32h7xx_hal_qspi.c ****       /* Enable the QSPI transfer error, FIFO threshold and transfer complete Interrupts */
1236:Drivers/STM32H7xx_HAL_Driver/Src/stm32h7xx_hal_qspi.c ****       __HAL_QSPI_ENABLE_IT(hqspi, QSPI_IT_TE | QSPI_IT_FT | QSPI_IT_TC);
1237:Drivers/STM32H7xx_HAL_Driver/Src/stm32h7xx_hal_qspi.c ****     }
1238:Drivers/STM32H7xx_HAL_Driver/Src/stm32h7xx_hal_qspi.c ****     else
1239:Drivers/STM32H7xx_HAL_Driver/Src/stm32h7xx_hal_qspi.c ****     {
1240:Drivers/STM32H7xx_HAL_Driver/Src/stm32h7xx_hal_qspi.c ****       hqspi->ErrorCode |= HAL_QSPI_ERROR_INVALID_PARAM;
1241:Drivers/STM32H7xx_HAL_Driver/Src/stm32h7xx_hal_qspi.c ****       status = HAL_ERROR;
1242:Drivers/STM32H7xx_HAL_Driver/Src/stm32h7xx_hal_qspi.c **** 
1243:Drivers/STM32H7xx_HAL_Driver/Src/stm32h7xx_hal_qspi.c ****       /* Process unlocked */
1244:Drivers/STM32H7xx_HAL_Driver/Src/stm32h7xx_hal_qspi.c ****       __HAL_UNLOCK(hqspi);
1245:Drivers/STM32H7xx_HAL_Driver/Src/stm32h7xx_hal_qspi.c ****     }
1246:Drivers/STM32H7xx_HAL_Driver/Src/stm32h7xx_hal_qspi.c ****   }
1247:Drivers/STM32H7xx_HAL_Driver/Src/stm32h7xx_hal_qspi.c ****   else
1248:Drivers/STM32H7xx_HAL_Driver/Src/stm32h7xx_hal_qspi.c ****   {
1249:Drivers/STM32H7xx_HAL_Driver/Src/stm32h7xx_hal_qspi.c ****     status = HAL_BUSY;
1250:Drivers/STM32H7xx_HAL_Driver/Src/stm32h7xx_hal_qspi.c **** 
1251:Drivers/STM32H7xx_HAL_Driver/Src/stm32h7xx_hal_qspi.c ****     /* Process unlocked */
1252:Drivers/STM32H7xx_HAL_Driver/Src/stm32h7xx_hal_qspi.c ****     __HAL_UNLOCK(hqspi);
1253:Drivers/STM32H7xx_HAL_Driver/Src/stm32h7xx_hal_qspi.c ****   }
1254:Drivers/STM32H7xx_HAL_Driver/Src/stm32h7xx_hal_qspi.c **** 
1255:Drivers/STM32H7xx_HAL_Driver/Src/stm32h7xx_hal_qspi.c ****   return status;
1256:Drivers/STM32H7xx_HAL_Driver/Src/stm32h7xx_hal_qspi.c **** }
1257:Drivers/STM32H7xx_HAL_Driver/Src/stm32h7xx_hal_qspi.c **** 
1258:Drivers/STM32H7xx_HAL_Driver/Src/stm32h7xx_hal_qspi.c **** /**
1259:Drivers/STM32H7xx_HAL_Driver/Src/stm32h7xx_hal_qspi.c ****   * @brief  Send an amount of data in non-blocking mode with DMA.
1260:Drivers/STM32H7xx_HAL_Driver/Src/stm32h7xx_hal_qspi.c ****   * @param  hqspi QSPI handle
1261:Drivers/STM32H7xx_HAL_Driver/Src/stm32h7xx_hal_qspi.c ****   * @param  pData pointer to data buffer
1262:Drivers/STM32H7xx_HAL_Driver/Src/stm32h7xx_hal_qspi.c ****   * @note   This function is used only in Indirect Write Mode
1263:Drivers/STM32H7xx_HAL_Driver/Src/stm32h7xx_hal_qspi.c ****   * @retval HAL status
1264:Drivers/STM32H7xx_HAL_Driver/Src/stm32h7xx_hal_qspi.c ****   */
1265:Drivers/STM32H7xx_HAL_Driver/Src/stm32h7xx_hal_qspi.c **** HAL_StatusTypeDef HAL_QSPI_Transmit_DMA(QSPI_HandleTypeDef *hqspi, uint8_t *pData)
1266:Drivers/STM32H7xx_HAL_Driver/Src/stm32h7xx_hal_qspi.c **** {
1267:Drivers/STM32H7xx_HAL_Driver/Src/stm32h7xx_hal_qspi.c ****   HAL_StatusTypeDef status = HAL_OK;
1268:Drivers/STM32H7xx_HAL_Driver/Src/stm32h7xx_hal_qspi.c ****   uint32_t data_size = (READ_REG(hqspi->Instance->DLR) + 1U);
1269:Drivers/STM32H7xx_HAL_Driver/Src/stm32h7xx_hal_qspi.c **** 
1270:Drivers/STM32H7xx_HAL_Driver/Src/stm32h7xx_hal_qspi.c ****   /* Process locked */
1271:Drivers/STM32H7xx_HAL_Driver/Src/stm32h7xx_hal_qspi.c ****   __HAL_LOCK(hqspi);
1272:Drivers/STM32H7xx_HAL_Driver/Src/stm32h7xx_hal_qspi.c **** 
1273:Drivers/STM32H7xx_HAL_Driver/Src/stm32h7xx_hal_qspi.c ****   if(hqspi->State == HAL_QSPI_STATE_READY)
1274:Drivers/STM32H7xx_HAL_Driver/Src/stm32h7xx_hal_qspi.c ****   {
1275:Drivers/STM32H7xx_HAL_Driver/Src/stm32h7xx_hal_qspi.c ****     /* Clear the error code */
1276:Drivers/STM32H7xx_HAL_Driver/Src/stm32h7xx_hal_qspi.c ****     hqspi->ErrorCode = HAL_QSPI_ERROR_NONE;
1277:Drivers/STM32H7xx_HAL_Driver/Src/stm32h7xx_hal_qspi.c **** 
1278:Drivers/STM32H7xx_HAL_Driver/Src/stm32h7xx_hal_qspi.c ****     if(pData != NULL )
1279:Drivers/STM32H7xx_HAL_Driver/Src/stm32h7xx_hal_qspi.c ****     {
1280:Drivers/STM32H7xx_HAL_Driver/Src/stm32h7xx_hal_qspi.c ****       /* Configure counters of the handle */
1281:Drivers/STM32H7xx_HAL_Driver/Src/stm32h7xx_hal_qspi.c ****       hqspi->TxXferCount = data_size;
1282:Drivers/STM32H7xx_HAL_Driver/Src/stm32h7xx_hal_qspi.c **** 
1283:Drivers/STM32H7xx_HAL_Driver/Src/stm32h7xx_hal_qspi.c ****         /* Update state */
1284:Drivers/STM32H7xx_HAL_Driver/Src/stm32h7xx_hal_qspi.c ****         hqspi->State = HAL_QSPI_STATE_BUSY_INDIRECT_TX;
1285:Drivers/STM32H7xx_HAL_Driver/Src/stm32h7xx_hal_qspi.c **** 
ARM GAS  C:\Users\12491\AppData\Local\Temp\ccCAIkbk.s 			page 24


1286:Drivers/STM32H7xx_HAL_Driver/Src/stm32h7xx_hal_qspi.c ****         /* Clear interrupt */
1287:Drivers/STM32H7xx_HAL_Driver/Src/stm32h7xx_hal_qspi.c ****         __HAL_QSPI_CLEAR_FLAG(hqspi, (QSPI_FLAG_TE | QSPI_FLAG_TC));
1288:Drivers/STM32H7xx_HAL_Driver/Src/stm32h7xx_hal_qspi.c **** 
1289:Drivers/STM32H7xx_HAL_Driver/Src/stm32h7xx_hal_qspi.c ****         /* Configure size and pointer of the handle */
1290:Drivers/STM32H7xx_HAL_Driver/Src/stm32h7xx_hal_qspi.c ****         hqspi->TxXferSize = hqspi->TxXferCount;
1291:Drivers/STM32H7xx_HAL_Driver/Src/stm32h7xx_hal_qspi.c ****         hqspi->pTxBuffPtr = pData;
1292:Drivers/STM32H7xx_HAL_Driver/Src/stm32h7xx_hal_qspi.c **** 
1293:Drivers/STM32H7xx_HAL_Driver/Src/stm32h7xx_hal_qspi.c ****         /* Configure QSPI: CCR register with functional mode as indirect write */
1294:Drivers/STM32H7xx_HAL_Driver/Src/stm32h7xx_hal_qspi.c ****         MODIFY_REG(hqspi->Instance->CCR, QUADSPI_CCR_FMODE, QSPI_FUNCTIONAL_MODE_INDIRECT_WRITE);
1295:Drivers/STM32H7xx_HAL_Driver/Src/stm32h7xx_hal_qspi.c **** 
1296:Drivers/STM32H7xx_HAL_Driver/Src/stm32h7xx_hal_qspi.c ****         /* Set the QSPI MDMA transfer complete callback */
1297:Drivers/STM32H7xx_HAL_Driver/Src/stm32h7xx_hal_qspi.c ****         hqspi->hmdma->XferCpltCallback = QSPI_DMATxCplt;
1298:Drivers/STM32H7xx_HAL_Driver/Src/stm32h7xx_hal_qspi.c **** 
1299:Drivers/STM32H7xx_HAL_Driver/Src/stm32h7xx_hal_qspi.c ****         /* Set the MDMA error callback */
1300:Drivers/STM32H7xx_HAL_Driver/Src/stm32h7xx_hal_qspi.c ****         hqspi->hmdma->XferErrorCallback = QSPI_DMAError;
1301:Drivers/STM32H7xx_HAL_Driver/Src/stm32h7xx_hal_qspi.c **** 
1302:Drivers/STM32H7xx_HAL_Driver/Src/stm32h7xx_hal_qspi.c ****         /* Clear the MDMA abort callback */
1303:Drivers/STM32H7xx_HAL_Driver/Src/stm32h7xx_hal_qspi.c ****         hqspi->hmdma->XferAbortCallback = NULL;
1304:Drivers/STM32H7xx_HAL_Driver/Src/stm32h7xx_hal_qspi.c **** 
1305:Drivers/STM32H7xx_HAL_Driver/Src/stm32h7xx_hal_qspi.c ****         /* In Transmit mode , the MDMA destination is the QSPI DR register : Force the MDMA Destina
1306:Drivers/STM32H7xx_HAL_Driver/Src/stm32h7xx_hal_qspi.c ****         MODIFY_REG(hqspi->hmdma->Instance->CTCR, (MDMA_CTCR_DINC | MDMA_CTCR_DINCOS) ,MDMA_DEST_INC
1307:Drivers/STM32H7xx_HAL_Driver/Src/stm32h7xx_hal_qspi.c **** 
1308:Drivers/STM32H7xx_HAL_Driver/Src/stm32h7xx_hal_qspi.c ****         /* Update MDMA configuration with the correct SourceInc field for Write operation */
1309:Drivers/STM32H7xx_HAL_Driver/Src/stm32h7xx_hal_qspi.c ****         if (hqspi->hmdma->Init.SourceDataSize == MDMA_SRC_DATASIZE_BYTE)
1310:Drivers/STM32H7xx_HAL_Driver/Src/stm32h7xx_hal_qspi.c ****         {
1311:Drivers/STM32H7xx_HAL_Driver/Src/stm32h7xx_hal_qspi.c ****           MODIFY_REG(hqspi->hmdma->Instance->CTCR, (MDMA_CTCR_SINC | MDMA_CTCR_SINCOS) , MDMA_SRC_I
1312:Drivers/STM32H7xx_HAL_Driver/Src/stm32h7xx_hal_qspi.c ****         }
1313:Drivers/STM32H7xx_HAL_Driver/Src/stm32h7xx_hal_qspi.c ****         else if (hqspi->hmdma->Init.SourceDataSize == MDMA_SRC_DATASIZE_HALFWORD)
1314:Drivers/STM32H7xx_HAL_Driver/Src/stm32h7xx_hal_qspi.c ****         {
1315:Drivers/STM32H7xx_HAL_Driver/Src/stm32h7xx_hal_qspi.c ****           MODIFY_REG(hqspi->hmdma->Instance->CTCR, (MDMA_CTCR_SINC | MDMA_CTCR_SINCOS) , MDMA_SRC_I
1316:Drivers/STM32H7xx_HAL_Driver/Src/stm32h7xx_hal_qspi.c ****         }
1317:Drivers/STM32H7xx_HAL_Driver/Src/stm32h7xx_hal_qspi.c ****         else if (hqspi->hmdma->Init.SourceDataSize == MDMA_SRC_DATASIZE_WORD)
1318:Drivers/STM32H7xx_HAL_Driver/Src/stm32h7xx_hal_qspi.c ****         {
1319:Drivers/STM32H7xx_HAL_Driver/Src/stm32h7xx_hal_qspi.c ****           MODIFY_REG(hqspi->hmdma->Instance->CTCR, (MDMA_CTCR_SINC | MDMA_CTCR_SINCOS) , MDMA_SRC_I
1320:Drivers/STM32H7xx_HAL_Driver/Src/stm32h7xx_hal_qspi.c ****         }
1321:Drivers/STM32H7xx_HAL_Driver/Src/stm32h7xx_hal_qspi.c ****         else
1322:Drivers/STM32H7xx_HAL_Driver/Src/stm32h7xx_hal_qspi.c ****         {
1323:Drivers/STM32H7xx_HAL_Driver/Src/stm32h7xx_hal_qspi.c ****           /* in case of incorrect source data size */
1324:Drivers/STM32H7xx_HAL_Driver/Src/stm32h7xx_hal_qspi.c ****           hqspi->ErrorCode |= HAL_QSPI_ERROR_DMA;
1325:Drivers/STM32H7xx_HAL_Driver/Src/stm32h7xx_hal_qspi.c ****           status = HAL_ERROR;
1326:Drivers/STM32H7xx_HAL_Driver/Src/stm32h7xx_hal_qspi.c ****         }
1327:Drivers/STM32H7xx_HAL_Driver/Src/stm32h7xx_hal_qspi.c **** 
1328:Drivers/STM32H7xx_HAL_Driver/Src/stm32h7xx_hal_qspi.c ****         /* Enable the QSPI transfer error Interrupt */
1329:Drivers/STM32H7xx_HAL_Driver/Src/stm32h7xx_hal_qspi.c ****         __HAL_QSPI_ENABLE_IT(hqspi, QSPI_IT_TE);
1330:Drivers/STM32H7xx_HAL_Driver/Src/stm32h7xx_hal_qspi.c **** 
1331:Drivers/STM32H7xx_HAL_Driver/Src/stm32h7xx_hal_qspi.c ****         /* Use DMAEN bit with no impact on H7 HW to record MDMA transfer request */
1332:Drivers/STM32H7xx_HAL_Driver/Src/stm32h7xx_hal_qspi.c ****         SET_BIT(hqspi->Instance->CR, QUADSPI_CR_DMAEN);
1333:Drivers/STM32H7xx_HAL_Driver/Src/stm32h7xx_hal_qspi.c **** 
1334:Drivers/STM32H7xx_HAL_Driver/Src/stm32h7xx_hal_qspi.c **** 
1335:Drivers/STM32H7xx_HAL_Driver/Src/stm32h7xx_hal_qspi.c ****         /* Enable the QSPI transmit MDMA */
1336:Drivers/STM32H7xx_HAL_Driver/Src/stm32h7xx_hal_qspi.c ****         if (HAL_MDMA_Start_IT(hqspi->hmdma, (uint32_t)pData, (uint32_t)&hqspi->Instance->DR, hqspi-
1337:Drivers/STM32H7xx_HAL_Driver/Src/stm32h7xx_hal_qspi.c ****         {
1338:Drivers/STM32H7xx_HAL_Driver/Src/stm32h7xx_hal_qspi.c ****           /* Process unlocked */
1339:Drivers/STM32H7xx_HAL_Driver/Src/stm32h7xx_hal_qspi.c ****           __HAL_UNLOCK(hqspi);
1340:Drivers/STM32H7xx_HAL_Driver/Src/stm32h7xx_hal_qspi.c ****         }
1341:Drivers/STM32H7xx_HAL_Driver/Src/stm32h7xx_hal_qspi.c ****         else
1342:Drivers/STM32H7xx_HAL_Driver/Src/stm32h7xx_hal_qspi.c ****         {
ARM GAS  C:\Users\12491\AppData\Local\Temp\ccCAIkbk.s 			page 25


1343:Drivers/STM32H7xx_HAL_Driver/Src/stm32h7xx_hal_qspi.c ****           /* Clear DMAEN bit with no impact on H7 HW to cancel MDMA transfer request */
1344:Drivers/STM32H7xx_HAL_Driver/Src/stm32h7xx_hal_qspi.c ****           CLEAR_BIT(hqspi->Instance->CR, QUADSPI_CR_DMAEN);
1345:Drivers/STM32H7xx_HAL_Driver/Src/stm32h7xx_hal_qspi.c **** 
1346:Drivers/STM32H7xx_HAL_Driver/Src/stm32h7xx_hal_qspi.c ****           status = HAL_ERROR;
1347:Drivers/STM32H7xx_HAL_Driver/Src/stm32h7xx_hal_qspi.c ****           hqspi->ErrorCode |= HAL_QSPI_ERROR_DMA;
1348:Drivers/STM32H7xx_HAL_Driver/Src/stm32h7xx_hal_qspi.c ****           hqspi->State = HAL_QSPI_STATE_READY;
1349:Drivers/STM32H7xx_HAL_Driver/Src/stm32h7xx_hal_qspi.c **** 
1350:Drivers/STM32H7xx_HAL_Driver/Src/stm32h7xx_hal_qspi.c ****           /* Process unlocked */
1351:Drivers/STM32H7xx_HAL_Driver/Src/stm32h7xx_hal_qspi.c ****           __HAL_UNLOCK(hqspi);
1352:Drivers/STM32H7xx_HAL_Driver/Src/stm32h7xx_hal_qspi.c ****         }
1353:Drivers/STM32H7xx_HAL_Driver/Src/stm32h7xx_hal_qspi.c ****     }
1354:Drivers/STM32H7xx_HAL_Driver/Src/stm32h7xx_hal_qspi.c ****     else
1355:Drivers/STM32H7xx_HAL_Driver/Src/stm32h7xx_hal_qspi.c ****     {
1356:Drivers/STM32H7xx_HAL_Driver/Src/stm32h7xx_hal_qspi.c ****       hqspi->ErrorCode |= HAL_QSPI_ERROR_INVALID_PARAM;
1357:Drivers/STM32H7xx_HAL_Driver/Src/stm32h7xx_hal_qspi.c ****       status = HAL_ERROR;
1358:Drivers/STM32H7xx_HAL_Driver/Src/stm32h7xx_hal_qspi.c **** 
1359:Drivers/STM32H7xx_HAL_Driver/Src/stm32h7xx_hal_qspi.c ****       /* Process unlocked */
1360:Drivers/STM32H7xx_HAL_Driver/Src/stm32h7xx_hal_qspi.c ****       __HAL_UNLOCK(hqspi);
1361:Drivers/STM32H7xx_HAL_Driver/Src/stm32h7xx_hal_qspi.c ****     }
1362:Drivers/STM32H7xx_HAL_Driver/Src/stm32h7xx_hal_qspi.c ****   }
1363:Drivers/STM32H7xx_HAL_Driver/Src/stm32h7xx_hal_qspi.c ****   else
1364:Drivers/STM32H7xx_HAL_Driver/Src/stm32h7xx_hal_qspi.c ****   {
1365:Drivers/STM32H7xx_HAL_Driver/Src/stm32h7xx_hal_qspi.c ****     status = HAL_BUSY;
1366:Drivers/STM32H7xx_HAL_Driver/Src/stm32h7xx_hal_qspi.c **** 
1367:Drivers/STM32H7xx_HAL_Driver/Src/stm32h7xx_hal_qspi.c ****     /* Process unlocked */
1368:Drivers/STM32H7xx_HAL_Driver/Src/stm32h7xx_hal_qspi.c ****     __HAL_UNLOCK(hqspi);
1369:Drivers/STM32H7xx_HAL_Driver/Src/stm32h7xx_hal_qspi.c ****   }
1370:Drivers/STM32H7xx_HAL_Driver/Src/stm32h7xx_hal_qspi.c **** 
1371:Drivers/STM32H7xx_HAL_Driver/Src/stm32h7xx_hal_qspi.c ****   return status;
1372:Drivers/STM32H7xx_HAL_Driver/Src/stm32h7xx_hal_qspi.c **** }
1373:Drivers/STM32H7xx_HAL_Driver/Src/stm32h7xx_hal_qspi.c **** 
1374:Drivers/STM32H7xx_HAL_Driver/Src/stm32h7xx_hal_qspi.c **** /**
1375:Drivers/STM32H7xx_HAL_Driver/Src/stm32h7xx_hal_qspi.c ****   * @brief  Receive an amount of data in non-blocking mode with DMA.
1376:Drivers/STM32H7xx_HAL_Driver/Src/stm32h7xx_hal_qspi.c ****   * @param  hqspi QSPI handle
1377:Drivers/STM32H7xx_HAL_Driver/Src/stm32h7xx_hal_qspi.c ****   * @param  pData pointer to data buffer.
1378:Drivers/STM32H7xx_HAL_Driver/Src/stm32h7xx_hal_qspi.c ****   * @note   This function is used only in Indirect Read Mode
1379:Drivers/STM32H7xx_HAL_Driver/Src/stm32h7xx_hal_qspi.c ****   * @retval HAL status
1380:Drivers/STM32H7xx_HAL_Driver/Src/stm32h7xx_hal_qspi.c ****   */
1381:Drivers/STM32H7xx_HAL_Driver/Src/stm32h7xx_hal_qspi.c **** HAL_StatusTypeDef HAL_QSPI_Receive_DMA(QSPI_HandleTypeDef *hqspi, uint8_t *pData)
1382:Drivers/STM32H7xx_HAL_Driver/Src/stm32h7xx_hal_qspi.c **** {
1383:Drivers/STM32H7xx_HAL_Driver/Src/stm32h7xx_hal_qspi.c ****   HAL_StatusTypeDef status = HAL_OK;
1384:Drivers/STM32H7xx_HAL_Driver/Src/stm32h7xx_hal_qspi.c ****   uint32_t addr_reg = READ_REG(hqspi->Instance->AR);
1385:Drivers/STM32H7xx_HAL_Driver/Src/stm32h7xx_hal_qspi.c ****   uint32_t data_size = (READ_REG(hqspi->Instance->DLR) + 1U);
1386:Drivers/STM32H7xx_HAL_Driver/Src/stm32h7xx_hal_qspi.c **** 
1387:Drivers/STM32H7xx_HAL_Driver/Src/stm32h7xx_hal_qspi.c ****   /* Process locked */
1388:Drivers/STM32H7xx_HAL_Driver/Src/stm32h7xx_hal_qspi.c ****   __HAL_LOCK(hqspi);
1389:Drivers/STM32H7xx_HAL_Driver/Src/stm32h7xx_hal_qspi.c **** 
1390:Drivers/STM32H7xx_HAL_Driver/Src/stm32h7xx_hal_qspi.c ****   if(hqspi->State == HAL_QSPI_STATE_READY)
1391:Drivers/STM32H7xx_HAL_Driver/Src/stm32h7xx_hal_qspi.c ****   {
1392:Drivers/STM32H7xx_HAL_Driver/Src/stm32h7xx_hal_qspi.c ****     /* Clear the error code */
1393:Drivers/STM32H7xx_HAL_Driver/Src/stm32h7xx_hal_qspi.c ****     hqspi->ErrorCode = HAL_QSPI_ERROR_NONE;
1394:Drivers/STM32H7xx_HAL_Driver/Src/stm32h7xx_hal_qspi.c **** 
1395:Drivers/STM32H7xx_HAL_Driver/Src/stm32h7xx_hal_qspi.c ****     if(pData != NULL )
1396:Drivers/STM32H7xx_HAL_Driver/Src/stm32h7xx_hal_qspi.c ****     {
1397:Drivers/STM32H7xx_HAL_Driver/Src/stm32h7xx_hal_qspi.c ****       /* Configure counters of the handle */
1398:Drivers/STM32H7xx_HAL_Driver/Src/stm32h7xx_hal_qspi.c ****       hqspi->RxXferCount = data_size;
1399:Drivers/STM32H7xx_HAL_Driver/Src/stm32h7xx_hal_qspi.c ****         /* Update state */
ARM GAS  C:\Users\12491\AppData\Local\Temp\ccCAIkbk.s 			page 26


1400:Drivers/STM32H7xx_HAL_Driver/Src/stm32h7xx_hal_qspi.c ****         hqspi->State = HAL_QSPI_STATE_BUSY_INDIRECT_RX;
1401:Drivers/STM32H7xx_HAL_Driver/Src/stm32h7xx_hal_qspi.c **** 
1402:Drivers/STM32H7xx_HAL_Driver/Src/stm32h7xx_hal_qspi.c ****         /* Clear interrupt */
1403:Drivers/STM32H7xx_HAL_Driver/Src/stm32h7xx_hal_qspi.c ****         __HAL_QSPI_CLEAR_FLAG(hqspi, (QSPI_FLAG_TE | QSPI_FLAG_TC));
1404:Drivers/STM32H7xx_HAL_Driver/Src/stm32h7xx_hal_qspi.c **** 
1405:Drivers/STM32H7xx_HAL_Driver/Src/stm32h7xx_hal_qspi.c ****         /* Configure size and pointer of the handle */
1406:Drivers/STM32H7xx_HAL_Driver/Src/stm32h7xx_hal_qspi.c ****         hqspi->RxXferSize = hqspi->RxXferCount;
1407:Drivers/STM32H7xx_HAL_Driver/Src/stm32h7xx_hal_qspi.c ****         hqspi->pRxBuffPtr = pData;
1408:Drivers/STM32H7xx_HAL_Driver/Src/stm32h7xx_hal_qspi.c **** 
1409:Drivers/STM32H7xx_HAL_Driver/Src/stm32h7xx_hal_qspi.c ****         /* Set the QSPI MDMA transfer complete callback */
1410:Drivers/STM32H7xx_HAL_Driver/Src/stm32h7xx_hal_qspi.c ****         hqspi->hmdma->XferCpltCallback = QSPI_DMARxCplt;
1411:Drivers/STM32H7xx_HAL_Driver/Src/stm32h7xx_hal_qspi.c **** 
1412:Drivers/STM32H7xx_HAL_Driver/Src/stm32h7xx_hal_qspi.c ****         /* Set the MDMA error callback */
1413:Drivers/STM32H7xx_HAL_Driver/Src/stm32h7xx_hal_qspi.c ****         hqspi->hmdma->XferErrorCallback = QSPI_DMAError;
1414:Drivers/STM32H7xx_HAL_Driver/Src/stm32h7xx_hal_qspi.c **** 
1415:Drivers/STM32H7xx_HAL_Driver/Src/stm32h7xx_hal_qspi.c ****         /* Clear the MDMA abort callback */
1416:Drivers/STM32H7xx_HAL_Driver/Src/stm32h7xx_hal_qspi.c ****         hqspi->hmdma->XferAbortCallback = NULL;
1417:Drivers/STM32H7xx_HAL_Driver/Src/stm32h7xx_hal_qspi.c **** 
1418:Drivers/STM32H7xx_HAL_Driver/Src/stm32h7xx_hal_qspi.c ****       /* In Receive mode , the MDMA source is the QSPI DR register : Force the MDMA Source Incremen
1419:Drivers/STM32H7xx_HAL_Driver/Src/stm32h7xx_hal_qspi.c ****       MODIFY_REG(hqspi->hmdma->Instance->CTCR, (MDMA_CTCR_SINC | MDMA_CTCR_SINCOS) , MDMA_SRC_INC_D
1420:Drivers/STM32H7xx_HAL_Driver/Src/stm32h7xx_hal_qspi.c **** 
1421:Drivers/STM32H7xx_HAL_Driver/Src/stm32h7xx_hal_qspi.c ****       /* Update MDMA configuration with the correct DestinationInc field for read operation */
1422:Drivers/STM32H7xx_HAL_Driver/Src/stm32h7xx_hal_qspi.c ****       if (hqspi->hmdma->Init.DestDataSize == MDMA_DEST_DATASIZE_BYTE)
1423:Drivers/STM32H7xx_HAL_Driver/Src/stm32h7xx_hal_qspi.c ****       {
1424:Drivers/STM32H7xx_HAL_Driver/Src/stm32h7xx_hal_qspi.c ****         MODIFY_REG(hqspi->hmdma->Instance->CTCR, (MDMA_CTCR_DINC | MDMA_CTCR_DINCOS) , MDMA_DEST_IN
1425:Drivers/STM32H7xx_HAL_Driver/Src/stm32h7xx_hal_qspi.c ****       }
1426:Drivers/STM32H7xx_HAL_Driver/Src/stm32h7xx_hal_qspi.c ****       else if (hqspi->hmdma->Init.DestDataSize == MDMA_DEST_DATASIZE_HALFWORD)
1427:Drivers/STM32H7xx_HAL_Driver/Src/stm32h7xx_hal_qspi.c ****       {
1428:Drivers/STM32H7xx_HAL_Driver/Src/stm32h7xx_hal_qspi.c ****         MODIFY_REG(hqspi->hmdma->Instance->CTCR, (MDMA_CTCR_DINC | MDMA_CTCR_DINCOS) , MDMA_DEST_IN
1429:Drivers/STM32H7xx_HAL_Driver/Src/stm32h7xx_hal_qspi.c ****       }
1430:Drivers/STM32H7xx_HAL_Driver/Src/stm32h7xx_hal_qspi.c ****       else if (hqspi->hmdma->Init.DestDataSize == MDMA_DEST_DATASIZE_WORD)
1431:Drivers/STM32H7xx_HAL_Driver/Src/stm32h7xx_hal_qspi.c ****       {
1432:Drivers/STM32H7xx_HAL_Driver/Src/stm32h7xx_hal_qspi.c ****         MODIFY_REG(hqspi->hmdma->Instance->CTCR, (MDMA_CTCR_DINC | MDMA_CTCR_DINCOS) , MDMA_DEST_IN
1433:Drivers/STM32H7xx_HAL_Driver/Src/stm32h7xx_hal_qspi.c ****       }
1434:Drivers/STM32H7xx_HAL_Driver/Src/stm32h7xx_hal_qspi.c ****       else
1435:Drivers/STM32H7xx_HAL_Driver/Src/stm32h7xx_hal_qspi.c ****       {
1436:Drivers/STM32H7xx_HAL_Driver/Src/stm32h7xx_hal_qspi.c ****        /* in case of incorrect destination data size */
1437:Drivers/STM32H7xx_HAL_Driver/Src/stm32h7xx_hal_qspi.c ****         hqspi->ErrorCode |= HAL_QSPI_ERROR_DMA;
1438:Drivers/STM32H7xx_HAL_Driver/Src/stm32h7xx_hal_qspi.c ****         status = HAL_ERROR;
1439:Drivers/STM32H7xx_HAL_Driver/Src/stm32h7xx_hal_qspi.c ****       }
1440:Drivers/STM32H7xx_HAL_Driver/Src/stm32h7xx_hal_qspi.c ****           /* Configure QSPI: CCR register with functional as indirect read */
1441:Drivers/STM32H7xx_HAL_Driver/Src/stm32h7xx_hal_qspi.c ****           MODIFY_REG(hqspi->Instance->CCR, QUADSPI_CCR_FMODE, QSPI_FUNCTIONAL_MODE_INDIRECT_READ);
1442:Drivers/STM32H7xx_HAL_Driver/Src/stm32h7xx_hal_qspi.c **** 
1443:Drivers/STM32H7xx_HAL_Driver/Src/stm32h7xx_hal_qspi.c ****           /* Start the transfer by re-writing the address in AR register */
1444:Drivers/STM32H7xx_HAL_Driver/Src/stm32h7xx_hal_qspi.c ****           WRITE_REG(hqspi->Instance->AR, addr_reg);
1445:Drivers/STM32H7xx_HAL_Driver/Src/stm32h7xx_hal_qspi.c **** 
1446:Drivers/STM32H7xx_HAL_Driver/Src/stm32h7xx_hal_qspi.c ****         /* Enable the QSPI transfer error Interrupt */
1447:Drivers/STM32H7xx_HAL_Driver/Src/stm32h7xx_hal_qspi.c ****         __HAL_QSPI_ENABLE_IT(hqspi, QSPI_IT_TE);
1448:Drivers/STM32H7xx_HAL_Driver/Src/stm32h7xx_hal_qspi.c **** 
1449:Drivers/STM32H7xx_HAL_Driver/Src/stm32h7xx_hal_qspi.c ****         /* Use DMAEN bit with no impact on H7 HW to record MDMA transfer request */
1450:Drivers/STM32H7xx_HAL_Driver/Src/stm32h7xx_hal_qspi.c ****         SET_BIT(hqspi->Instance->CR, QUADSPI_CR_DMAEN);
1451:Drivers/STM32H7xx_HAL_Driver/Src/stm32h7xx_hal_qspi.c **** 
1452:Drivers/STM32H7xx_HAL_Driver/Src/stm32h7xx_hal_qspi.c ****         /* Enable the MDMA */
1453:Drivers/STM32H7xx_HAL_Driver/Src/stm32h7xx_hal_qspi.c ****         if (HAL_MDMA_Start_IT(hqspi->hmdma, (uint32_t)&hqspi->Instance->DR, (uint32_t)pData, hqspi-
1454:Drivers/STM32H7xx_HAL_Driver/Src/stm32h7xx_hal_qspi.c ****         {
1455:Drivers/STM32H7xx_HAL_Driver/Src/stm32h7xx_hal_qspi.c ****           /* Process unlocked */
1456:Drivers/STM32H7xx_HAL_Driver/Src/stm32h7xx_hal_qspi.c ****           __HAL_UNLOCK(hqspi);
ARM GAS  C:\Users\12491\AppData\Local\Temp\ccCAIkbk.s 			page 27


1457:Drivers/STM32H7xx_HAL_Driver/Src/stm32h7xx_hal_qspi.c ****         }
1458:Drivers/STM32H7xx_HAL_Driver/Src/stm32h7xx_hal_qspi.c ****         else
1459:Drivers/STM32H7xx_HAL_Driver/Src/stm32h7xx_hal_qspi.c ****         {
1460:Drivers/STM32H7xx_HAL_Driver/Src/stm32h7xx_hal_qspi.c ****           /* Clear DMAEN bit with no impact on H7 HW to cancel MDMA transfer request */
1461:Drivers/STM32H7xx_HAL_Driver/Src/stm32h7xx_hal_qspi.c ****           CLEAR_BIT(hqspi->Instance->CR, QUADSPI_CR_DMAEN);
1462:Drivers/STM32H7xx_HAL_Driver/Src/stm32h7xx_hal_qspi.c **** 
1463:Drivers/STM32H7xx_HAL_Driver/Src/stm32h7xx_hal_qspi.c ****           status = HAL_ERROR;
1464:Drivers/STM32H7xx_HAL_Driver/Src/stm32h7xx_hal_qspi.c ****           hqspi->ErrorCode |= HAL_QSPI_ERROR_DMA;
1465:Drivers/STM32H7xx_HAL_Driver/Src/stm32h7xx_hal_qspi.c ****           hqspi->State = HAL_QSPI_STATE_READY;
1466:Drivers/STM32H7xx_HAL_Driver/Src/stm32h7xx_hal_qspi.c **** 
1467:Drivers/STM32H7xx_HAL_Driver/Src/stm32h7xx_hal_qspi.c ****           /* Process unlocked */
1468:Drivers/STM32H7xx_HAL_Driver/Src/stm32h7xx_hal_qspi.c ****           __HAL_UNLOCK(hqspi);
1469:Drivers/STM32H7xx_HAL_Driver/Src/stm32h7xx_hal_qspi.c ****         }
1470:Drivers/STM32H7xx_HAL_Driver/Src/stm32h7xx_hal_qspi.c ****     }
1471:Drivers/STM32H7xx_HAL_Driver/Src/stm32h7xx_hal_qspi.c ****     else
1472:Drivers/STM32H7xx_HAL_Driver/Src/stm32h7xx_hal_qspi.c ****     {
1473:Drivers/STM32H7xx_HAL_Driver/Src/stm32h7xx_hal_qspi.c ****       hqspi->ErrorCode |= HAL_QSPI_ERROR_INVALID_PARAM;
1474:Drivers/STM32H7xx_HAL_Driver/Src/stm32h7xx_hal_qspi.c ****       status = HAL_ERROR;
1475:Drivers/STM32H7xx_HAL_Driver/Src/stm32h7xx_hal_qspi.c **** 
1476:Drivers/STM32H7xx_HAL_Driver/Src/stm32h7xx_hal_qspi.c ****       /* Process unlocked */
1477:Drivers/STM32H7xx_HAL_Driver/Src/stm32h7xx_hal_qspi.c ****       __HAL_UNLOCK(hqspi);
1478:Drivers/STM32H7xx_HAL_Driver/Src/stm32h7xx_hal_qspi.c ****     }
1479:Drivers/STM32H7xx_HAL_Driver/Src/stm32h7xx_hal_qspi.c ****   }
1480:Drivers/STM32H7xx_HAL_Driver/Src/stm32h7xx_hal_qspi.c ****   else
1481:Drivers/STM32H7xx_HAL_Driver/Src/stm32h7xx_hal_qspi.c ****   {
1482:Drivers/STM32H7xx_HAL_Driver/Src/stm32h7xx_hal_qspi.c ****     status = HAL_BUSY;
1483:Drivers/STM32H7xx_HAL_Driver/Src/stm32h7xx_hal_qspi.c **** 
1484:Drivers/STM32H7xx_HAL_Driver/Src/stm32h7xx_hal_qspi.c ****     /* Process unlocked */
1485:Drivers/STM32H7xx_HAL_Driver/Src/stm32h7xx_hal_qspi.c ****     __HAL_UNLOCK(hqspi);
1486:Drivers/STM32H7xx_HAL_Driver/Src/stm32h7xx_hal_qspi.c ****   }
1487:Drivers/STM32H7xx_HAL_Driver/Src/stm32h7xx_hal_qspi.c **** 
1488:Drivers/STM32H7xx_HAL_Driver/Src/stm32h7xx_hal_qspi.c ****   return status;
1489:Drivers/STM32H7xx_HAL_Driver/Src/stm32h7xx_hal_qspi.c **** }
1490:Drivers/STM32H7xx_HAL_Driver/Src/stm32h7xx_hal_qspi.c **** 
1491:Drivers/STM32H7xx_HAL_Driver/Src/stm32h7xx_hal_qspi.c **** /**
1492:Drivers/STM32H7xx_HAL_Driver/Src/stm32h7xx_hal_qspi.c ****   * @brief  Configure the QSPI Automatic Polling Mode in blocking mode.
1493:Drivers/STM32H7xx_HAL_Driver/Src/stm32h7xx_hal_qspi.c ****   * @param  hqspi QSPI handle
1494:Drivers/STM32H7xx_HAL_Driver/Src/stm32h7xx_hal_qspi.c ****   * @param  cmd structure that contains the command configuration information.
1495:Drivers/STM32H7xx_HAL_Driver/Src/stm32h7xx_hal_qspi.c ****   * @param  cfg structure that contains the polling configuration information.
1496:Drivers/STM32H7xx_HAL_Driver/Src/stm32h7xx_hal_qspi.c ****   * @param  Timeout Timeout duration
1497:Drivers/STM32H7xx_HAL_Driver/Src/stm32h7xx_hal_qspi.c ****   * @note   This function is used only in Automatic Polling Mode
1498:Drivers/STM32H7xx_HAL_Driver/Src/stm32h7xx_hal_qspi.c ****   * @retval HAL status
1499:Drivers/STM32H7xx_HAL_Driver/Src/stm32h7xx_hal_qspi.c ****   */
1500:Drivers/STM32H7xx_HAL_Driver/Src/stm32h7xx_hal_qspi.c **** HAL_StatusTypeDef HAL_QSPI_AutoPolling(QSPI_HandleTypeDef *hqspi, QSPI_CommandTypeDef *cmd, QSPI_Au
1501:Drivers/STM32H7xx_HAL_Driver/Src/stm32h7xx_hal_qspi.c **** {
1502:Drivers/STM32H7xx_HAL_Driver/Src/stm32h7xx_hal_qspi.c ****   HAL_StatusTypeDef status;
1503:Drivers/STM32H7xx_HAL_Driver/Src/stm32h7xx_hal_qspi.c ****   uint32_t tickstart = HAL_GetTick();
1504:Drivers/STM32H7xx_HAL_Driver/Src/stm32h7xx_hal_qspi.c **** 
1505:Drivers/STM32H7xx_HAL_Driver/Src/stm32h7xx_hal_qspi.c ****   /* Check the parameters */
1506:Drivers/STM32H7xx_HAL_Driver/Src/stm32h7xx_hal_qspi.c ****   assert_param(IS_QSPI_INSTRUCTION_MODE(cmd->InstructionMode));
1507:Drivers/STM32H7xx_HAL_Driver/Src/stm32h7xx_hal_qspi.c ****   if (cmd->InstructionMode != QSPI_INSTRUCTION_NONE)
1508:Drivers/STM32H7xx_HAL_Driver/Src/stm32h7xx_hal_qspi.c ****   {
1509:Drivers/STM32H7xx_HAL_Driver/Src/stm32h7xx_hal_qspi.c ****     assert_param(IS_QSPI_INSTRUCTION(cmd->Instruction));
1510:Drivers/STM32H7xx_HAL_Driver/Src/stm32h7xx_hal_qspi.c ****   }
1511:Drivers/STM32H7xx_HAL_Driver/Src/stm32h7xx_hal_qspi.c **** 
1512:Drivers/STM32H7xx_HAL_Driver/Src/stm32h7xx_hal_qspi.c ****   assert_param(IS_QSPI_ADDRESS_MODE(cmd->AddressMode));
1513:Drivers/STM32H7xx_HAL_Driver/Src/stm32h7xx_hal_qspi.c ****   if (cmd->AddressMode != QSPI_ADDRESS_NONE)
ARM GAS  C:\Users\12491\AppData\Local\Temp\ccCAIkbk.s 			page 28


1514:Drivers/STM32H7xx_HAL_Driver/Src/stm32h7xx_hal_qspi.c ****   {
1515:Drivers/STM32H7xx_HAL_Driver/Src/stm32h7xx_hal_qspi.c ****     assert_param(IS_QSPI_ADDRESS_SIZE(cmd->AddressSize));
1516:Drivers/STM32H7xx_HAL_Driver/Src/stm32h7xx_hal_qspi.c ****   }
1517:Drivers/STM32H7xx_HAL_Driver/Src/stm32h7xx_hal_qspi.c **** 
1518:Drivers/STM32H7xx_HAL_Driver/Src/stm32h7xx_hal_qspi.c ****   assert_param(IS_QSPI_ALTERNATE_BYTES_MODE(cmd->AlternateByteMode));
1519:Drivers/STM32H7xx_HAL_Driver/Src/stm32h7xx_hal_qspi.c ****   if (cmd->AlternateByteMode != QSPI_ALTERNATE_BYTES_NONE)
1520:Drivers/STM32H7xx_HAL_Driver/Src/stm32h7xx_hal_qspi.c ****   {
1521:Drivers/STM32H7xx_HAL_Driver/Src/stm32h7xx_hal_qspi.c ****     assert_param(IS_QSPI_ALTERNATE_BYTES_SIZE(cmd->AlternateBytesSize));
1522:Drivers/STM32H7xx_HAL_Driver/Src/stm32h7xx_hal_qspi.c ****   }
1523:Drivers/STM32H7xx_HAL_Driver/Src/stm32h7xx_hal_qspi.c **** 
1524:Drivers/STM32H7xx_HAL_Driver/Src/stm32h7xx_hal_qspi.c ****   assert_param(IS_QSPI_DUMMY_CYCLES(cmd->DummyCycles));
1525:Drivers/STM32H7xx_HAL_Driver/Src/stm32h7xx_hal_qspi.c ****   assert_param(IS_QSPI_DATA_MODE(cmd->DataMode));
1526:Drivers/STM32H7xx_HAL_Driver/Src/stm32h7xx_hal_qspi.c **** 
1527:Drivers/STM32H7xx_HAL_Driver/Src/stm32h7xx_hal_qspi.c ****   assert_param(IS_QSPI_DDR_MODE(cmd->DdrMode));
1528:Drivers/STM32H7xx_HAL_Driver/Src/stm32h7xx_hal_qspi.c ****   assert_param(IS_QSPI_DDR_HHC(cmd->DdrHoldHalfCycle));
1529:Drivers/STM32H7xx_HAL_Driver/Src/stm32h7xx_hal_qspi.c ****   assert_param(IS_QSPI_SIOO_MODE(cmd->SIOOMode));
1530:Drivers/STM32H7xx_HAL_Driver/Src/stm32h7xx_hal_qspi.c **** 
1531:Drivers/STM32H7xx_HAL_Driver/Src/stm32h7xx_hal_qspi.c ****   assert_param(IS_QSPI_INTERVAL(cfg->Interval));
1532:Drivers/STM32H7xx_HAL_Driver/Src/stm32h7xx_hal_qspi.c ****   assert_param(IS_QSPI_STATUS_BYTES_SIZE(cfg->StatusBytesSize));
1533:Drivers/STM32H7xx_HAL_Driver/Src/stm32h7xx_hal_qspi.c ****   assert_param(IS_QSPI_MATCH_MODE(cfg->MatchMode));
1534:Drivers/STM32H7xx_HAL_Driver/Src/stm32h7xx_hal_qspi.c **** 
1535:Drivers/STM32H7xx_HAL_Driver/Src/stm32h7xx_hal_qspi.c ****   /* Process locked */
1536:Drivers/STM32H7xx_HAL_Driver/Src/stm32h7xx_hal_qspi.c ****   __HAL_LOCK(hqspi);
1537:Drivers/STM32H7xx_HAL_Driver/Src/stm32h7xx_hal_qspi.c **** 
1538:Drivers/STM32H7xx_HAL_Driver/Src/stm32h7xx_hal_qspi.c ****   if(hqspi->State == HAL_QSPI_STATE_READY)
1539:Drivers/STM32H7xx_HAL_Driver/Src/stm32h7xx_hal_qspi.c ****   {
1540:Drivers/STM32H7xx_HAL_Driver/Src/stm32h7xx_hal_qspi.c ****     hqspi->ErrorCode = HAL_QSPI_ERROR_NONE;
1541:Drivers/STM32H7xx_HAL_Driver/Src/stm32h7xx_hal_qspi.c **** 
1542:Drivers/STM32H7xx_HAL_Driver/Src/stm32h7xx_hal_qspi.c ****     /* Update state */
1543:Drivers/STM32H7xx_HAL_Driver/Src/stm32h7xx_hal_qspi.c ****     hqspi->State = HAL_QSPI_STATE_BUSY_AUTO_POLLING;
1544:Drivers/STM32H7xx_HAL_Driver/Src/stm32h7xx_hal_qspi.c **** 
1545:Drivers/STM32H7xx_HAL_Driver/Src/stm32h7xx_hal_qspi.c ****     /* Wait till BUSY flag reset */
1546:Drivers/STM32H7xx_HAL_Driver/Src/stm32h7xx_hal_qspi.c ****     status = QSPI_WaitFlagStateUntilTimeout(hqspi, QSPI_FLAG_BUSY, RESET, tickstart, Timeout);
1547:Drivers/STM32H7xx_HAL_Driver/Src/stm32h7xx_hal_qspi.c **** 
1548:Drivers/STM32H7xx_HAL_Driver/Src/stm32h7xx_hal_qspi.c ****     if (status == HAL_OK)
1549:Drivers/STM32H7xx_HAL_Driver/Src/stm32h7xx_hal_qspi.c ****     {
1550:Drivers/STM32H7xx_HAL_Driver/Src/stm32h7xx_hal_qspi.c ****       /* Configure QSPI: PSMAR register with the status match value */
1551:Drivers/STM32H7xx_HAL_Driver/Src/stm32h7xx_hal_qspi.c ****       WRITE_REG(hqspi->Instance->PSMAR, cfg->Match);
1552:Drivers/STM32H7xx_HAL_Driver/Src/stm32h7xx_hal_qspi.c **** 
1553:Drivers/STM32H7xx_HAL_Driver/Src/stm32h7xx_hal_qspi.c ****       /* Configure QSPI: PSMKR register with the status mask value */
1554:Drivers/STM32H7xx_HAL_Driver/Src/stm32h7xx_hal_qspi.c ****       WRITE_REG(hqspi->Instance->PSMKR, cfg->Mask);
1555:Drivers/STM32H7xx_HAL_Driver/Src/stm32h7xx_hal_qspi.c **** 
1556:Drivers/STM32H7xx_HAL_Driver/Src/stm32h7xx_hal_qspi.c ****       /* Configure QSPI: PIR register with the interval value */
1557:Drivers/STM32H7xx_HAL_Driver/Src/stm32h7xx_hal_qspi.c ****       WRITE_REG(hqspi->Instance->PIR, cfg->Interval);
1558:Drivers/STM32H7xx_HAL_Driver/Src/stm32h7xx_hal_qspi.c **** 
1559:Drivers/STM32H7xx_HAL_Driver/Src/stm32h7xx_hal_qspi.c ****       /* Configure QSPI: CR register with Match mode and Automatic stop enabled
1560:Drivers/STM32H7xx_HAL_Driver/Src/stm32h7xx_hal_qspi.c ****       (otherwise there will be an infinite loop in blocking mode) */
1561:Drivers/STM32H7xx_HAL_Driver/Src/stm32h7xx_hal_qspi.c ****       MODIFY_REG(hqspi->Instance->CR, (QUADSPI_CR_PMM | QUADSPI_CR_APMS),
1562:Drivers/STM32H7xx_HAL_Driver/Src/stm32h7xx_hal_qspi.c ****                (cfg->MatchMode | QSPI_AUTOMATIC_STOP_ENABLE));
1563:Drivers/STM32H7xx_HAL_Driver/Src/stm32h7xx_hal_qspi.c **** 
1564:Drivers/STM32H7xx_HAL_Driver/Src/stm32h7xx_hal_qspi.c ****       /* Call the configuration function */
1565:Drivers/STM32H7xx_HAL_Driver/Src/stm32h7xx_hal_qspi.c ****       cmd->NbData = cfg->StatusBytesSize;
1566:Drivers/STM32H7xx_HAL_Driver/Src/stm32h7xx_hal_qspi.c ****       QSPI_Config(hqspi, cmd, QSPI_FUNCTIONAL_MODE_AUTO_POLLING);
1567:Drivers/STM32H7xx_HAL_Driver/Src/stm32h7xx_hal_qspi.c **** 
1568:Drivers/STM32H7xx_HAL_Driver/Src/stm32h7xx_hal_qspi.c ****       /* Wait until SM flag is set to go back in idle state */
1569:Drivers/STM32H7xx_HAL_Driver/Src/stm32h7xx_hal_qspi.c ****       status = QSPI_WaitFlagStateUntilTimeout(hqspi, QSPI_FLAG_SM, SET, tickstart, Timeout);
1570:Drivers/STM32H7xx_HAL_Driver/Src/stm32h7xx_hal_qspi.c **** 
ARM GAS  C:\Users\12491\AppData\Local\Temp\ccCAIkbk.s 			page 29


1571:Drivers/STM32H7xx_HAL_Driver/Src/stm32h7xx_hal_qspi.c ****       if (status == HAL_OK)
1572:Drivers/STM32H7xx_HAL_Driver/Src/stm32h7xx_hal_qspi.c ****       {
1573:Drivers/STM32H7xx_HAL_Driver/Src/stm32h7xx_hal_qspi.c ****         __HAL_QSPI_CLEAR_FLAG(hqspi, QSPI_FLAG_SM);
1574:Drivers/STM32H7xx_HAL_Driver/Src/stm32h7xx_hal_qspi.c **** 
1575:Drivers/STM32H7xx_HAL_Driver/Src/stm32h7xx_hal_qspi.c ****         /* Update state */
1576:Drivers/STM32H7xx_HAL_Driver/Src/stm32h7xx_hal_qspi.c ****         hqspi->State = HAL_QSPI_STATE_READY;
1577:Drivers/STM32H7xx_HAL_Driver/Src/stm32h7xx_hal_qspi.c ****       }
1578:Drivers/STM32H7xx_HAL_Driver/Src/stm32h7xx_hal_qspi.c ****     }
1579:Drivers/STM32H7xx_HAL_Driver/Src/stm32h7xx_hal_qspi.c ****   }
1580:Drivers/STM32H7xx_HAL_Driver/Src/stm32h7xx_hal_qspi.c ****   else
1581:Drivers/STM32H7xx_HAL_Driver/Src/stm32h7xx_hal_qspi.c ****   {
1582:Drivers/STM32H7xx_HAL_Driver/Src/stm32h7xx_hal_qspi.c ****     status = HAL_BUSY;
1583:Drivers/STM32H7xx_HAL_Driver/Src/stm32h7xx_hal_qspi.c ****   }
1584:Drivers/STM32H7xx_HAL_Driver/Src/stm32h7xx_hal_qspi.c **** 
1585:Drivers/STM32H7xx_HAL_Driver/Src/stm32h7xx_hal_qspi.c ****   /* Process unlocked */
1586:Drivers/STM32H7xx_HAL_Driver/Src/stm32h7xx_hal_qspi.c ****   __HAL_UNLOCK(hqspi);
1587:Drivers/STM32H7xx_HAL_Driver/Src/stm32h7xx_hal_qspi.c **** 
1588:Drivers/STM32H7xx_HAL_Driver/Src/stm32h7xx_hal_qspi.c ****   /* Return function status */
1589:Drivers/STM32H7xx_HAL_Driver/Src/stm32h7xx_hal_qspi.c ****   return status;
1590:Drivers/STM32H7xx_HAL_Driver/Src/stm32h7xx_hal_qspi.c **** }
1591:Drivers/STM32H7xx_HAL_Driver/Src/stm32h7xx_hal_qspi.c **** 
1592:Drivers/STM32H7xx_HAL_Driver/Src/stm32h7xx_hal_qspi.c **** /**
1593:Drivers/STM32H7xx_HAL_Driver/Src/stm32h7xx_hal_qspi.c ****   * @brief  Configure the QSPI Automatic Polling Mode in non-blocking mode.
1594:Drivers/STM32H7xx_HAL_Driver/Src/stm32h7xx_hal_qspi.c ****   * @param  hqspi QSPI handle
1595:Drivers/STM32H7xx_HAL_Driver/Src/stm32h7xx_hal_qspi.c ****   * @param  cmd structure that contains the command configuration information.
1596:Drivers/STM32H7xx_HAL_Driver/Src/stm32h7xx_hal_qspi.c ****   * @param  cfg structure that contains the polling configuration information.
1597:Drivers/STM32H7xx_HAL_Driver/Src/stm32h7xx_hal_qspi.c ****   * @note   This function is used only in Automatic Polling Mode
1598:Drivers/STM32H7xx_HAL_Driver/Src/stm32h7xx_hal_qspi.c ****   * @retval HAL status
1599:Drivers/STM32H7xx_HAL_Driver/Src/stm32h7xx_hal_qspi.c ****   */
1600:Drivers/STM32H7xx_HAL_Driver/Src/stm32h7xx_hal_qspi.c **** HAL_StatusTypeDef HAL_QSPI_AutoPolling_IT(QSPI_HandleTypeDef *hqspi, QSPI_CommandTypeDef *cmd, QSPI
1601:Drivers/STM32H7xx_HAL_Driver/Src/stm32h7xx_hal_qspi.c **** {
1602:Drivers/STM32H7xx_HAL_Driver/Src/stm32h7xx_hal_qspi.c ****   HAL_StatusTypeDef status;
1603:Drivers/STM32H7xx_HAL_Driver/Src/stm32h7xx_hal_qspi.c ****   uint32_t tickstart = HAL_GetTick();
1604:Drivers/STM32H7xx_HAL_Driver/Src/stm32h7xx_hal_qspi.c **** 
1605:Drivers/STM32H7xx_HAL_Driver/Src/stm32h7xx_hal_qspi.c ****   /* Check the parameters */
1606:Drivers/STM32H7xx_HAL_Driver/Src/stm32h7xx_hal_qspi.c ****   assert_param(IS_QSPI_INSTRUCTION_MODE(cmd->InstructionMode));
1607:Drivers/STM32H7xx_HAL_Driver/Src/stm32h7xx_hal_qspi.c ****   if (cmd->InstructionMode != QSPI_INSTRUCTION_NONE)
1608:Drivers/STM32H7xx_HAL_Driver/Src/stm32h7xx_hal_qspi.c ****   {
1609:Drivers/STM32H7xx_HAL_Driver/Src/stm32h7xx_hal_qspi.c ****     assert_param(IS_QSPI_INSTRUCTION(cmd->Instruction));
1610:Drivers/STM32H7xx_HAL_Driver/Src/stm32h7xx_hal_qspi.c ****   }
1611:Drivers/STM32H7xx_HAL_Driver/Src/stm32h7xx_hal_qspi.c **** 
1612:Drivers/STM32H7xx_HAL_Driver/Src/stm32h7xx_hal_qspi.c ****   assert_param(IS_QSPI_ADDRESS_MODE(cmd->AddressMode));
1613:Drivers/STM32H7xx_HAL_Driver/Src/stm32h7xx_hal_qspi.c ****   if (cmd->AddressMode != QSPI_ADDRESS_NONE)
1614:Drivers/STM32H7xx_HAL_Driver/Src/stm32h7xx_hal_qspi.c ****   {
1615:Drivers/STM32H7xx_HAL_Driver/Src/stm32h7xx_hal_qspi.c ****     assert_param(IS_QSPI_ADDRESS_SIZE(cmd->AddressSize));
1616:Drivers/STM32H7xx_HAL_Driver/Src/stm32h7xx_hal_qspi.c ****   }
1617:Drivers/STM32H7xx_HAL_Driver/Src/stm32h7xx_hal_qspi.c **** 
1618:Drivers/STM32H7xx_HAL_Driver/Src/stm32h7xx_hal_qspi.c ****   assert_param(IS_QSPI_ALTERNATE_BYTES_MODE(cmd->AlternateByteMode));
1619:Drivers/STM32H7xx_HAL_Driver/Src/stm32h7xx_hal_qspi.c ****   if (cmd->AlternateByteMode != QSPI_ALTERNATE_BYTES_NONE)
1620:Drivers/STM32H7xx_HAL_Driver/Src/stm32h7xx_hal_qspi.c ****   {
1621:Drivers/STM32H7xx_HAL_Driver/Src/stm32h7xx_hal_qspi.c ****     assert_param(IS_QSPI_ALTERNATE_BYTES_SIZE(cmd->AlternateBytesSize));
1622:Drivers/STM32H7xx_HAL_Driver/Src/stm32h7xx_hal_qspi.c ****   }
1623:Drivers/STM32H7xx_HAL_Driver/Src/stm32h7xx_hal_qspi.c **** 
1624:Drivers/STM32H7xx_HAL_Driver/Src/stm32h7xx_hal_qspi.c ****   assert_param(IS_QSPI_DUMMY_CYCLES(cmd->DummyCycles));
1625:Drivers/STM32H7xx_HAL_Driver/Src/stm32h7xx_hal_qspi.c ****   assert_param(IS_QSPI_DATA_MODE(cmd->DataMode));
1626:Drivers/STM32H7xx_HAL_Driver/Src/stm32h7xx_hal_qspi.c **** 
1627:Drivers/STM32H7xx_HAL_Driver/Src/stm32h7xx_hal_qspi.c ****   assert_param(IS_QSPI_DDR_MODE(cmd->DdrMode));
ARM GAS  C:\Users\12491\AppData\Local\Temp\ccCAIkbk.s 			page 30


1628:Drivers/STM32H7xx_HAL_Driver/Src/stm32h7xx_hal_qspi.c ****   assert_param(IS_QSPI_DDR_HHC(cmd->DdrHoldHalfCycle));
1629:Drivers/STM32H7xx_HAL_Driver/Src/stm32h7xx_hal_qspi.c ****   assert_param(IS_QSPI_SIOO_MODE(cmd->SIOOMode));
1630:Drivers/STM32H7xx_HAL_Driver/Src/stm32h7xx_hal_qspi.c **** 
1631:Drivers/STM32H7xx_HAL_Driver/Src/stm32h7xx_hal_qspi.c ****   assert_param(IS_QSPI_INTERVAL(cfg->Interval));
1632:Drivers/STM32H7xx_HAL_Driver/Src/stm32h7xx_hal_qspi.c ****   assert_param(IS_QSPI_STATUS_BYTES_SIZE(cfg->StatusBytesSize));
1633:Drivers/STM32H7xx_HAL_Driver/Src/stm32h7xx_hal_qspi.c ****   assert_param(IS_QSPI_MATCH_MODE(cfg->MatchMode));
1634:Drivers/STM32H7xx_HAL_Driver/Src/stm32h7xx_hal_qspi.c ****   assert_param(IS_QSPI_AUTOMATIC_STOP(cfg->AutomaticStop));
1635:Drivers/STM32H7xx_HAL_Driver/Src/stm32h7xx_hal_qspi.c **** 
1636:Drivers/STM32H7xx_HAL_Driver/Src/stm32h7xx_hal_qspi.c ****   /* Process locked */
1637:Drivers/STM32H7xx_HAL_Driver/Src/stm32h7xx_hal_qspi.c ****   __HAL_LOCK(hqspi);
1638:Drivers/STM32H7xx_HAL_Driver/Src/stm32h7xx_hal_qspi.c **** 
1639:Drivers/STM32H7xx_HAL_Driver/Src/stm32h7xx_hal_qspi.c ****   if(hqspi->State == HAL_QSPI_STATE_READY)
1640:Drivers/STM32H7xx_HAL_Driver/Src/stm32h7xx_hal_qspi.c ****   {
1641:Drivers/STM32H7xx_HAL_Driver/Src/stm32h7xx_hal_qspi.c ****     hqspi->ErrorCode = HAL_QSPI_ERROR_NONE;
1642:Drivers/STM32H7xx_HAL_Driver/Src/stm32h7xx_hal_qspi.c **** 
1643:Drivers/STM32H7xx_HAL_Driver/Src/stm32h7xx_hal_qspi.c ****     /* Update state */
1644:Drivers/STM32H7xx_HAL_Driver/Src/stm32h7xx_hal_qspi.c ****     hqspi->State = HAL_QSPI_STATE_BUSY_AUTO_POLLING;
1645:Drivers/STM32H7xx_HAL_Driver/Src/stm32h7xx_hal_qspi.c **** 
1646:Drivers/STM32H7xx_HAL_Driver/Src/stm32h7xx_hal_qspi.c ****     /* Wait till BUSY flag reset */
1647:Drivers/STM32H7xx_HAL_Driver/Src/stm32h7xx_hal_qspi.c ****     status = QSPI_WaitFlagStateUntilTimeout(hqspi, QSPI_FLAG_BUSY, RESET, tickstart, hqspi->Timeout
1648:Drivers/STM32H7xx_HAL_Driver/Src/stm32h7xx_hal_qspi.c **** 
1649:Drivers/STM32H7xx_HAL_Driver/Src/stm32h7xx_hal_qspi.c ****     if (status == HAL_OK)
1650:Drivers/STM32H7xx_HAL_Driver/Src/stm32h7xx_hal_qspi.c ****     {
1651:Drivers/STM32H7xx_HAL_Driver/Src/stm32h7xx_hal_qspi.c ****       /* Configure QSPI: PSMAR register with the status match value */
1652:Drivers/STM32H7xx_HAL_Driver/Src/stm32h7xx_hal_qspi.c ****       WRITE_REG(hqspi->Instance->PSMAR, cfg->Match);
1653:Drivers/STM32H7xx_HAL_Driver/Src/stm32h7xx_hal_qspi.c **** 
1654:Drivers/STM32H7xx_HAL_Driver/Src/stm32h7xx_hal_qspi.c ****       /* Configure QSPI: PSMKR register with the status mask value */
1655:Drivers/STM32H7xx_HAL_Driver/Src/stm32h7xx_hal_qspi.c ****       WRITE_REG(hqspi->Instance->PSMKR, cfg->Mask);
1656:Drivers/STM32H7xx_HAL_Driver/Src/stm32h7xx_hal_qspi.c **** 
1657:Drivers/STM32H7xx_HAL_Driver/Src/stm32h7xx_hal_qspi.c ****       /* Configure QSPI: PIR register with the interval value */
1658:Drivers/STM32H7xx_HAL_Driver/Src/stm32h7xx_hal_qspi.c ****       WRITE_REG(hqspi->Instance->PIR, cfg->Interval);
1659:Drivers/STM32H7xx_HAL_Driver/Src/stm32h7xx_hal_qspi.c **** 
1660:Drivers/STM32H7xx_HAL_Driver/Src/stm32h7xx_hal_qspi.c ****       /* Configure QSPI: CR register with Match mode and Automatic stop mode */
1661:Drivers/STM32H7xx_HAL_Driver/Src/stm32h7xx_hal_qspi.c ****       MODIFY_REG(hqspi->Instance->CR, (QUADSPI_CR_PMM | QUADSPI_CR_APMS),
1662:Drivers/STM32H7xx_HAL_Driver/Src/stm32h7xx_hal_qspi.c ****                (cfg->MatchMode | cfg->AutomaticStop));
1663:Drivers/STM32H7xx_HAL_Driver/Src/stm32h7xx_hal_qspi.c **** 
1664:Drivers/STM32H7xx_HAL_Driver/Src/stm32h7xx_hal_qspi.c ****       /* Clear interrupt */
1665:Drivers/STM32H7xx_HAL_Driver/Src/stm32h7xx_hal_qspi.c ****       __HAL_QSPI_CLEAR_FLAG(hqspi, QSPI_FLAG_TE | QSPI_FLAG_SM);
1666:Drivers/STM32H7xx_HAL_Driver/Src/stm32h7xx_hal_qspi.c **** 
1667:Drivers/STM32H7xx_HAL_Driver/Src/stm32h7xx_hal_qspi.c ****       /* Call the configuration function */
1668:Drivers/STM32H7xx_HAL_Driver/Src/stm32h7xx_hal_qspi.c ****       cmd->NbData = cfg->StatusBytesSize;
1669:Drivers/STM32H7xx_HAL_Driver/Src/stm32h7xx_hal_qspi.c ****       QSPI_Config(hqspi, cmd, QSPI_FUNCTIONAL_MODE_AUTO_POLLING);
1670:Drivers/STM32H7xx_HAL_Driver/Src/stm32h7xx_hal_qspi.c **** 
1671:Drivers/STM32H7xx_HAL_Driver/Src/stm32h7xx_hal_qspi.c ****       /* Process unlocked */
1672:Drivers/STM32H7xx_HAL_Driver/Src/stm32h7xx_hal_qspi.c ****       __HAL_UNLOCK(hqspi);
1673:Drivers/STM32H7xx_HAL_Driver/Src/stm32h7xx_hal_qspi.c **** 
1674:Drivers/STM32H7xx_HAL_Driver/Src/stm32h7xx_hal_qspi.c ****       /* Enable the QSPI Transfer Error and status match Interrupt */
1675:Drivers/STM32H7xx_HAL_Driver/Src/stm32h7xx_hal_qspi.c ****       __HAL_QSPI_ENABLE_IT(hqspi, (QSPI_IT_SM | QSPI_IT_TE));
1676:Drivers/STM32H7xx_HAL_Driver/Src/stm32h7xx_hal_qspi.c **** 
1677:Drivers/STM32H7xx_HAL_Driver/Src/stm32h7xx_hal_qspi.c ****     }
1678:Drivers/STM32H7xx_HAL_Driver/Src/stm32h7xx_hal_qspi.c ****     else
1679:Drivers/STM32H7xx_HAL_Driver/Src/stm32h7xx_hal_qspi.c ****     {
1680:Drivers/STM32H7xx_HAL_Driver/Src/stm32h7xx_hal_qspi.c ****       /* Process unlocked */
1681:Drivers/STM32H7xx_HAL_Driver/Src/stm32h7xx_hal_qspi.c ****       __HAL_UNLOCK(hqspi);
1682:Drivers/STM32H7xx_HAL_Driver/Src/stm32h7xx_hal_qspi.c ****     }
1683:Drivers/STM32H7xx_HAL_Driver/Src/stm32h7xx_hal_qspi.c ****   }
1684:Drivers/STM32H7xx_HAL_Driver/Src/stm32h7xx_hal_qspi.c ****   else
ARM GAS  C:\Users\12491\AppData\Local\Temp\ccCAIkbk.s 			page 31


1685:Drivers/STM32H7xx_HAL_Driver/Src/stm32h7xx_hal_qspi.c ****   {
1686:Drivers/STM32H7xx_HAL_Driver/Src/stm32h7xx_hal_qspi.c ****     status = HAL_BUSY;
1687:Drivers/STM32H7xx_HAL_Driver/Src/stm32h7xx_hal_qspi.c **** 
1688:Drivers/STM32H7xx_HAL_Driver/Src/stm32h7xx_hal_qspi.c ****     /* Process unlocked */
1689:Drivers/STM32H7xx_HAL_Driver/Src/stm32h7xx_hal_qspi.c ****     __HAL_UNLOCK(hqspi);
1690:Drivers/STM32H7xx_HAL_Driver/Src/stm32h7xx_hal_qspi.c ****   }
1691:Drivers/STM32H7xx_HAL_Driver/Src/stm32h7xx_hal_qspi.c **** 
1692:Drivers/STM32H7xx_HAL_Driver/Src/stm32h7xx_hal_qspi.c ****   /* Return function status */
1693:Drivers/STM32H7xx_HAL_Driver/Src/stm32h7xx_hal_qspi.c ****   return status;
1694:Drivers/STM32H7xx_HAL_Driver/Src/stm32h7xx_hal_qspi.c **** }
1695:Drivers/STM32H7xx_HAL_Driver/Src/stm32h7xx_hal_qspi.c **** 
1696:Drivers/STM32H7xx_HAL_Driver/Src/stm32h7xx_hal_qspi.c **** /**
1697:Drivers/STM32H7xx_HAL_Driver/Src/stm32h7xx_hal_qspi.c ****   * @brief  Configure the Memory Mapped mode.
1698:Drivers/STM32H7xx_HAL_Driver/Src/stm32h7xx_hal_qspi.c ****   * @param  hqspi QSPI handle
1699:Drivers/STM32H7xx_HAL_Driver/Src/stm32h7xx_hal_qspi.c ****   * @param  cmd structure that contains the command configuration information.
1700:Drivers/STM32H7xx_HAL_Driver/Src/stm32h7xx_hal_qspi.c ****   * @param  cfg structure that contains the memory mapped configuration information.
1701:Drivers/STM32H7xx_HAL_Driver/Src/stm32h7xx_hal_qspi.c ****   * @note   This function is used only in Memory mapped Mode
1702:Drivers/STM32H7xx_HAL_Driver/Src/stm32h7xx_hal_qspi.c ****   * @retval HAL status
1703:Drivers/STM32H7xx_HAL_Driver/Src/stm32h7xx_hal_qspi.c ****   */
1704:Drivers/STM32H7xx_HAL_Driver/Src/stm32h7xx_hal_qspi.c **** HAL_StatusTypeDef HAL_QSPI_MemoryMapped(QSPI_HandleTypeDef *hqspi, QSPI_CommandTypeDef *cmd, QSPI_M
1705:Drivers/STM32H7xx_HAL_Driver/Src/stm32h7xx_hal_qspi.c **** {
1706:Drivers/STM32H7xx_HAL_Driver/Src/stm32h7xx_hal_qspi.c ****   HAL_StatusTypeDef status;
1707:Drivers/STM32H7xx_HAL_Driver/Src/stm32h7xx_hal_qspi.c ****   uint32_t tickstart = HAL_GetTick();
1708:Drivers/STM32H7xx_HAL_Driver/Src/stm32h7xx_hal_qspi.c **** 
1709:Drivers/STM32H7xx_HAL_Driver/Src/stm32h7xx_hal_qspi.c ****   /* Check the parameters */
1710:Drivers/STM32H7xx_HAL_Driver/Src/stm32h7xx_hal_qspi.c ****   assert_param(IS_QSPI_INSTRUCTION_MODE(cmd->InstructionMode));
1711:Drivers/STM32H7xx_HAL_Driver/Src/stm32h7xx_hal_qspi.c ****   if (cmd->InstructionMode != QSPI_INSTRUCTION_NONE)
1712:Drivers/STM32H7xx_HAL_Driver/Src/stm32h7xx_hal_qspi.c ****   {
1713:Drivers/STM32H7xx_HAL_Driver/Src/stm32h7xx_hal_qspi.c ****   assert_param(IS_QSPI_INSTRUCTION(cmd->Instruction));
1714:Drivers/STM32H7xx_HAL_Driver/Src/stm32h7xx_hal_qspi.c ****   }
1715:Drivers/STM32H7xx_HAL_Driver/Src/stm32h7xx_hal_qspi.c **** 
1716:Drivers/STM32H7xx_HAL_Driver/Src/stm32h7xx_hal_qspi.c ****   assert_param(IS_QSPI_ADDRESS_MODE(cmd->AddressMode));
1717:Drivers/STM32H7xx_HAL_Driver/Src/stm32h7xx_hal_qspi.c ****   if (cmd->AddressMode != QSPI_ADDRESS_NONE)
1718:Drivers/STM32H7xx_HAL_Driver/Src/stm32h7xx_hal_qspi.c ****   {
1719:Drivers/STM32H7xx_HAL_Driver/Src/stm32h7xx_hal_qspi.c ****     assert_param(IS_QSPI_ADDRESS_SIZE(cmd->AddressSize));
1720:Drivers/STM32H7xx_HAL_Driver/Src/stm32h7xx_hal_qspi.c ****   }
1721:Drivers/STM32H7xx_HAL_Driver/Src/stm32h7xx_hal_qspi.c **** 
1722:Drivers/STM32H7xx_HAL_Driver/Src/stm32h7xx_hal_qspi.c ****   assert_param(IS_QSPI_ALTERNATE_BYTES_MODE(cmd->AlternateByteMode));
1723:Drivers/STM32H7xx_HAL_Driver/Src/stm32h7xx_hal_qspi.c ****   if (cmd->AlternateByteMode != QSPI_ALTERNATE_BYTES_NONE)
1724:Drivers/STM32H7xx_HAL_Driver/Src/stm32h7xx_hal_qspi.c ****   {
1725:Drivers/STM32H7xx_HAL_Driver/Src/stm32h7xx_hal_qspi.c ****     assert_param(IS_QSPI_ALTERNATE_BYTES_SIZE(cmd->AlternateBytesSize));
1726:Drivers/STM32H7xx_HAL_Driver/Src/stm32h7xx_hal_qspi.c ****   }
1727:Drivers/STM32H7xx_HAL_Driver/Src/stm32h7xx_hal_qspi.c **** 
1728:Drivers/STM32H7xx_HAL_Driver/Src/stm32h7xx_hal_qspi.c ****   assert_param(IS_QSPI_DUMMY_CYCLES(cmd->DummyCycles));
1729:Drivers/STM32H7xx_HAL_Driver/Src/stm32h7xx_hal_qspi.c ****   assert_param(IS_QSPI_DATA_MODE(cmd->DataMode));
1730:Drivers/STM32H7xx_HAL_Driver/Src/stm32h7xx_hal_qspi.c **** 
1731:Drivers/STM32H7xx_HAL_Driver/Src/stm32h7xx_hal_qspi.c ****   assert_param(IS_QSPI_DDR_MODE(cmd->DdrMode));
1732:Drivers/STM32H7xx_HAL_Driver/Src/stm32h7xx_hal_qspi.c ****   assert_param(IS_QSPI_DDR_HHC(cmd->DdrHoldHalfCycle));
1733:Drivers/STM32H7xx_HAL_Driver/Src/stm32h7xx_hal_qspi.c ****   assert_param(IS_QSPI_SIOO_MODE(cmd->SIOOMode));
1734:Drivers/STM32H7xx_HAL_Driver/Src/stm32h7xx_hal_qspi.c **** 
1735:Drivers/STM32H7xx_HAL_Driver/Src/stm32h7xx_hal_qspi.c ****   assert_param(IS_QSPI_TIMEOUT_ACTIVATION(cfg->TimeOutActivation));
1736:Drivers/STM32H7xx_HAL_Driver/Src/stm32h7xx_hal_qspi.c **** 
1737:Drivers/STM32H7xx_HAL_Driver/Src/stm32h7xx_hal_qspi.c ****   /* Process locked */
1738:Drivers/STM32H7xx_HAL_Driver/Src/stm32h7xx_hal_qspi.c ****   __HAL_LOCK(hqspi);
1739:Drivers/STM32H7xx_HAL_Driver/Src/stm32h7xx_hal_qspi.c **** 
1740:Drivers/STM32H7xx_HAL_Driver/Src/stm32h7xx_hal_qspi.c ****   if(hqspi->State == HAL_QSPI_STATE_READY)
1741:Drivers/STM32H7xx_HAL_Driver/Src/stm32h7xx_hal_qspi.c ****   {
ARM GAS  C:\Users\12491\AppData\Local\Temp\ccCAIkbk.s 			page 32


1742:Drivers/STM32H7xx_HAL_Driver/Src/stm32h7xx_hal_qspi.c ****     hqspi->ErrorCode = HAL_QSPI_ERROR_NONE;
1743:Drivers/STM32H7xx_HAL_Driver/Src/stm32h7xx_hal_qspi.c **** 
1744:Drivers/STM32H7xx_HAL_Driver/Src/stm32h7xx_hal_qspi.c ****     /* Update state */
1745:Drivers/STM32H7xx_HAL_Driver/Src/stm32h7xx_hal_qspi.c ****     hqspi->State = HAL_QSPI_STATE_BUSY_MEM_MAPPED;
1746:Drivers/STM32H7xx_HAL_Driver/Src/stm32h7xx_hal_qspi.c **** 
1747:Drivers/STM32H7xx_HAL_Driver/Src/stm32h7xx_hal_qspi.c ****     /* Wait till BUSY flag reset */
1748:Drivers/STM32H7xx_HAL_Driver/Src/stm32h7xx_hal_qspi.c ****     status = QSPI_WaitFlagStateUntilTimeout(hqspi, QSPI_FLAG_BUSY, RESET, tickstart, hqspi->Timeout
1749:Drivers/STM32H7xx_HAL_Driver/Src/stm32h7xx_hal_qspi.c **** 
1750:Drivers/STM32H7xx_HAL_Driver/Src/stm32h7xx_hal_qspi.c ****     if (status == HAL_OK)
1751:Drivers/STM32H7xx_HAL_Driver/Src/stm32h7xx_hal_qspi.c ****     {
1752:Drivers/STM32H7xx_HAL_Driver/Src/stm32h7xx_hal_qspi.c ****       /* Configure QSPI: CR register with timeout counter enable */
1753:Drivers/STM32H7xx_HAL_Driver/Src/stm32h7xx_hal_qspi.c ****     MODIFY_REG(hqspi->Instance->CR, QUADSPI_CR_TCEN, cfg->TimeOutActivation);
1754:Drivers/STM32H7xx_HAL_Driver/Src/stm32h7xx_hal_qspi.c **** 
1755:Drivers/STM32H7xx_HAL_Driver/Src/stm32h7xx_hal_qspi.c ****     if (cfg->TimeOutActivation == QSPI_TIMEOUT_COUNTER_ENABLE)
1756:Drivers/STM32H7xx_HAL_Driver/Src/stm32h7xx_hal_qspi.c ****       {
1757:Drivers/STM32H7xx_HAL_Driver/Src/stm32h7xx_hal_qspi.c ****         assert_param(IS_QSPI_TIMEOUT_PERIOD(cfg->TimeOutPeriod));
1758:Drivers/STM32H7xx_HAL_Driver/Src/stm32h7xx_hal_qspi.c **** 
1759:Drivers/STM32H7xx_HAL_Driver/Src/stm32h7xx_hal_qspi.c ****         /* Configure QSPI: LPTR register with the low-power timeout value */
1760:Drivers/STM32H7xx_HAL_Driver/Src/stm32h7xx_hal_qspi.c ****         WRITE_REG(hqspi->Instance->LPTR, cfg->TimeOutPeriod);
1761:Drivers/STM32H7xx_HAL_Driver/Src/stm32h7xx_hal_qspi.c **** 
1762:Drivers/STM32H7xx_HAL_Driver/Src/stm32h7xx_hal_qspi.c ****         /* Clear interrupt */
1763:Drivers/STM32H7xx_HAL_Driver/Src/stm32h7xx_hal_qspi.c ****         __HAL_QSPI_CLEAR_FLAG(hqspi, QSPI_FLAG_TO);
1764:Drivers/STM32H7xx_HAL_Driver/Src/stm32h7xx_hal_qspi.c **** 
1765:Drivers/STM32H7xx_HAL_Driver/Src/stm32h7xx_hal_qspi.c ****         /* Enable the QSPI TimeOut Interrupt */
1766:Drivers/STM32H7xx_HAL_Driver/Src/stm32h7xx_hal_qspi.c ****         __HAL_QSPI_ENABLE_IT(hqspi, QSPI_IT_TO);
1767:Drivers/STM32H7xx_HAL_Driver/Src/stm32h7xx_hal_qspi.c ****       }
1768:Drivers/STM32H7xx_HAL_Driver/Src/stm32h7xx_hal_qspi.c **** 
1769:Drivers/STM32H7xx_HAL_Driver/Src/stm32h7xx_hal_qspi.c ****       /* Call the configuration function */
1770:Drivers/STM32H7xx_HAL_Driver/Src/stm32h7xx_hal_qspi.c ****       QSPI_Config(hqspi, cmd, QSPI_FUNCTIONAL_MODE_MEMORY_MAPPED);
1771:Drivers/STM32H7xx_HAL_Driver/Src/stm32h7xx_hal_qspi.c ****     }
1772:Drivers/STM32H7xx_HAL_Driver/Src/stm32h7xx_hal_qspi.c ****   }
1773:Drivers/STM32H7xx_HAL_Driver/Src/stm32h7xx_hal_qspi.c ****   else
1774:Drivers/STM32H7xx_HAL_Driver/Src/stm32h7xx_hal_qspi.c ****   {
1775:Drivers/STM32H7xx_HAL_Driver/Src/stm32h7xx_hal_qspi.c ****     status = HAL_BUSY;
1776:Drivers/STM32H7xx_HAL_Driver/Src/stm32h7xx_hal_qspi.c ****   }
1777:Drivers/STM32H7xx_HAL_Driver/Src/stm32h7xx_hal_qspi.c **** 
1778:Drivers/STM32H7xx_HAL_Driver/Src/stm32h7xx_hal_qspi.c ****   /* Process unlocked */
1779:Drivers/STM32H7xx_HAL_Driver/Src/stm32h7xx_hal_qspi.c ****   __HAL_UNLOCK(hqspi);
1780:Drivers/STM32H7xx_HAL_Driver/Src/stm32h7xx_hal_qspi.c **** 
1781:Drivers/STM32H7xx_HAL_Driver/Src/stm32h7xx_hal_qspi.c ****   /* Return function status */
1782:Drivers/STM32H7xx_HAL_Driver/Src/stm32h7xx_hal_qspi.c ****   return status;
1783:Drivers/STM32H7xx_HAL_Driver/Src/stm32h7xx_hal_qspi.c **** }
1784:Drivers/STM32H7xx_HAL_Driver/Src/stm32h7xx_hal_qspi.c **** 
1785:Drivers/STM32H7xx_HAL_Driver/Src/stm32h7xx_hal_qspi.c **** /**
1786:Drivers/STM32H7xx_HAL_Driver/Src/stm32h7xx_hal_qspi.c ****   * @brief  Transfer Error callback.
1787:Drivers/STM32H7xx_HAL_Driver/Src/stm32h7xx_hal_qspi.c ****   * @param  hqspi QSPI handle
1788:Drivers/STM32H7xx_HAL_Driver/Src/stm32h7xx_hal_qspi.c ****   * @retval None
1789:Drivers/STM32H7xx_HAL_Driver/Src/stm32h7xx_hal_qspi.c ****   */
1790:Drivers/STM32H7xx_HAL_Driver/Src/stm32h7xx_hal_qspi.c **** __weak void HAL_QSPI_ErrorCallback(QSPI_HandleTypeDef *hqspi)
1791:Drivers/STM32H7xx_HAL_Driver/Src/stm32h7xx_hal_qspi.c **** {
1792:Drivers/STM32H7xx_HAL_Driver/Src/stm32h7xx_hal_qspi.c ****   /* Prevent unused argument(s) compilation warning */
1793:Drivers/STM32H7xx_HAL_Driver/Src/stm32h7xx_hal_qspi.c ****   UNUSED(hqspi);
1794:Drivers/STM32H7xx_HAL_Driver/Src/stm32h7xx_hal_qspi.c **** 
1795:Drivers/STM32H7xx_HAL_Driver/Src/stm32h7xx_hal_qspi.c ****   /* NOTE : This function should not be modified, when the callback is needed,
1796:Drivers/STM32H7xx_HAL_Driver/Src/stm32h7xx_hal_qspi.c ****             the HAL_QSPI_ErrorCallback could be implemented in the user file
1797:Drivers/STM32H7xx_HAL_Driver/Src/stm32h7xx_hal_qspi.c ****    */
1798:Drivers/STM32H7xx_HAL_Driver/Src/stm32h7xx_hal_qspi.c **** }
ARM GAS  C:\Users\12491\AppData\Local\Temp\ccCAIkbk.s 			page 33


1799:Drivers/STM32H7xx_HAL_Driver/Src/stm32h7xx_hal_qspi.c **** 
1800:Drivers/STM32H7xx_HAL_Driver/Src/stm32h7xx_hal_qspi.c **** /**
1801:Drivers/STM32H7xx_HAL_Driver/Src/stm32h7xx_hal_qspi.c ****   * @brief  Abort completed callback.
1802:Drivers/STM32H7xx_HAL_Driver/Src/stm32h7xx_hal_qspi.c ****   * @param  hqspi QSPI handle
1803:Drivers/STM32H7xx_HAL_Driver/Src/stm32h7xx_hal_qspi.c ****   * @retval None
1804:Drivers/STM32H7xx_HAL_Driver/Src/stm32h7xx_hal_qspi.c ****   */
1805:Drivers/STM32H7xx_HAL_Driver/Src/stm32h7xx_hal_qspi.c **** __weak void HAL_QSPI_AbortCpltCallback(QSPI_HandleTypeDef *hqspi)
1806:Drivers/STM32H7xx_HAL_Driver/Src/stm32h7xx_hal_qspi.c **** {
1807:Drivers/STM32H7xx_HAL_Driver/Src/stm32h7xx_hal_qspi.c ****   /* Prevent unused argument(s) compilation warning */
1808:Drivers/STM32H7xx_HAL_Driver/Src/stm32h7xx_hal_qspi.c ****   UNUSED(hqspi);
1809:Drivers/STM32H7xx_HAL_Driver/Src/stm32h7xx_hal_qspi.c **** 
1810:Drivers/STM32H7xx_HAL_Driver/Src/stm32h7xx_hal_qspi.c ****   /* NOTE: This function should not be modified, when the callback is needed,
1811:Drivers/STM32H7xx_HAL_Driver/Src/stm32h7xx_hal_qspi.c ****            the HAL_QSPI_AbortCpltCallback could be implemented in the user file
1812:Drivers/STM32H7xx_HAL_Driver/Src/stm32h7xx_hal_qspi.c ****    */
1813:Drivers/STM32H7xx_HAL_Driver/Src/stm32h7xx_hal_qspi.c **** }
1814:Drivers/STM32H7xx_HAL_Driver/Src/stm32h7xx_hal_qspi.c **** 
1815:Drivers/STM32H7xx_HAL_Driver/Src/stm32h7xx_hal_qspi.c **** /**
1816:Drivers/STM32H7xx_HAL_Driver/Src/stm32h7xx_hal_qspi.c ****   * @brief  Command completed callback.
1817:Drivers/STM32H7xx_HAL_Driver/Src/stm32h7xx_hal_qspi.c ****   * @param  hqspi QSPI handle
1818:Drivers/STM32H7xx_HAL_Driver/Src/stm32h7xx_hal_qspi.c ****   * @retval None
1819:Drivers/STM32H7xx_HAL_Driver/Src/stm32h7xx_hal_qspi.c ****   */
1820:Drivers/STM32H7xx_HAL_Driver/Src/stm32h7xx_hal_qspi.c **** __weak void HAL_QSPI_CmdCpltCallback(QSPI_HandleTypeDef *hqspi)
1821:Drivers/STM32H7xx_HAL_Driver/Src/stm32h7xx_hal_qspi.c **** {
1822:Drivers/STM32H7xx_HAL_Driver/Src/stm32h7xx_hal_qspi.c ****   /* Prevent unused argument(s) compilation warning */
1823:Drivers/STM32H7xx_HAL_Driver/Src/stm32h7xx_hal_qspi.c ****   UNUSED(hqspi);
1824:Drivers/STM32H7xx_HAL_Driver/Src/stm32h7xx_hal_qspi.c **** 
1825:Drivers/STM32H7xx_HAL_Driver/Src/stm32h7xx_hal_qspi.c ****   /* NOTE: This function should not be modified, when the callback is needed,
1826:Drivers/STM32H7xx_HAL_Driver/Src/stm32h7xx_hal_qspi.c ****            the HAL_QSPI_CmdCpltCallback could be implemented in the user file
1827:Drivers/STM32H7xx_HAL_Driver/Src/stm32h7xx_hal_qspi.c ****    */
1828:Drivers/STM32H7xx_HAL_Driver/Src/stm32h7xx_hal_qspi.c **** }
1829:Drivers/STM32H7xx_HAL_Driver/Src/stm32h7xx_hal_qspi.c **** 
1830:Drivers/STM32H7xx_HAL_Driver/Src/stm32h7xx_hal_qspi.c **** /**
1831:Drivers/STM32H7xx_HAL_Driver/Src/stm32h7xx_hal_qspi.c ****   * @brief  Rx Transfer completed callback.
1832:Drivers/STM32H7xx_HAL_Driver/Src/stm32h7xx_hal_qspi.c ****   * @param  hqspi QSPI handle
1833:Drivers/STM32H7xx_HAL_Driver/Src/stm32h7xx_hal_qspi.c ****   * @retval None
1834:Drivers/STM32H7xx_HAL_Driver/Src/stm32h7xx_hal_qspi.c ****   */
1835:Drivers/STM32H7xx_HAL_Driver/Src/stm32h7xx_hal_qspi.c **** __weak void HAL_QSPI_RxCpltCallback(QSPI_HandleTypeDef *hqspi)
1836:Drivers/STM32H7xx_HAL_Driver/Src/stm32h7xx_hal_qspi.c **** {
1837:Drivers/STM32H7xx_HAL_Driver/Src/stm32h7xx_hal_qspi.c ****   /* Prevent unused argument(s) compilation warning */
1838:Drivers/STM32H7xx_HAL_Driver/Src/stm32h7xx_hal_qspi.c ****   UNUSED(hqspi);
1839:Drivers/STM32H7xx_HAL_Driver/Src/stm32h7xx_hal_qspi.c **** 
1840:Drivers/STM32H7xx_HAL_Driver/Src/stm32h7xx_hal_qspi.c ****   /* NOTE: This function should not be modified, when the callback is needed,
1841:Drivers/STM32H7xx_HAL_Driver/Src/stm32h7xx_hal_qspi.c ****            the HAL_QSPI_RxCpltCallback could be implemented in the user file
1842:Drivers/STM32H7xx_HAL_Driver/Src/stm32h7xx_hal_qspi.c ****    */
1843:Drivers/STM32H7xx_HAL_Driver/Src/stm32h7xx_hal_qspi.c **** }
1844:Drivers/STM32H7xx_HAL_Driver/Src/stm32h7xx_hal_qspi.c **** 
1845:Drivers/STM32H7xx_HAL_Driver/Src/stm32h7xx_hal_qspi.c **** /**
1846:Drivers/STM32H7xx_HAL_Driver/Src/stm32h7xx_hal_qspi.c ****   * @brief  Tx Transfer completed callback.
1847:Drivers/STM32H7xx_HAL_Driver/Src/stm32h7xx_hal_qspi.c ****   * @param  hqspi QSPI handle
1848:Drivers/STM32H7xx_HAL_Driver/Src/stm32h7xx_hal_qspi.c ****   * @retval None
1849:Drivers/STM32H7xx_HAL_Driver/Src/stm32h7xx_hal_qspi.c ****   */
1850:Drivers/STM32H7xx_HAL_Driver/Src/stm32h7xx_hal_qspi.c **** __weak void HAL_QSPI_TxCpltCallback(QSPI_HandleTypeDef *hqspi)
1851:Drivers/STM32H7xx_HAL_Driver/Src/stm32h7xx_hal_qspi.c **** {
1852:Drivers/STM32H7xx_HAL_Driver/Src/stm32h7xx_hal_qspi.c ****   /* Prevent unused argument(s) compilation warning */
1853:Drivers/STM32H7xx_HAL_Driver/Src/stm32h7xx_hal_qspi.c ****   UNUSED(hqspi);
1854:Drivers/STM32H7xx_HAL_Driver/Src/stm32h7xx_hal_qspi.c **** 
1855:Drivers/STM32H7xx_HAL_Driver/Src/stm32h7xx_hal_qspi.c ****   /* NOTE: This function should not be modified, when the callback is needed,
ARM GAS  C:\Users\12491\AppData\Local\Temp\ccCAIkbk.s 			page 34


1856:Drivers/STM32H7xx_HAL_Driver/Src/stm32h7xx_hal_qspi.c ****            the HAL_QSPI_TxCpltCallback could be implemented in the user file
1857:Drivers/STM32H7xx_HAL_Driver/Src/stm32h7xx_hal_qspi.c ****    */
1858:Drivers/STM32H7xx_HAL_Driver/Src/stm32h7xx_hal_qspi.c **** }
1859:Drivers/STM32H7xx_HAL_Driver/Src/stm32h7xx_hal_qspi.c **** 
1860:Drivers/STM32H7xx_HAL_Driver/Src/stm32h7xx_hal_qspi.c **** 
1861:Drivers/STM32H7xx_HAL_Driver/Src/stm32h7xx_hal_qspi.c **** /**
1862:Drivers/STM32H7xx_HAL_Driver/Src/stm32h7xx_hal_qspi.c ****   * @brief  FIFO Threshold callback.
1863:Drivers/STM32H7xx_HAL_Driver/Src/stm32h7xx_hal_qspi.c ****   * @param  hqspi QSPI handle
1864:Drivers/STM32H7xx_HAL_Driver/Src/stm32h7xx_hal_qspi.c ****   * @retval None
1865:Drivers/STM32H7xx_HAL_Driver/Src/stm32h7xx_hal_qspi.c ****   */
1866:Drivers/STM32H7xx_HAL_Driver/Src/stm32h7xx_hal_qspi.c **** __weak void HAL_QSPI_FifoThresholdCallback(QSPI_HandleTypeDef *hqspi)
1867:Drivers/STM32H7xx_HAL_Driver/Src/stm32h7xx_hal_qspi.c **** {
1868:Drivers/STM32H7xx_HAL_Driver/Src/stm32h7xx_hal_qspi.c ****   /* Prevent unused argument(s) compilation warning */
1869:Drivers/STM32H7xx_HAL_Driver/Src/stm32h7xx_hal_qspi.c ****   UNUSED(hqspi);
1870:Drivers/STM32H7xx_HAL_Driver/Src/stm32h7xx_hal_qspi.c **** 
1871:Drivers/STM32H7xx_HAL_Driver/Src/stm32h7xx_hal_qspi.c ****   /* NOTE : This function should not be modified, when the callback is needed,
1872:Drivers/STM32H7xx_HAL_Driver/Src/stm32h7xx_hal_qspi.c ****             the HAL_QSPI_FIFOThresholdCallback could be implemented in the user file
1873:Drivers/STM32H7xx_HAL_Driver/Src/stm32h7xx_hal_qspi.c ****    */
1874:Drivers/STM32H7xx_HAL_Driver/Src/stm32h7xx_hal_qspi.c **** }
1875:Drivers/STM32H7xx_HAL_Driver/Src/stm32h7xx_hal_qspi.c **** 
1876:Drivers/STM32H7xx_HAL_Driver/Src/stm32h7xx_hal_qspi.c **** /**
1877:Drivers/STM32H7xx_HAL_Driver/Src/stm32h7xx_hal_qspi.c ****   * @brief  Status Match callback.
1878:Drivers/STM32H7xx_HAL_Driver/Src/stm32h7xx_hal_qspi.c ****   * @param  hqspi QSPI handle
1879:Drivers/STM32H7xx_HAL_Driver/Src/stm32h7xx_hal_qspi.c ****   * @retval None
1880:Drivers/STM32H7xx_HAL_Driver/Src/stm32h7xx_hal_qspi.c ****   */
1881:Drivers/STM32H7xx_HAL_Driver/Src/stm32h7xx_hal_qspi.c **** __weak void HAL_QSPI_StatusMatchCallback(QSPI_HandleTypeDef *hqspi)
1882:Drivers/STM32H7xx_HAL_Driver/Src/stm32h7xx_hal_qspi.c **** {
1883:Drivers/STM32H7xx_HAL_Driver/Src/stm32h7xx_hal_qspi.c ****   /* Prevent unused argument(s) compilation warning */
1884:Drivers/STM32H7xx_HAL_Driver/Src/stm32h7xx_hal_qspi.c ****   UNUSED(hqspi);
1885:Drivers/STM32H7xx_HAL_Driver/Src/stm32h7xx_hal_qspi.c **** 
1886:Drivers/STM32H7xx_HAL_Driver/Src/stm32h7xx_hal_qspi.c ****   /* NOTE : This function should not be modified, when the callback is needed,
1887:Drivers/STM32H7xx_HAL_Driver/Src/stm32h7xx_hal_qspi.c ****             the HAL_QSPI_StatusMatchCallback could be implemented in the user file
1888:Drivers/STM32H7xx_HAL_Driver/Src/stm32h7xx_hal_qspi.c ****    */
1889:Drivers/STM32H7xx_HAL_Driver/Src/stm32h7xx_hal_qspi.c **** }
1890:Drivers/STM32H7xx_HAL_Driver/Src/stm32h7xx_hal_qspi.c **** 
1891:Drivers/STM32H7xx_HAL_Driver/Src/stm32h7xx_hal_qspi.c **** /**
1892:Drivers/STM32H7xx_HAL_Driver/Src/stm32h7xx_hal_qspi.c ****   * @brief  Timeout callback.
1893:Drivers/STM32H7xx_HAL_Driver/Src/stm32h7xx_hal_qspi.c ****   * @param  hqspi QSPI handle
1894:Drivers/STM32H7xx_HAL_Driver/Src/stm32h7xx_hal_qspi.c ****   * @retval None
1895:Drivers/STM32H7xx_HAL_Driver/Src/stm32h7xx_hal_qspi.c ****   */
1896:Drivers/STM32H7xx_HAL_Driver/Src/stm32h7xx_hal_qspi.c **** __weak void HAL_QSPI_TimeOutCallback(QSPI_HandleTypeDef *hqspi)
1897:Drivers/STM32H7xx_HAL_Driver/Src/stm32h7xx_hal_qspi.c **** {
1898:Drivers/STM32H7xx_HAL_Driver/Src/stm32h7xx_hal_qspi.c ****   /* Prevent unused argument(s) compilation warning */
1899:Drivers/STM32H7xx_HAL_Driver/Src/stm32h7xx_hal_qspi.c ****   UNUSED(hqspi);
1900:Drivers/STM32H7xx_HAL_Driver/Src/stm32h7xx_hal_qspi.c **** 
1901:Drivers/STM32H7xx_HAL_Driver/Src/stm32h7xx_hal_qspi.c ****   /* NOTE : This function should not be modified, when the callback is needed,
1902:Drivers/STM32H7xx_HAL_Driver/Src/stm32h7xx_hal_qspi.c ****             the HAL_QSPI_TimeOutCallback could be implemented in the user file
1903:Drivers/STM32H7xx_HAL_Driver/Src/stm32h7xx_hal_qspi.c ****    */
1904:Drivers/STM32H7xx_HAL_Driver/Src/stm32h7xx_hal_qspi.c **** }
1905:Drivers/STM32H7xx_HAL_Driver/Src/stm32h7xx_hal_qspi.c **** #if (USE_HAL_QSPI_REGISTER_CALLBACKS == 1)
1906:Drivers/STM32H7xx_HAL_Driver/Src/stm32h7xx_hal_qspi.c **** /**
1907:Drivers/STM32H7xx_HAL_Driver/Src/stm32h7xx_hal_qspi.c ****   * @brief  Register a User QSPI Callback
1908:Drivers/STM32H7xx_HAL_Driver/Src/stm32h7xx_hal_qspi.c ****   *         To be used to override the weak predefined callback
1909:Drivers/STM32H7xx_HAL_Driver/Src/stm32h7xx_hal_qspi.c ****   * @param hqspi QSPI handle
1910:Drivers/STM32H7xx_HAL_Driver/Src/stm32h7xx_hal_qspi.c ****   * @param CallbackId ID of the callback to be registered
1911:Drivers/STM32H7xx_HAL_Driver/Src/stm32h7xx_hal_qspi.c ****   *        This parameter can be one of the following values:
1912:Drivers/STM32H7xx_HAL_Driver/Src/stm32h7xx_hal_qspi.c ****   *          @arg @ref HAL_QSPI_ERROR_CB_ID          QSPI Error Callback ID
ARM GAS  C:\Users\12491\AppData\Local\Temp\ccCAIkbk.s 			page 35


1913:Drivers/STM32H7xx_HAL_Driver/Src/stm32h7xx_hal_qspi.c ****   *          @arg @ref HAL_QSPI_ABORT_CB_ID          QSPI Abort Callback ID
1914:Drivers/STM32H7xx_HAL_Driver/Src/stm32h7xx_hal_qspi.c ****   *          @arg @ref HAL_QSPI_FIFO_THRESHOLD_CB_ID QSPI FIFO Threshold Callback ID
1915:Drivers/STM32H7xx_HAL_Driver/Src/stm32h7xx_hal_qspi.c ****   *          @arg @ref HAL_QSPI_CMD_CPLT_CB_ID       QSPI Command Complete Callback ID
1916:Drivers/STM32H7xx_HAL_Driver/Src/stm32h7xx_hal_qspi.c ****   *          @arg @ref HAL_QSPI_RX_CPLT_CB_ID        QSPI Rx Complete Callback ID
1917:Drivers/STM32H7xx_HAL_Driver/Src/stm32h7xx_hal_qspi.c ****   *          @arg @ref HAL_QSPI_TX_CPLT_CB_ID        QSPI Tx Complete Callback ID
1918:Drivers/STM32H7xx_HAL_Driver/Src/stm32h7xx_hal_qspi.c ****   *          @arg @ref HAL_QSPI_STATUS_MATCH_CB_ID   QSPI Status Match Callback ID
1919:Drivers/STM32H7xx_HAL_Driver/Src/stm32h7xx_hal_qspi.c ****   *          @arg @ref HAL_QSPI_TIMEOUT_CB_ID        QSPI Timeout Callback ID
1920:Drivers/STM32H7xx_HAL_Driver/Src/stm32h7xx_hal_qspi.c ****   *          @arg @ref HAL_QSPI_MSP_INIT_CB_ID       QSPI MspInit callback ID
1921:Drivers/STM32H7xx_HAL_Driver/Src/stm32h7xx_hal_qspi.c ****   *          @arg @ref HAL_QSPI_MSP_DEINIT_CB_ID     QSPI MspDeInit callback ID
1922:Drivers/STM32H7xx_HAL_Driver/Src/stm32h7xx_hal_qspi.c ****   * @param pCallback pointer to the Callback function
1923:Drivers/STM32H7xx_HAL_Driver/Src/stm32h7xx_hal_qspi.c ****   * @retval status
1924:Drivers/STM32H7xx_HAL_Driver/Src/stm32h7xx_hal_qspi.c ****   */
1925:Drivers/STM32H7xx_HAL_Driver/Src/stm32h7xx_hal_qspi.c **** HAL_StatusTypeDef HAL_QSPI_RegisterCallback (QSPI_HandleTypeDef *hqspi, HAL_QSPI_CallbackIDTypeDef 
1926:Drivers/STM32H7xx_HAL_Driver/Src/stm32h7xx_hal_qspi.c **** {
1927:Drivers/STM32H7xx_HAL_Driver/Src/stm32h7xx_hal_qspi.c ****   HAL_StatusTypeDef status = HAL_OK;
1928:Drivers/STM32H7xx_HAL_Driver/Src/stm32h7xx_hal_qspi.c **** 
1929:Drivers/STM32H7xx_HAL_Driver/Src/stm32h7xx_hal_qspi.c ****   if(pCallback == NULL)
1930:Drivers/STM32H7xx_HAL_Driver/Src/stm32h7xx_hal_qspi.c ****   {
1931:Drivers/STM32H7xx_HAL_Driver/Src/stm32h7xx_hal_qspi.c ****     /* Update the error code */
1932:Drivers/STM32H7xx_HAL_Driver/Src/stm32h7xx_hal_qspi.c ****     hqspi->ErrorCode |= HAL_QSPI_ERROR_INVALID_CALLBACK;
1933:Drivers/STM32H7xx_HAL_Driver/Src/stm32h7xx_hal_qspi.c ****     return HAL_ERROR;
1934:Drivers/STM32H7xx_HAL_Driver/Src/stm32h7xx_hal_qspi.c ****   }
1935:Drivers/STM32H7xx_HAL_Driver/Src/stm32h7xx_hal_qspi.c **** 
1936:Drivers/STM32H7xx_HAL_Driver/Src/stm32h7xx_hal_qspi.c ****   /* Process locked */
1937:Drivers/STM32H7xx_HAL_Driver/Src/stm32h7xx_hal_qspi.c ****   __HAL_LOCK(hqspi);
1938:Drivers/STM32H7xx_HAL_Driver/Src/stm32h7xx_hal_qspi.c **** 
1939:Drivers/STM32H7xx_HAL_Driver/Src/stm32h7xx_hal_qspi.c ****   if(hqspi->State == HAL_QSPI_STATE_READY)
1940:Drivers/STM32H7xx_HAL_Driver/Src/stm32h7xx_hal_qspi.c ****   {
1941:Drivers/STM32H7xx_HAL_Driver/Src/stm32h7xx_hal_qspi.c ****     switch (CallbackId)
1942:Drivers/STM32H7xx_HAL_Driver/Src/stm32h7xx_hal_qspi.c ****     {
1943:Drivers/STM32H7xx_HAL_Driver/Src/stm32h7xx_hal_qspi.c ****     case  HAL_QSPI_ERROR_CB_ID :
1944:Drivers/STM32H7xx_HAL_Driver/Src/stm32h7xx_hal_qspi.c ****       hqspi->ErrorCallback = pCallback;
1945:Drivers/STM32H7xx_HAL_Driver/Src/stm32h7xx_hal_qspi.c ****       break;
1946:Drivers/STM32H7xx_HAL_Driver/Src/stm32h7xx_hal_qspi.c ****     case HAL_QSPI_ABORT_CB_ID :
1947:Drivers/STM32H7xx_HAL_Driver/Src/stm32h7xx_hal_qspi.c ****       hqspi->AbortCpltCallback = pCallback;
1948:Drivers/STM32H7xx_HAL_Driver/Src/stm32h7xx_hal_qspi.c ****       break;
1949:Drivers/STM32H7xx_HAL_Driver/Src/stm32h7xx_hal_qspi.c ****     case HAL_QSPI_FIFO_THRESHOLD_CB_ID :
1950:Drivers/STM32H7xx_HAL_Driver/Src/stm32h7xx_hal_qspi.c ****       hqspi->FifoThresholdCallback = pCallback;
1951:Drivers/STM32H7xx_HAL_Driver/Src/stm32h7xx_hal_qspi.c ****       break;
1952:Drivers/STM32H7xx_HAL_Driver/Src/stm32h7xx_hal_qspi.c ****     case HAL_QSPI_CMD_CPLT_CB_ID :
1953:Drivers/STM32H7xx_HAL_Driver/Src/stm32h7xx_hal_qspi.c ****       hqspi->CmdCpltCallback = pCallback;
1954:Drivers/STM32H7xx_HAL_Driver/Src/stm32h7xx_hal_qspi.c ****       break;
1955:Drivers/STM32H7xx_HAL_Driver/Src/stm32h7xx_hal_qspi.c ****     case HAL_QSPI_RX_CPLT_CB_ID :
1956:Drivers/STM32H7xx_HAL_Driver/Src/stm32h7xx_hal_qspi.c ****       hqspi->RxCpltCallback = pCallback;
1957:Drivers/STM32H7xx_HAL_Driver/Src/stm32h7xx_hal_qspi.c ****       break;
1958:Drivers/STM32H7xx_HAL_Driver/Src/stm32h7xx_hal_qspi.c ****     case HAL_QSPI_TX_CPLT_CB_ID :
1959:Drivers/STM32H7xx_HAL_Driver/Src/stm32h7xx_hal_qspi.c ****       hqspi->TxCpltCallback = pCallback;
1960:Drivers/STM32H7xx_HAL_Driver/Src/stm32h7xx_hal_qspi.c ****       break;
1961:Drivers/STM32H7xx_HAL_Driver/Src/stm32h7xx_hal_qspi.c ****     case HAL_QSPI_STATUS_MATCH_CB_ID :
1962:Drivers/STM32H7xx_HAL_Driver/Src/stm32h7xx_hal_qspi.c ****       hqspi->StatusMatchCallback = pCallback;
1963:Drivers/STM32H7xx_HAL_Driver/Src/stm32h7xx_hal_qspi.c ****       break;
1964:Drivers/STM32H7xx_HAL_Driver/Src/stm32h7xx_hal_qspi.c ****     case HAL_QSPI_TIMEOUT_CB_ID :
1965:Drivers/STM32H7xx_HAL_Driver/Src/stm32h7xx_hal_qspi.c ****       hqspi->TimeOutCallback = pCallback;
1966:Drivers/STM32H7xx_HAL_Driver/Src/stm32h7xx_hal_qspi.c ****       break;
1967:Drivers/STM32H7xx_HAL_Driver/Src/stm32h7xx_hal_qspi.c ****     case HAL_QSPI_MSP_INIT_CB_ID :
1968:Drivers/STM32H7xx_HAL_Driver/Src/stm32h7xx_hal_qspi.c ****       hqspi->MspInitCallback = pCallback;
1969:Drivers/STM32H7xx_HAL_Driver/Src/stm32h7xx_hal_qspi.c ****       break;
ARM GAS  C:\Users\12491\AppData\Local\Temp\ccCAIkbk.s 			page 36


1970:Drivers/STM32H7xx_HAL_Driver/Src/stm32h7xx_hal_qspi.c ****     case HAL_QSPI_MSP_DEINIT_CB_ID :
1971:Drivers/STM32H7xx_HAL_Driver/Src/stm32h7xx_hal_qspi.c ****       hqspi->MspDeInitCallback = pCallback;
1972:Drivers/STM32H7xx_HAL_Driver/Src/stm32h7xx_hal_qspi.c ****       break;
1973:Drivers/STM32H7xx_HAL_Driver/Src/stm32h7xx_hal_qspi.c ****     default :
1974:Drivers/STM32H7xx_HAL_Driver/Src/stm32h7xx_hal_qspi.c ****       /* Update the error code */
1975:Drivers/STM32H7xx_HAL_Driver/Src/stm32h7xx_hal_qspi.c ****       hqspi->ErrorCode |= HAL_QSPI_ERROR_INVALID_CALLBACK;
1976:Drivers/STM32H7xx_HAL_Driver/Src/stm32h7xx_hal_qspi.c ****       /* update return status */
1977:Drivers/STM32H7xx_HAL_Driver/Src/stm32h7xx_hal_qspi.c ****       status =  HAL_ERROR;
1978:Drivers/STM32H7xx_HAL_Driver/Src/stm32h7xx_hal_qspi.c ****       break;
1979:Drivers/STM32H7xx_HAL_Driver/Src/stm32h7xx_hal_qspi.c ****     }
1980:Drivers/STM32H7xx_HAL_Driver/Src/stm32h7xx_hal_qspi.c ****   }
1981:Drivers/STM32H7xx_HAL_Driver/Src/stm32h7xx_hal_qspi.c ****   else if (hqspi->State == HAL_QSPI_STATE_RESET)
1982:Drivers/STM32H7xx_HAL_Driver/Src/stm32h7xx_hal_qspi.c ****   {
1983:Drivers/STM32H7xx_HAL_Driver/Src/stm32h7xx_hal_qspi.c ****     switch (CallbackId)
1984:Drivers/STM32H7xx_HAL_Driver/Src/stm32h7xx_hal_qspi.c ****     {
1985:Drivers/STM32H7xx_HAL_Driver/Src/stm32h7xx_hal_qspi.c ****     case HAL_QSPI_MSP_INIT_CB_ID :
1986:Drivers/STM32H7xx_HAL_Driver/Src/stm32h7xx_hal_qspi.c ****       hqspi->MspInitCallback = pCallback;
1987:Drivers/STM32H7xx_HAL_Driver/Src/stm32h7xx_hal_qspi.c ****       break;
1988:Drivers/STM32H7xx_HAL_Driver/Src/stm32h7xx_hal_qspi.c ****     case HAL_QSPI_MSP_DEINIT_CB_ID :
1989:Drivers/STM32H7xx_HAL_Driver/Src/stm32h7xx_hal_qspi.c ****       hqspi->MspDeInitCallback = pCallback;
1990:Drivers/STM32H7xx_HAL_Driver/Src/stm32h7xx_hal_qspi.c ****       break;
1991:Drivers/STM32H7xx_HAL_Driver/Src/stm32h7xx_hal_qspi.c ****     default :
1992:Drivers/STM32H7xx_HAL_Driver/Src/stm32h7xx_hal_qspi.c ****       /* Update the error code */
1993:Drivers/STM32H7xx_HAL_Driver/Src/stm32h7xx_hal_qspi.c ****       hqspi->ErrorCode |= HAL_QSPI_ERROR_INVALID_CALLBACK;
1994:Drivers/STM32H7xx_HAL_Driver/Src/stm32h7xx_hal_qspi.c ****       /* update return status */
1995:Drivers/STM32H7xx_HAL_Driver/Src/stm32h7xx_hal_qspi.c ****       status =  HAL_ERROR;
1996:Drivers/STM32H7xx_HAL_Driver/Src/stm32h7xx_hal_qspi.c ****       break;
1997:Drivers/STM32H7xx_HAL_Driver/Src/stm32h7xx_hal_qspi.c ****     }
1998:Drivers/STM32H7xx_HAL_Driver/Src/stm32h7xx_hal_qspi.c ****   }
1999:Drivers/STM32H7xx_HAL_Driver/Src/stm32h7xx_hal_qspi.c ****   else
2000:Drivers/STM32H7xx_HAL_Driver/Src/stm32h7xx_hal_qspi.c ****   {
2001:Drivers/STM32H7xx_HAL_Driver/Src/stm32h7xx_hal_qspi.c ****     /* Update the error code */
2002:Drivers/STM32H7xx_HAL_Driver/Src/stm32h7xx_hal_qspi.c ****     hqspi->ErrorCode |= HAL_QSPI_ERROR_INVALID_CALLBACK;
2003:Drivers/STM32H7xx_HAL_Driver/Src/stm32h7xx_hal_qspi.c ****     /* update return status */
2004:Drivers/STM32H7xx_HAL_Driver/Src/stm32h7xx_hal_qspi.c ****     status =  HAL_ERROR;
2005:Drivers/STM32H7xx_HAL_Driver/Src/stm32h7xx_hal_qspi.c ****   }
2006:Drivers/STM32H7xx_HAL_Driver/Src/stm32h7xx_hal_qspi.c **** 
2007:Drivers/STM32H7xx_HAL_Driver/Src/stm32h7xx_hal_qspi.c ****   /* Release Lock */
2008:Drivers/STM32H7xx_HAL_Driver/Src/stm32h7xx_hal_qspi.c ****   __HAL_UNLOCK(hqspi);
2009:Drivers/STM32H7xx_HAL_Driver/Src/stm32h7xx_hal_qspi.c ****   return status;
2010:Drivers/STM32H7xx_HAL_Driver/Src/stm32h7xx_hal_qspi.c **** }
2011:Drivers/STM32H7xx_HAL_Driver/Src/stm32h7xx_hal_qspi.c **** 
2012:Drivers/STM32H7xx_HAL_Driver/Src/stm32h7xx_hal_qspi.c **** /**
2013:Drivers/STM32H7xx_HAL_Driver/Src/stm32h7xx_hal_qspi.c ****   * @brief  Unregister a User QSPI Callback
2014:Drivers/STM32H7xx_HAL_Driver/Src/stm32h7xx_hal_qspi.c ****   *         QSPI Callback is redirected to the weak predefined callback
2015:Drivers/STM32H7xx_HAL_Driver/Src/stm32h7xx_hal_qspi.c ****   * @param hqspi QSPI handle
2016:Drivers/STM32H7xx_HAL_Driver/Src/stm32h7xx_hal_qspi.c ****   * @param CallbackId ID of the callback to be unregistered
2017:Drivers/STM32H7xx_HAL_Driver/Src/stm32h7xx_hal_qspi.c ****   *        This parameter can be one of the following values:
2018:Drivers/STM32H7xx_HAL_Driver/Src/stm32h7xx_hal_qspi.c ****   *          @arg @ref HAL_QSPI_ERROR_CB_ID          QSPI Error Callback ID
2019:Drivers/STM32H7xx_HAL_Driver/Src/stm32h7xx_hal_qspi.c ****   *          @arg @ref HAL_QSPI_ABORT_CB_ID          QSPI Abort Callback ID
2020:Drivers/STM32H7xx_HAL_Driver/Src/stm32h7xx_hal_qspi.c ****   *          @arg @ref HAL_QSPI_FIFO_THRESHOLD_CB_ID QSPI FIFO Threshold Callback ID
2021:Drivers/STM32H7xx_HAL_Driver/Src/stm32h7xx_hal_qspi.c ****   *          @arg @ref HAL_QSPI_CMD_CPLT_CB_ID       QSPI Command Complete Callback ID
2022:Drivers/STM32H7xx_HAL_Driver/Src/stm32h7xx_hal_qspi.c ****   *          @arg @ref HAL_QSPI_RX_CPLT_CB_ID        QSPI Rx Complete Callback ID
2023:Drivers/STM32H7xx_HAL_Driver/Src/stm32h7xx_hal_qspi.c ****   *          @arg @ref HAL_QSPI_TX_CPLT_CB_ID        QSPI Tx Complete Callback ID
2024:Drivers/STM32H7xx_HAL_Driver/Src/stm32h7xx_hal_qspi.c ****   *          @arg @ref HAL_QSPI_STATUS_MATCH_CB_ID   QSPI Status Match Callback ID
2025:Drivers/STM32H7xx_HAL_Driver/Src/stm32h7xx_hal_qspi.c ****   *          @arg @ref HAL_QSPI_TIMEOUT_CB_ID        QSPI Timeout Callback ID
2026:Drivers/STM32H7xx_HAL_Driver/Src/stm32h7xx_hal_qspi.c ****   *          @arg @ref HAL_QSPI_MSP_INIT_CB_ID       QSPI MspInit callback ID
ARM GAS  C:\Users\12491\AppData\Local\Temp\ccCAIkbk.s 			page 37


2027:Drivers/STM32H7xx_HAL_Driver/Src/stm32h7xx_hal_qspi.c ****   *          @arg @ref HAL_QSPI_MSP_DEINIT_CB_ID     QSPI MspDeInit callback ID
2028:Drivers/STM32H7xx_HAL_Driver/Src/stm32h7xx_hal_qspi.c ****   * @retval status
2029:Drivers/STM32H7xx_HAL_Driver/Src/stm32h7xx_hal_qspi.c ****   */
2030:Drivers/STM32H7xx_HAL_Driver/Src/stm32h7xx_hal_qspi.c **** HAL_StatusTypeDef HAL_QSPI_UnRegisterCallback (QSPI_HandleTypeDef *hqspi, HAL_QSPI_CallbackIDTypeDe
2031:Drivers/STM32H7xx_HAL_Driver/Src/stm32h7xx_hal_qspi.c **** {
2032:Drivers/STM32H7xx_HAL_Driver/Src/stm32h7xx_hal_qspi.c ****   HAL_StatusTypeDef status = HAL_OK;
2033:Drivers/STM32H7xx_HAL_Driver/Src/stm32h7xx_hal_qspi.c **** 
2034:Drivers/STM32H7xx_HAL_Driver/Src/stm32h7xx_hal_qspi.c ****   /* Process locked */
2035:Drivers/STM32H7xx_HAL_Driver/Src/stm32h7xx_hal_qspi.c ****   __HAL_LOCK(hqspi);
2036:Drivers/STM32H7xx_HAL_Driver/Src/stm32h7xx_hal_qspi.c **** 
2037:Drivers/STM32H7xx_HAL_Driver/Src/stm32h7xx_hal_qspi.c ****   if(hqspi->State == HAL_QSPI_STATE_READY)
2038:Drivers/STM32H7xx_HAL_Driver/Src/stm32h7xx_hal_qspi.c ****   {
2039:Drivers/STM32H7xx_HAL_Driver/Src/stm32h7xx_hal_qspi.c ****     switch (CallbackId)
2040:Drivers/STM32H7xx_HAL_Driver/Src/stm32h7xx_hal_qspi.c ****     {
2041:Drivers/STM32H7xx_HAL_Driver/Src/stm32h7xx_hal_qspi.c ****     case  HAL_QSPI_ERROR_CB_ID :
2042:Drivers/STM32H7xx_HAL_Driver/Src/stm32h7xx_hal_qspi.c ****       hqspi->ErrorCallback = HAL_QSPI_ErrorCallback;
2043:Drivers/STM32H7xx_HAL_Driver/Src/stm32h7xx_hal_qspi.c ****       break;
2044:Drivers/STM32H7xx_HAL_Driver/Src/stm32h7xx_hal_qspi.c ****     case HAL_QSPI_ABORT_CB_ID :
2045:Drivers/STM32H7xx_HAL_Driver/Src/stm32h7xx_hal_qspi.c ****       hqspi->AbortCpltCallback = HAL_QSPI_AbortCpltCallback;
2046:Drivers/STM32H7xx_HAL_Driver/Src/stm32h7xx_hal_qspi.c ****       break;
2047:Drivers/STM32H7xx_HAL_Driver/Src/stm32h7xx_hal_qspi.c ****     case HAL_QSPI_FIFO_THRESHOLD_CB_ID :
2048:Drivers/STM32H7xx_HAL_Driver/Src/stm32h7xx_hal_qspi.c ****       hqspi->FifoThresholdCallback = HAL_QSPI_FifoThresholdCallback;
2049:Drivers/STM32H7xx_HAL_Driver/Src/stm32h7xx_hal_qspi.c ****       break;
2050:Drivers/STM32H7xx_HAL_Driver/Src/stm32h7xx_hal_qspi.c ****     case HAL_QSPI_CMD_CPLT_CB_ID :
2051:Drivers/STM32H7xx_HAL_Driver/Src/stm32h7xx_hal_qspi.c ****       hqspi->CmdCpltCallback = HAL_QSPI_CmdCpltCallback;
2052:Drivers/STM32H7xx_HAL_Driver/Src/stm32h7xx_hal_qspi.c ****       break;
2053:Drivers/STM32H7xx_HAL_Driver/Src/stm32h7xx_hal_qspi.c ****     case HAL_QSPI_RX_CPLT_CB_ID :
2054:Drivers/STM32H7xx_HAL_Driver/Src/stm32h7xx_hal_qspi.c ****       hqspi->RxCpltCallback = HAL_QSPI_RxCpltCallback;
2055:Drivers/STM32H7xx_HAL_Driver/Src/stm32h7xx_hal_qspi.c ****       break;
2056:Drivers/STM32H7xx_HAL_Driver/Src/stm32h7xx_hal_qspi.c ****     case HAL_QSPI_TX_CPLT_CB_ID :
2057:Drivers/STM32H7xx_HAL_Driver/Src/stm32h7xx_hal_qspi.c ****       hqspi->TxCpltCallback = HAL_QSPI_TxCpltCallback;
2058:Drivers/STM32H7xx_HAL_Driver/Src/stm32h7xx_hal_qspi.c ****       break;
2059:Drivers/STM32H7xx_HAL_Driver/Src/stm32h7xx_hal_qspi.c ****     case HAL_QSPI_STATUS_MATCH_CB_ID :
2060:Drivers/STM32H7xx_HAL_Driver/Src/stm32h7xx_hal_qspi.c ****       hqspi->StatusMatchCallback = HAL_QSPI_StatusMatchCallback;
2061:Drivers/STM32H7xx_HAL_Driver/Src/stm32h7xx_hal_qspi.c ****       break;
2062:Drivers/STM32H7xx_HAL_Driver/Src/stm32h7xx_hal_qspi.c ****     case HAL_QSPI_TIMEOUT_CB_ID :
2063:Drivers/STM32H7xx_HAL_Driver/Src/stm32h7xx_hal_qspi.c ****       hqspi->TimeOutCallback = HAL_QSPI_TimeOutCallback;
2064:Drivers/STM32H7xx_HAL_Driver/Src/stm32h7xx_hal_qspi.c ****       break;
2065:Drivers/STM32H7xx_HAL_Driver/Src/stm32h7xx_hal_qspi.c ****     case HAL_QSPI_MSP_INIT_CB_ID :
2066:Drivers/STM32H7xx_HAL_Driver/Src/stm32h7xx_hal_qspi.c ****       hqspi->MspInitCallback = HAL_QSPI_MspInit;
2067:Drivers/STM32H7xx_HAL_Driver/Src/stm32h7xx_hal_qspi.c ****       break;
2068:Drivers/STM32H7xx_HAL_Driver/Src/stm32h7xx_hal_qspi.c ****     case HAL_QSPI_MSP_DEINIT_CB_ID :
2069:Drivers/STM32H7xx_HAL_Driver/Src/stm32h7xx_hal_qspi.c ****       hqspi->MspDeInitCallback = HAL_QSPI_MspDeInit;
2070:Drivers/STM32H7xx_HAL_Driver/Src/stm32h7xx_hal_qspi.c ****       break;
2071:Drivers/STM32H7xx_HAL_Driver/Src/stm32h7xx_hal_qspi.c ****     default :
2072:Drivers/STM32H7xx_HAL_Driver/Src/stm32h7xx_hal_qspi.c ****       /* Update the error code */
2073:Drivers/STM32H7xx_HAL_Driver/Src/stm32h7xx_hal_qspi.c ****       hqspi->ErrorCode |= HAL_QSPI_ERROR_INVALID_CALLBACK;
2074:Drivers/STM32H7xx_HAL_Driver/Src/stm32h7xx_hal_qspi.c ****       /* update return status */
2075:Drivers/STM32H7xx_HAL_Driver/Src/stm32h7xx_hal_qspi.c ****       status =  HAL_ERROR;
2076:Drivers/STM32H7xx_HAL_Driver/Src/stm32h7xx_hal_qspi.c ****       break;
2077:Drivers/STM32H7xx_HAL_Driver/Src/stm32h7xx_hal_qspi.c ****     }
2078:Drivers/STM32H7xx_HAL_Driver/Src/stm32h7xx_hal_qspi.c ****   }
2079:Drivers/STM32H7xx_HAL_Driver/Src/stm32h7xx_hal_qspi.c ****   else if (hqspi->State == HAL_QSPI_STATE_RESET)
2080:Drivers/STM32H7xx_HAL_Driver/Src/stm32h7xx_hal_qspi.c ****   {
2081:Drivers/STM32H7xx_HAL_Driver/Src/stm32h7xx_hal_qspi.c ****     switch (CallbackId)
2082:Drivers/STM32H7xx_HAL_Driver/Src/stm32h7xx_hal_qspi.c ****     {
2083:Drivers/STM32H7xx_HAL_Driver/Src/stm32h7xx_hal_qspi.c ****     case HAL_QSPI_MSP_INIT_CB_ID :
ARM GAS  C:\Users\12491\AppData\Local\Temp\ccCAIkbk.s 			page 38


2084:Drivers/STM32H7xx_HAL_Driver/Src/stm32h7xx_hal_qspi.c ****       hqspi->MspInitCallback = HAL_QSPI_MspInit;
2085:Drivers/STM32H7xx_HAL_Driver/Src/stm32h7xx_hal_qspi.c ****       break;
2086:Drivers/STM32H7xx_HAL_Driver/Src/stm32h7xx_hal_qspi.c ****     case HAL_QSPI_MSP_DEINIT_CB_ID :
2087:Drivers/STM32H7xx_HAL_Driver/Src/stm32h7xx_hal_qspi.c ****       hqspi->MspDeInitCallback = HAL_QSPI_MspDeInit;
2088:Drivers/STM32H7xx_HAL_Driver/Src/stm32h7xx_hal_qspi.c ****       break;
2089:Drivers/STM32H7xx_HAL_Driver/Src/stm32h7xx_hal_qspi.c ****     default :
2090:Drivers/STM32H7xx_HAL_Driver/Src/stm32h7xx_hal_qspi.c ****       /* Update the error code */
2091:Drivers/STM32H7xx_HAL_Driver/Src/stm32h7xx_hal_qspi.c ****       hqspi->ErrorCode |= HAL_QSPI_ERROR_INVALID_CALLBACK;
2092:Drivers/STM32H7xx_HAL_Driver/Src/stm32h7xx_hal_qspi.c ****       /* update return status */
2093:Drivers/STM32H7xx_HAL_Driver/Src/stm32h7xx_hal_qspi.c ****       status =  HAL_ERROR;
2094:Drivers/STM32H7xx_HAL_Driver/Src/stm32h7xx_hal_qspi.c ****       break;
2095:Drivers/STM32H7xx_HAL_Driver/Src/stm32h7xx_hal_qspi.c ****     }
2096:Drivers/STM32H7xx_HAL_Driver/Src/stm32h7xx_hal_qspi.c ****   }
2097:Drivers/STM32H7xx_HAL_Driver/Src/stm32h7xx_hal_qspi.c ****   else
2098:Drivers/STM32H7xx_HAL_Driver/Src/stm32h7xx_hal_qspi.c ****   {
2099:Drivers/STM32H7xx_HAL_Driver/Src/stm32h7xx_hal_qspi.c ****     /* Update the error code */
2100:Drivers/STM32H7xx_HAL_Driver/Src/stm32h7xx_hal_qspi.c ****     hqspi->ErrorCode |= HAL_QSPI_ERROR_INVALID_CALLBACK;
2101:Drivers/STM32H7xx_HAL_Driver/Src/stm32h7xx_hal_qspi.c ****     /* update return status */
2102:Drivers/STM32H7xx_HAL_Driver/Src/stm32h7xx_hal_qspi.c ****     status =  HAL_ERROR;
2103:Drivers/STM32H7xx_HAL_Driver/Src/stm32h7xx_hal_qspi.c ****   }
2104:Drivers/STM32H7xx_HAL_Driver/Src/stm32h7xx_hal_qspi.c **** 
2105:Drivers/STM32H7xx_HAL_Driver/Src/stm32h7xx_hal_qspi.c ****   /* Release Lock */
2106:Drivers/STM32H7xx_HAL_Driver/Src/stm32h7xx_hal_qspi.c ****   __HAL_UNLOCK(hqspi);
2107:Drivers/STM32H7xx_HAL_Driver/Src/stm32h7xx_hal_qspi.c ****   return status;
2108:Drivers/STM32H7xx_HAL_Driver/Src/stm32h7xx_hal_qspi.c **** }
2109:Drivers/STM32H7xx_HAL_Driver/Src/stm32h7xx_hal_qspi.c **** #endif
2110:Drivers/STM32H7xx_HAL_Driver/Src/stm32h7xx_hal_qspi.c **** 
2111:Drivers/STM32H7xx_HAL_Driver/Src/stm32h7xx_hal_qspi.c **** /**
2112:Drivers/STM32H7xx_HAL_Driver/Src/stm32h7xx_hal_qspi.c ****   * @}
2113:Drivers/STM32H7xx_HAL_Driver/Src/stm32h7xx_hal_qspi.c ****   */
2114:Drivers/STM32H7xx_HAL_Driver/Src/stm32h7xx_hal_qspi.c **** 
2115:Drivers/STM32H7xx_HAL_Driver/Src/stm32h7xx_hal_qspi.c **** /** @defgroup QSPI_Exported_Functions_Group3 Peripheral Control and State functions
2116:Drivers/STM32H7xx_HAL_Driver/Src/stm32h7xx_hal_qspi.c ****   *  @brief   QSPI control and State functions
2117:Drivers/STM32H7xx_HAL_Driver/Src/stm32h7xx_hal_qspi.c ****   *
2118:Drivers/STM32H7xx_HAL_Driver/Src/stm32h7xx_hal_qspi.c **** @verbatim
2119:Drivers/STM32H7xx_HAL_Driver/Src/stm32h7xx_hal_qspi.c ****  ===============================================================================
2120:Drivers/STM32H7xx_HAL_Driver/Src/stm32h7xx_hal_qspi.c ****                   ##### Peripheral Control and State functions #####
2121:Drivers/STM32H7xx_HAL_Driver/Src/stm32h7xx_hal_qspi.c ****  ===============================================================================
2122:Drivers/STM32H7xx_HAL_Driver/Src/stm32h7xx_hal_qspi.c ****     [..]
2123:Drivers/STM32H7xx_HAL_Driver/Src/stm32h7xx_hal_qspi.c ****     This subsection provides a set of functions allowing to :
2124:Drivers/STM32H7xx_HAL_Driver/Src/stm32h7xx_hal_qspi.c ****       (+) Check in run-time the state of the driver.
2125:Drivers/STM32H7xx_HAL_Driver/Src/stm32h7xx_hal_qspi.c ****       (+) Check the error code set during last operation.
2126:Drivers/STM32H7xx_HAL_Driver/Src/stm32h7xx_hal_qspi.c ****       (+) Abort any operation.
2127:Drivers/STM32H7xx_HAL_Driver/Src/stm32h7xx_hal_qspi.c **** 
2128:Drivers/STM32H7xx_HAL_Driver/Src/stm32h7xx_hal_qspi.c **** 
2129:Drivers/STM32H7xx_HAL_Driver/Src/stm32h7xx_hal_qspi.c **** @endverbatim
2130:Drivers/STM32H7xx_HAL_Driver/Src/stm32h7xx_hal_qspi.c ****   * @{
2131:Drivers/STM32H7xx_HAL_Driver/Src/stm32h7xx_hal_qspi.c ****   */
2132:Drivers/STM32H7xx_HAL_Driver/Src/stm32h7xx_hal_qspi.c **** 
2133:Drivers/STM32H7xx_HAL_Driver/Src/stm32h7xx_hal_qspi.c **** /**
2134:Drivers/STM32H7xx_HAL_Driver/Src/stm32h7xx_hal_qspi.c ****   * @brief  Return the QSPI handle state.
2135:Drivers/STM32H7xx_HAL_Driver/Src/stm32h7xx_hal_qspi.c ****   * @param  hqspi QSPI handle
2136:Drivers/STM32H7xx_HAL_Driver/Src/stm32h7xx_hal_qspi.c ****   * @retval HAL state
2137:Drivers/STM32H7xx_HAL_Driver/Src/stm32h7xx_hal_qspi.c ****   */
2138:Drivers/STM32H7xx_HAL_Driver/Src/stm32h7xx_hal_qspi.c **** HAL_QSPI_StateTypeDef HAL_QSPI_GetState(const QSPI_HandleTypeDef *hqspi)
2139:Drivers/STM32H7xx_HAL_Driver/Src/stm32h7xx_hal_qspi.c **** {
2140:Drivers/STM32H7xx_HAL_Driver/Src/stm32h7xx_hal_qspi.c ****   /* Return QSPI handle state */
ARM GAS  C:\Users\12491\AppData\Local\Temp\ccCAIkbk.s 			page 39


2141:Drivers/STM32H7xx_HAL_Driver/Src/stm32h7xx_hal_qspi.c ****   return hqspi->State;
2142:Drivers/STM32H7xx_HAL_Driver/Src/stm32h7xx_hal_qspi.c **** }
2143:Drivers/STM32H7xx_HAL_Driver/Src/stm32h7xx_hal_qspi.c **** 
2144:Drivers/STM32H7xx_HAL_Driver/Src/stm32h7xx_hal_qspi.c **** /**
2145:Drivers/STM32H7xx_HAL_Driver/Src/stm32h7xx_hal_qspi.c **** * @brief  Return the QSPI error code.
2146:Drivers/STM32H7xx_HAL_Driver/Src/stm32h7xx_hal_qspi.c **** * @param  hqspi QSPI handle
2147:Drivers/STM32H7xx_HAL_Driver/Src/stm32h7xx_hal_qspi.c **** * @retval QSPI Error Code
2148:Drivers/STM32H7xx_HAL_Driver/Src/stm32h7xx_hal_qspi.c **** */
2149:Drivers/STM32H7xx_HAL_Driver/Src/stm32h7xx_hal_qspi.c **** uint32_t HAL_QSPI_GetError(const QSPI_HandleTypeDef *hqspi)
2150:Drivers/STM32H7xx_HAL_Driver/Src/stm32h7xx_hal_qspi.c **** {
2151:Drivers/STM32H7xx_HAL_Driver/Src/stm32h7xx_hal_qspi.c ****   return hqspi->ErrorCode;
2152:Drivers/STM32H7xx_HAL_Driver/Src/stm32h7xx_hal_qspi.c **** }
2153:Drivers/STM32H7xx_HAL_Driver/Src/stm32h7xx_hal_qspi.c **** 
2154:Drivers/STM32H7xx_HAL_Driver/Src/stm32h7xx_hal_qspi.c **** /**
2155:Drivers/STM32H7xx_HAL_Driver/Src/stm32h7xx_hal_qspi.c **** * @brief  Abort the current transmission.
2156:Drivers/STM32H7xx_HAL_Driver/Src/stm32h7xx_hal_qspi.c **** * @param  hqspi QSPI handle
2157:Drivers/STM32H7xx_HAL_Driver/Src/stm32h7xx_hal_qspi.c **** * @retval HAL status
2158:Drivers/STM32H7xx_HAL_Driver/Src/stm32h7xx_hal_qspi.c **** */
2159:Drivers/STM32H7xx_HAL_Driver/Src/stm32h7xx_hal_qspi.c **** HAL_StatusTypeDef HAL_QSPI_Abort(QSPI_HandleTypeDef *hqspi)
2160:Drivers/STM32H7xx_HAL_Driver/Src/stm32h7xx_hal_qspi.c **** {
2161:Drivers/STM32H7xx_HAL_Driver/Src/stm32h7xx_hal_qspi.c ****   HAL_StatusTypeDef status = HAL_OK;
2162:Drivers/STM32H7xx_HAL_Driver/Src/stm32h7xx_hal_qspi.c ****   uint32_t tickstart = HAL_GetTick();
2163:Drivers/STM32H7xx_HAL_Driver/Src/stm32h7xx_hal_qspi.c **** 
2164:Drivers/STM32H7xx_HAL_Driver/Src/stm32h7xx_hal_qspi.c ****   /* Check if the state is in one of the busy states */
2165:Drivers/STM32H7xx_HAL_Driver/Src/stm32h7xx_hal_qspi.c ****   if (((uint32_t)hqspi->State & 0x2U) != 0U)
2166:Drivers/STM32H7xx_HAL_Driver/Src/stm32h7xx_hal_qspi.c ****   {
2167:Drivers/STM32H7xx_HAL_Driver/Src/stm32h7xx_hal_qspi.c ****     /* Process unlocked */
2168:Drivers/STM32H7xx_HAL_Driver/Src/stm32h7xx_hal_qspi.c ****     __HAL_UNLOCK(hqspi);
2169:Drivers/STM32H7xx_HAL_Driver/Src/stm32h7xx_hal_qspi.c **** 
2170:Drivers/STM32H7xx_HAL_Driver/Src/stm32h7xx_hal_qspi.c ****     if ((hqspi->Instance->CR & QUADSPI_CR_DMAEN) != 0U)
2171:Drivers/STM32H7xx_HAL_Driver/Src/stm32h7xx_hal_qspi.c ****     {
2172:Drivers/STM32H7xx_HAL_Driver/Src/stm32h7xx_hal_qspi.c ****       /* Disable using MDMA by clearing DMAEN, note that DMAEN bit is "reserved"
2173:Drivers/STM32H7xx_HAL_Driver/Src/stm32h7xx_hal_qspi.c ****          but no impact on H7 HW and it minimize the cost in the footprint */
2174:Drivers/STM32H7xx_HAL_Driver/Src/stm32h7xx_hal_qspi.c ****       CLEAR_BIT(hqspi->Instance->CR, QUADSPI_CR_DMAEN);
2175:Drivers/STM32H7xx_HAL_Driver/Src/stm32h7xx_hal_qspi.c **** 
2176:Drivers/STM32H7xx_HAL_Driver/Src/stm32h7xx_hal_qspi.c ****       /* Abort MDMA */
2177:Drivers/STM32H7xx_HAL_Driver/Src/stm32h7xx_hal_qspi.c ****       status = HAL_MDMA_Abort(hqspi->hmdma);
2178:Drivers/STM32H7xx_HAL_Driver/Src/stm32h7xx_hal_qspi.c ****       if(status != HAL_OK)
2179:Drivers/STM32H7xx_HAL_Driver/Src/stm32h7xx_hal_qspi.c ****       {
2180:Drivers/STM32H7xx_HAL_Driver/Src/stm32h7xx_hal_qspi.c ****         hqspi->ErrorCode |= HAL_QSPI_ERROR_DMA;
2181:Drivers/STM32H7xx_HAL_Driver/Src/stm32h7xx_hal_qspi.c ****       }
2182:Drivers/STM32H7xx_HAL_Driver/Src/stm32h7xx_hal_qspi.c ****     }
2183:Drivers/STM32H7xx_HAL_Driver/Src/stm32h7xx_hal_qspi.c **** 
2184:Drivers/STM32H7xx_HAL_Driver/Src/stm32h7xx_hal_qspi.c ****     if (__HAL_QSPI_GET_FLAG(hqspi, QSPI_FLAG_BUSY) != RESET)
2185:Drivers/STM32H7xx_HAL_Driver/Src/stm32h7xx_hal_qspi.c ****     {
2186:Drivers/STM32H7xx_HAL_Driver/Src/stm32h7xx_hal_qspi.c ****       /* Configure QSPI: CR register with Abort request */
2187:Drivers/STM32H7xx_HAL_Driver/Src/stm32h7xx_hal_qspi.c ****       SET_BIT(hqspi->Instance->CR, QUADSPI_CR_ABORT);
2188:Drivers/STM32H7xx_HAL_Driver/Src/stm32h7xx_hal_qspi.c ****       
2189:Drivers/STM32H7xx_HAL_Driver/Src/stm32h7xx_hal_qspi.c ****       /* Wait until TC flag is set to go back in idle state */
2190:Drivers/STM32H7xx_HAL_Driver/Src/stm32h7xx_hal_qspi.c ****       status = QSPI_WaitFlagStateUntilTimeout(hqspi, QSPI_FLAG_TC, SET, tickstart, hqspi->Timeout);
2191:Drivers/STM32H7xx_HAL_Driver/Src/stm32h7xx_hal_qspi.c ****       
2192:Drivers/STM32H7xx_HAL_Driver/Src/stm32h7xx_hal_qspi.c ****       if (status == HAL_OK)
2193:Drivers/STM32H7xx_HAL_Driver/Src/stm32h7xx_hal_qspi.c ****       {
2194:Drivers/STM32H7xx_HAL_Driver/Src/stm32h7xx_hal_qspi.c ****         __HAL_QSPI_CLEAR_FLAG(hqspi, QSPI_FLAG_TC);
2195:Drivers/STM32H7xx_HAL_Driver/Src/stm32h7xx_hal_qspi.c ****         
2196:Drivers/STM32H7xx_HAL_Driver/Src/stm32h7xx_hal_qspi.c ****         /* Wait until BUSY flag is reset */
2197:Drivers/STM32H7xx_HAL_Driver/Src/stm32h7xx_hal_qspi.c ****         status = QSPI_WaitFlagStateUntilTimeout(hqspi, QSPI_FLAG_BUSY, RESET, tickstart, hqspi->Tim
ARM GAS  C:\Users\12491\AppData\Local\Temp\ccCAIkbk.s 			page 40


2198:Drivers/STM32H7xx_HAL_Driver/Src/stm32h7xx_hal_qspi.c ****       }
2199:Drivers/STM32H7xx_HAL_Driver/Src/stm32h7xx_hal_qspi.c **** 
2200:Drivers/STM32H7xx_HAL_Driver/Src/stm32h7xx_hal_qspi.c ****       if (status == HAL_OK)
2201:Drivers/STM32H7xx_HAL_Driver/Src/stm32h7xx_hal_qspi.c ****       {
2202:Drivers/STM32H7xx_HAL_Driver/Src/stm32h7xx_hal_qspi.c ****         /* Reset functional mode configuration to indirect write mode by default */
2203:Drivers/STM32H7xx_HAL_Driver/Src/stm32h7xx_hal_qspi.c ****         CLEAR_BIT(hqspi->Instance->CCR, QUADSPI_CCR_FMODE);
2204:Drivers/STM32H7xx_HAL_Driver/Src/stm32h7xx_hal_qspi.c ****         
2205:Drivers/STM32H7xx_HAL_Driver/Src/stm32h7xx_hal_qspi.c ****         /* Update state */
2206:Drivers/STM32H7xx_HAL_Driver/Src/stm32h7xx_hal_qspi.c ****         hqspi->State = HAL_QSPI_STATE_READY;
2207:Drivers/STM32H7xx_HAL_Driver/Src/stm32h7xx_hal_qspi.c ****       }
2208:Drivers/STM32H7xx_HAL_Driver/Src/stm32h7xx_hal_qspi.c ****     }
2209:Drivers/STM32H7xx_HAL_Driver/Src/stm32h7xx_hal_qspi.c ****     else
2210:Drivers/STM32H7xx_HAL_Driver/Src/stm32h7xx_hal_qspi.c ****     {
2211:Drivers/STM32H7xx_HAL_Driver/Src/stm32h7xx_hal_qspi.c ****       /* Update state */
2212:Drivers/STM32H7xx_HAL_Driver/Src/stm32h7xx_hal_qspi.c ****       hqspi->State = HAL_QSPI_STATE_READY;
2213:Drivers/STM32H7xx_HAL_Driver/Src/stm32h7xx_hal_qspi.c ****     }
2214:Drivers/STM32H7xx_HAL_Driver/Src/stm32h7xx_hal_qspi.c ****   }
2215:Drivers/STM32H7xx_HAL_Driver/Src/stm32h7xx_hal_qspi.c **** 
2216:Drivers/STM32H7xx_HAL_Driver/Src/stm32h7xx_hal_qspi.c ****   return status;
2217:Drivers/STM32H7xx_HAL_Driver/Src/stm32h7xx_hal_qspi.c **** }
2218:Drivers/STM32H7xx_HAL_Driver/Src/stm32h7xx_hal_qspi.c **** 
2219:Drivers/STM32H7xx_HAL_Driver/Src/stm32h7xx_hal_qspi.c **** /**
2220:Drivers/STM32H7xx_HAL_Driver/Src/stm32h7xx_hal_qspi.c **** * @brief  Abort the current transmission (non-blocking function)
2221:Drivers/STM32H7xx_HAL_Driver/Src/stm32h7xx_hal_qspi.c **** * @param  hqspi QSPI handle
2222:Drivers/STM32H7xx_HAL_Driver/Src/stm32h7xx_hal_qspi.c **** * @retval HAL status
2223:Drivers/STM32H7xx_HAL_Driver/Src/stm32h7xx_hal_qspi.c **** */
2224:Drivers/STM32H7xx_HAL_Driver/Src/stm32h7xx_hal_qspi.c **** HAL_StatusTypeDef HAL_QSPI_Abort_IT(QSPI_HandleTypeDef *hqspi)
2225:Drivers/STM32H7xx_HAL_Driver/Src/stm32h7xx_hal_qspi.c **** {
2226:Drivers/STM32H7xx_HAL_Driver/Src/stm32h7xx_hal_qspi.c ****   HAL_StatusTypeDef status = HAL_OK;
2227:Drivers/STM32H7xx_HAL_Driver/Src/stm32h7xx_hal_qspi.c **** 
2228:Drivers/STM32H7xx_HAL_Driver/Src/stm32h7xx_hal_qspi.c ****   /* Check if the state is in one of the busy states */
2229:Drivers/STM32H7xx_HAL_Driver/Src/stm32h7xx_hal_qspi.c ****   if (((uint32_t)hqspi->State & 0x2U) != 0U)
2230:Drivers/STM32H7xx_HAL_Driver/Src/stm32h7xx_hal_qspi.c ****   {
2231:Drivers/STM32H7xx_HAL_Driver/Src/stm32h7xx_hal_qspi.c ****     /* Process unlocked */
2232:Drivers/STM32H7xx_HAL_Driver/Src/stm32h7xx_hal_qspi.c ****     __HAL_UNLOCK(hqspi);
2233:Drivers/STM32H7xx_HAL_Driver/Src/stm32h7xx_hal_qspi.c **** 
2234:Drivers/STM32H7xx_HAL_Driver/Src/stm32h7xx_hal_qspi.c ****     /* Update QSPI state */
2235:Drivers/STM32H7xx_HAL_Driver/Src/stm32h7xx_hal_qspi.c ****     hqspi->State = HAL_QSPI_STATE_ABORT;
2236:Drivers/STM32H7xx_HAL_Driver/Src/stm32h7xx_hal_qspi.c **** 
2237:Drivers/STM32H7xx_HAL_Driver/Src/stm32h7xx_hal_qspi.c ****     /* Disable all interrupts */
2238:Drivers/STM32H7xx_HAL_Driver/Src/stm32h7xx_hal_qspi.c ****     __HAL_QSPI_DISABLE_IT(hqspi, (QSPI_IT_TO | QSPI_IT_SM | QSPI_IT_FT | QSPI_IT_TC | QSPI_IT_TE));
2239:Drivers/STM32H7xx_HAL_Driver/Src/stm32h7xx_hal_qspi.c **** 
2240:Drivers/STM32H7xx_HAL_Driver/Src/stm32h7xx_hal_qspi.c ****     if ((hqspi->Instance->CR & QUADSPI_CR_DMAEN) != 0U)
2241:Drivers/STM32H7xx_HAL_Driver/Src/stm32h7xx_hal_qspi.c ****     {
2242:Drivers/STM32H7xx_HAL_Driver/Src/stm32h7xx_hal_qspi.c ****       /* Disable using MDMA by clearing DMAEN, note that DMAEN bit is "reserved"
2243:Drivers/STM32H7xx_HAL_Driver/Src/stm32h7xx_hal_qspi.c ****          but no impact on H7 HW and it minimize the cost in the footprint */
2244:Drivers/STM32H7xx_HAL_Driver/Src/stm32h7xx_hal_qspi.c ****       CLEAR_BIT(hqspi->Instance->CR, QUADSPI_CR_DMAEN);
2245:Drivers/STM32H7xx_HAL_Driver/Src/stm32h7xx_hal_qspi.c **** 
2246:Drivers/STM32H7xx_HAL_Driver/Src/stm32h7xx_hal_qspi.c ****       /* Abort MDMA channel */
2247:Drivers/STM32H7xx_HAL_Driver/Src/stm32h7xx_hal_qspi.c ****       hqspi->hmdma->XferAbortCallback = QSPI_DMAAbortCplt;
2248:Drivers/STM32H7xx_HAL_Driver/Src/stm32h7xx_hal_qspi.c ****       if (HAL_MDMA_Abort_IT(hqspi->hmdma) != HAL_OK)
2249:Drivers/STM32H7xx_HAL_Driver/Src/stm32h7xx_hal_qspi.c ****       {
2250:Drivers/STM32H7xx_HAL_Driver/Src/stm32h7xx_hal_qspi.c ****         /* Change state of QSPI */
2251:Drivers/STM32H7xx_HAL_Driver/Src/stm32h7xx_hal_qspi.c ****         hqspi->State = HAL_QSPI_STATE_READY;
2252:Drivers/STM32H7xx_HAL_Driver/Src/stm32h7xx_hal_qspi.c **** 
2253:Drivers/STM32H7xx_HAL_Driver/Src/stm32h7xx_hal_qspi.c ****         /* Abort Complete callback */
2254:Drivers/STM32H7xx_HAL_Driver/Src/stm32h7xx_hal_qspi.c **** #if (USE_HAL_QSPI_REGISTER_CALLBACKS == 1)
ARM GAS  C:\Users\12491\AppData\Local\Temp\ccCAIkbk.s 			page 41


2255:Drivers/STM32H7xx_HAL_Driver/Src/stm32h7xx_hal_qspi.c ****         hqspi->AbortCpltCallback(hqspi);
2256:Drivers/STM32H7xx_HAL_Driver/Src/stm32h7xx_hal_qspi.c **** #else
2257:Drivers/STM32H7xx_HAL_Driver/Src/stm32h7xx_hal_qspi.c ****         HAL_QSPI_AbortCpltCallback(hqspi);
2258:Drivers/STM32H7xx_HAL_Driver/Src/stm32h7xx_hal_qspi.c **** #endif
2259:Drivers/STM32H7xx_HAL_Driver/Src/stm32h7xx_hal_qspi.c ****       }
2260:Drivers/STM32H7xx_HAL_Driver/Src/stm32h7xx_hal_qspi.c ****     }
2261:Drivers/STM32H7xx_HAL_Driver/Src/stm32h7xx_hal_qspi.c ****     else
2262:Drivers/STM32H7xx_HAL_Driver/Src/stm32h7xx_hal_qspi.c ****     {
2263:Drivers/STM32H7xx_HAL_Driver/Src/stm32h7xx_hal_qspi.c ****       if (__HAL_QSPI_GET_FLAG(hqspi, QSPI_FLAG_BUSY) != RESET)
2264:Drivers/STM32H7xx_HAL_Driver/Src/stm32h7xx_hal_qspi.c ****       {
2265:Drivers/STM32H7xx_HAL_Driver/Src/stm32h7xx_hal_qspi.c ****         /* Clear interrupt */
2266:Drivers/STM32H7xx_HAL_Driver/Src/stm32h7xx_hal_qspi.c ****         __HAL_QSPI_CLEAR_FLAG(hqspi, QSPI_FLAG_TC);
2267:Drivers/STM32H7xx_HAL_Driver/Src/stm32h7xx_hal_qspi.c ****         
2268:Drivers/STM32H7xx_HAL_Driver/Src/stm32h7xx_hal_qspi.c ****         /* Enable the QSPI Transfer Complete Interrupt */
2269:Drivers/STM32H7xx_HAL_Driver/Src/stm32h7xx_hal_qspi.c ****         __HAL_QSPI_ENABLE_IT(hqspi, QSPI_IT_TC);
2270:Drivers/STM32H7xx_HAL_Driver/Src/stm32h7xx_hal_qspi.c ****         
2271:Drivers/STM32H7xx_HAL_Driver/Src/stm32h7xx_hal_qspi.c ****         /* Configure QSPI: CR register with Abort request */
2272:Drivers/STM32H7xx_HAL_Driver/Src/stm32h7xx_hal_qspi.c ****         SET_BIT(hqspi->Instance->CR, QUADSPI_CR_ABORT);
2273:Drivers/STM32H7xx_HAL_Driver/Src/stm32h7xx_hal_qspi.c ****       }    
2274:Drivers/STM32H7xx_HAL_Driver/Src/stm32h7xx_hal_qspi.c ****       else
2275:Drivers/STM32H7xx_HAL_Driver/Src/stm32h7xx_hal_qspi.c ****       {
2276:Drivers/STM32H7xx_HAL_Driver/Src/stm32h7xx_hal_qspi.c ****         /* Change state of QSPI */
2277:Drivers/STM32H7xx_HAL_Driver/Src/stm32h7xx_hal_qspi.c ****         hqspi->State = HAL_QSPI_STATE_READY;
2278:Drivers/STM32H7xx_HAL_Driver/Src/stm32h7xx_hal_qspi.c ****       }
2279:Drivers/STM32H7xx_HAL_Driver/Src/stm32h7xx_hal_qspi.c ****     }
2280:Drivers/STM32H7xx_HAL_Driver/Src/stm32h7xx_hal_qspi.c ****   }
2281:Drivers/STM32H7xx_HAL_Driver/Src/stm32h7xx_hal_qspi.c ****   return status;
2282:Drivers/STM32H7xx_HAL_Driver/Src/stm32h7xx_hal_qspi.c **** }
2283:Drivers/STM32H7xx_HAL_Driver/Src/stm32h7xx_hal_qspi.c **** 
2284:Drivers/STM32H7xx_HAL_Driver/Src/stm32h7xx_hal_qspi.c **** /** @brief Set QSPI timeout.
2285:Drivers/STM32H7xx_HAL_Driver/Src/stm32h7xx_hal_qspi.c ****   * @param  hqspi QSPI handle.
2286:Drivers/STM32H7xx_HAL_Driver/Src/stm32h7xx_hal_qspi.c ****   * @param  Timeout Timeout for the QSPI memory access.
2287:Drivers/STM32H7xx_HAL_Driver/Src/stm32h7xx_hal_qspi.c ****   * @retval None
2288:Drivers/STM32H7xx_HAL_Driver/Src/stm32h7xx_hal_qspi.c ****   */
2289:Drivers/STM32H7xx_HAL_Driver/Src/stm32h7xx_hal_qspi.c **** void HAL_QSPI_SetTimeout(QSPI_HandleTypeDef *hqspi, uint32_t Timeout)
2290:Drivers/STM32H7xx_HAL_Driver/Src/stm32h7xx_hal_qspi.c **** {
2291:Drivers/STM32H7xx_HAL_Driver/Src/stm32h7xx_hal_qspi.c ****   hqspi->Timeout = Timeout;
2292:Drivers/STM32H7xx_HAL_Driver/Src/stm32h7xx_hal_qspi.c **** }
2293:Drivers/STM32H7xx_HAL_Driver/Src/stm32h7xx_hal_qspi.c **** 
2294:Drivers/STM32H7xx_HAL_Driver/Src/stm32h7xx_hal_qspi.c **** /** @brief Set QSPI Fifo threshold.
2295:Drivers/STM32H7xx_HAL_Driver/Src/stm32h7xx_hal_qspi.c ****   * @param  hqspi QSPI handle.
2296:Drivers/STM32H7xx_HAL_Driver/Src/stm32h7xx_hal_qspi.c ****   * @param  Threshold Threshold of the Fifo (value between 1 and 16).
2297:Drivers/STM32H7xx_HAL_Driver/Src/stm32h7xx_hal_qspi.c ****   * @retval HAL status
2298:Drivers/STM32H7xx_HAL_Driver/Src/stm32h7xx_hal_qspi.c ****   */
2299:Drivers/STM32H7xx_HAL_Driver/Src/stm32h7xx_hal_qspi.c **** HAL_StatusTypeDef HAL_QSPI_SetFifoThreshold(QSPI_HandleTypeDef *hqspi, uint32_t Threshold)
2300:Drivers/STM32H7xx_HAL_Driver/Src/stm32h7xx_hal_qspi.c **** {
2301:Drivers/STM32H7xx_HAL_Driver/Src/stm32h7xx_hal_qspi.c ****   HAL_StatusTypeDef status = HAL_OK;
2302:Drivers/STM32H7xx_HAL_Driver/Src/stm32h7xx_hal_qspi.c **** 
2303:Drivers/STM32H7xx_HAL_Driver/Src/stm32h7xx_hal_qspi.c ****   /* Process locked */
2304:Drivers/STM32H7xx_HAL_Driver/Src/stm32h7xx_hal_qspi.c ****   __HAL_LOCK(hqspi);
2305:Drivers/STM32H7xx_HAL_Driver/Src/stm32h7xx_hal_qspi.c **** 
2306:Drivers/STM32H7xx_HAL_Driver/Src/stm32h7xx_hal_qspi.c ****   if(hqspi->State == HAL_QSPI_STATE_READY)
2307:Drivers/STM32H7xx_HAL_Driver/Src/stm32h7xx_hal_qspi.c ****   {
2308:Drivers/STM32H7xx_HAL_Driver/Src/stm32h7xx_hal_qspi.c ****     /* Synchronize init structure with new FIFO threshold value */
2309:Drivers/STM32H7xx_HAL_Driver/Src/stm32h7xx_hal_qspi.c ****     hqspi->Init.FifoThreshold = Threshold;
2310:Drivers/STM32H7xx_HAL_Driver/Src/stm32h7xx_hal_qspi.c **** 
2311:Drivers/STM32H7xx_HAL_Driver/Src/stm32h7xx_hal_qspi.c ****     /* Configure QSPI FIFO Threshold */
ARM GAS  C:\Users\12491\AppData\Local\Temp\ccCAIkbk.s 			page 42


2312:Drivers/STM32H7xx_HAL_Driver/Src/stm32h7xx_hal_qspi.c ****     MODIFY_REG(hqspi->Instance->CR, QUADSPI_CR_FTHRES,
2313:Drivers/STM32H7xx_HAL_Driver/Src/stm32h7xx_hal_qspi.c ****                ((hqspi->Init.FifoThreshold - 1U) << QUADSPI_CR_FTHRES_Pos));
2314:Drivers/STM32H7xx_HAL_Driver/Src/stm32h7xx_hal_qspi.c ****   }
2315:Drivers/STM32H7xx_HAL_Driver/Src/stm32h7xx_hal_qspi.c ****   else
2316:Drivers/STM32H7xx_HAL_Driver/Src/stm32h7xx_hal_qspi.c ****   {
2317:Drivers/STM32H7xx_HAL_Driver/Src/stm32h7xx_hal_qspi.c ****     status = HAL_BUSY;
2318:Drivers/STM32H7xx_HAL_Driver/Src/stm32h7xx_hal_qspi.c ****   }
2319:Drivers/STM32H7xx_HAL_Driver/Src/stm32h7xx_hal_qspi.c **** 
2320:Drivers/STM32H7xx_HAL_Driver/Src/stm32h7xx_hal_qspi.c ****   /* Process unlocked */
2321:Drivers/STM32H7xx_HAL_Driver/Src/stm32h7xx_hal_qspi.c ****   __HAL_UNLOCK(hqspi);
2322:Drivers/STM32H7xx_HAL_Driver/Src/stm32h7xx_hal_qspi.c **** 
2323:Drivers/STM32H7xx_HAL_Driver/Src/stm32h7xx_hal_qspi.c ****   /* Return function status */
2324:Drivers/STM32H7xx_HAL_Driver/Src/stm32h7xx_hal_qspi.c ****   return status;
2325:Drivers/STM32H7xx_HAL_Driver/Src/stm32h7xx_hal_qspi.c **** }
2326:Drivers/STM32H7xx_HAL_Driver/Src/stm32h7xx_hal_qspi.c **** 
2327:Drivers/STM32H7xx_HAL_Driver/Src/stm32h7xx_hal_qspi.c **** /** @brief Get QSPI Fifo threshold.
2328:Drivers/STM32H7xx_HAL_Driver/Src/stm32h7xx_hal_qspi.c ****   * @param  hqspi QSPI handle.
2329:Drivers/STM32H7xx_HAL_Driver/Src/stm32h7xx_hal_qspi.c ****   * @retval Fifo threshold (value between 1 and 16)
2330:Drivers/STM32H7xx_HAL_Driver/Src/stm32h7xx_hal_qspi.c ****   */
2331:Drivers/STM32H7xx_HAL_Driver/Src/stm32h7xx_hal_qspi.c **** uint32_t HAL_QSPI_GetFifoThreshold(const QSPI_HandleTypeDef *hqspi)
2332:Drivers/STM32H7xx_HAL_Driver/Src/stm32h7xx_hal_qspi.c **** {
2333:Drivers/STM32H7xx_HAL_Driver/Src/stm32h7xx_hal_qspi.c ****   return ((READ_BIT(hqspi->Instance->CR, QUADSPI_CR_FTHRES) >> QUADSPI_CR_FTHRES_Pos) + 1U);
2334:Drivers/STM32H7xx_HAL_Driver/Src/stm32h7xx_hal_qspi.c **** }
2335:Drivers/STM32H7xx_HAL_Driver/Src/stm32h7xx_hal_qspi.c **** 
2336:Drivers/STM32H7xx_HAL_Driver/Src/stm32h7xx_hal_qspi.c **** /** @brief  Set FlashID.
2337:Drivers/STM32H7xx_HAL_Driver/Src/stm32h7xx_hal_qspi.c ****   * @param  hqspi QSPI handle.
2338:Drivers/STM32H7xx_HAL_Driver/Src/stm32h7xx_hal_qspi.c ****   * @param  FlashID Index of the flash memory to be accessed.
2339:Drivers/STM32H7xx_HAL_Driver/Src/stm32h7xx_hal_qspi.c ****   *                   This parameter can be a value of @ref QSPI_Flash_Select.
2340:Drivers/STM32H7xx_HAL_Driver/Src/stm32h7xx_hal_qspi.c ****   * @note   The FlashID is ignored when dual flash mode is enabled.
2341:Drivers/STM32H7xx_HAL_Driver/Src/stm32h7xx_hal_qspi.c ****   * @retval HAL status
2342:Drivers/STM32H7xx_HAL_Driver/Src/stm32h7xx_hal_qspi.c ****   */
2343:Drivers/STM32H7xx_HAL_Driver/Src/stm32h7xx_hal_qspi.c **** HAL_StatusTypeDef HAL_QSPI_SetFlashID(QSPI_HandleTypeDef *hqspi, uint32_t FlashID)
2344:Drivers/STM32H7xx_HAL_Driver/Src/stm32h7xx_hal_qspi.c **** {
2345:Drivers/STM32H7xx_HAL_Driver/Src/stm32h7xx_hal_qspi.c ****   HAL_StatusTypeDef status = HAL_OK;
2346:Drivers/STM32H7xx_HAL_Driver/Src/stm32h7xx_hal_qspi.c **** 
2347:Drivers/STM32H7xx_HAL_Driver/Src/stm32h7xx_hal_qspi.c ****   /* Check the parameter */
2348:Drivers/STM32H7xx_HAL_Driver/Src/stm32h7xx_hal_qspi.c ****   assert_param(IS_QSPI_FLASH_ID(FlashID));
2349:Drivers/STM32H7xx_HAL_Driver/Src/stm32h7xx_hal_qspi.c **** 
2350:Drivers/STM32H7xx_HAL_Driver/Src/stm32h7xx_hal_qspi.c ****   /* Process locked */
2351:Drivers/STM32H7xx_HAL_Driver/Src/stm32h7xx_hal_qspi.c ****   __HAL_LOCK(hqspi);
2352:Drivers/STM32H7xx_HAL_Driver/Src/stm32h7xx_hal_qspi.c **** 
2353:Drivers/STM32H7xx_HAL_Driver/Src/stm32h7xx_hal_qspi.c ****   if(hqspi->State == HAL_QSPI_STATE_READY)
2354:Drivers/STM32H7xx_HAL_Driver/Src/stm32h7xx_hal_qspi.c ****   {
2355:Drivers/STM32H7xx_HAL_Driver/Src/stm32h7xx_hal_qspi.c ****     /* Synchronize init structure with new FlashID value */
2356:Drivers/STM32H7xx_HAL_Driver/Src/stm32h7xx_hal_qspi.c ****     hqspi->Init.FlashID = FlashID;
2357:Drivers/STM32H7xx_HAL_Driver/Src/stm32h7xx_hal_qspi.c **** 
2358:Drivers/STM32H7xx_HAL_Driver/Src/stm32h7xx_hal_qspi.c ****     /* Configure QSPI FlashID */
2359:Drivers/STM32H7xx_HAL_Driver/Src/stm32h7xx_hal_qspi.c ****     MODIFY_REG(hqspi->Instance->CR, QUADSPI_CR_FSEL, FlashID);
2360:Drivers/STM32H7xx_HAL_Driver/Src/stm32h7xx_hal_qspi.c ****   }
2361:Drivers/STM32H7xx_HAL_Driver/Src/stm32h7xx_hal_qspi.c ****   else
2362:Drivers/STM32H7xx_HAL_Driver/Src/stm32h7xx_hal_qspi.c ****   {
2363:Drivers/STM32H7xx_HAL_Driver/Src/stm32h7xx_hal_qspi.c ****     status = HAL_BUSY;
2364:Drivers/STM32H7xx_HAL_Driver/Src/stm32h7xx_hal_qspi.c ****   }
2365:Drivers/STM32H7xx_HAL_Driver/Src/stm32h7xx_hal_qspi.c **** 
2366:Drivers/STM32H7xx_HAL_Driver/Src/stm32h7xx_hal_qspi.c ****   /* Process unlocked */
2367:Drivers/STM32H7xx_HAL_Driver/Src/stm32h7xx_hal_qspi.c ****   __HAL_UNLOCK(hqspi);
2368:Drivers/STM32H7xx_HAL_Driver/Src/stm32h7xx_hal_qspi.c **** 
ARM GAS  C:\Users\12491\AppData\Local\Temp\ccCAIkbk.s 			page 43


2369:Drivers/STM32H7xx_HAL_Driver/Src/stm32h7xx_hal_qspi.c ****   /* Return function status */
2370:Drivers/STM32H7xx_HAL_Driver/Src/stm32h7xx_hal_qspi.c ****   return status;
2371:Drivers/STM32H7xx_HAL_Driver/Src/stm32h7xx_hal_qspi.c **** }
2372:Drivers/STM32H7xx_HAL_Driver/Src/stm32h7xx_hal_qspi.c **** 
2373:Drivers/STM32H7xx_HAL_Driver/Src/stm32h7xx_hal_qspi.c **** /**
2374:Drivers/STM32H7xx_HAL_Driver/Src/stm32h7xx_hal_qspi.c ****   * @}
2375:Drivers/STM32H7xx_HAL_Driver/Src/stm32h7xx_hal_qspi.c ****   */
2376:Drivers/STM32H7xx_HAL_Driver/Src/stm32h7xx_hal_qspi.c **** 
2377:Drivers/STM32H7xx_HAL_Driver/Src/stm32h7xx_hal_qspi.c **** /**
2378:Drivers/STM32H7xx_HAL_Driver/Src/stm32h7xx_hal_qspi.c ****   * @}
2379:Drivers/STM32H7xx_HAL_Driver/Src/stm32h7xx_hal_qspi.c ****   */
2380:Drivers/STM32H7xx_HAL_Driver/Src/stm32h7xx_hal_qspi.c **** 
2381:Drivers/STM32H7xx_HAL_Driver/Src/stm32h7xx_hal_qspi.c **** /** @defgroup QSPI_Private_Functions QSPI Private Functions
2382:Drivers/STM32H7xx_HAL_Driver/Src/stm32h7xx_hal_qspi.c ****   * @{
2383:Drivers/STM32H7xx_HAL_Driver/Src/stm32h7xx_hal_qspi.c ****   */
2384:Drivers/STM32H7xx_HAL_Driver/Src/stm32h7xx_hal_qspi.c **** 
2385:Drivers/STM32H7xx_HAL_Driver/Src/stm32h7xx_hal_qspi.c **** /**
2386:Drivers/STM32H7xx_HAL_Driver/Src/stm32h7xx_hal_qspi.c ****   * @brief  DMA QSPI receive process complete callback.
2387:Drivers/STM32H7xx_HAL_Driver/Src/stm32h7xx_hal_qspi.c ****   * @param  hmdma MDMA handle
2388:Drivers/STM32H7xx_HAL_Driver/Src/stm32h7xx_hal_qspi.c ****   * @retval None
2389:Drivers/STM32H7xx_HAL_Driver/Src/stm32h7xx_hal_qspi.c ****   */
2390:Drivers/STM32H7xx_HAL_Driver/Src/stm32h7xx_hal_qspi.c **** static void QSPI_DMARxCplt(MDMA_HandleTypeDef *hmdma)
2391:Drivers/STM32H7xx_HAL_Driver/Src/stm32h7xx_hal_qspi.c **** {
  28              		.loc 1 2391 1 view -0
  29              		.cfi_startproc
  30              		@ args = 0, pretend = 0, frame = 0
  31              		@ frame_needed = 0, uses_anonymous_args = 0
  32              		@ link register save eliminated.
2392:Drivers/STM32H7xx_HAL_Driver/Src/stm32h7xx_hal_qspi.c ****   QSPI_HandleTypeDef* hqspi = (QSPI_HandleTypeDef*)(hmdma->Parent);
  33              		.loc 1 2392 3 view .LVU1
  34              		.loc 1 2392 23 is_stmt 0 view .LVU2
  35 0000 036C     		ldr	r3, [r0, #64]
  36              	.LVL1:
2393:Drivers/STM32H7xx_HAL_Driver/Src/stm32h7xx_hal_qspi.c ****   hqspi->RxXferCount = 0U;
  37              		.loc 1 2393 3 is_stmt 1 view .LVU3
  38              		.loc 1 2393 22 is_stmt 0 view .LVU4
  39 0002 0022     		movs	r2, #0
  40 0004 9A63     		str	r2, [r3, #56]
2394:Drivers/STM32H7xx_HAL_Driver/Src/stm32h7xx_hal_qspi.c **** 
2395:Drivers/STM32H7xx_HAL_Driver/Src/stm32h7xx_hal_qspi.c ****   /* Enable the QSPI transfer complete Interrupt */
2396:Drivers/STM32H7xx_HAL_Driver/Src/stm32h7xx_hal_qspi.c ****   __HAL_QSPI_ENABLE_IT(hqspi, QSPI_IT_TC);
  41              		.loc 1 2396 3 is_stmt 1 view .LVU5
  42 0006 1A68     		ldr	r2, [r3]
  43 0008 1368     		ldr	r3, [r2]
  44              	.LVL2:
  45              		.loc 1 2396 3 is_stmt 0 view .LVU6
  46 000a 43F40033 		orr	r3, r3, #131072
  47 000e 1360     		str	r3, [r2]
2397:Drivers/STM32H7xx_HAL_Driver/Src/stm32h7xx_hal_qspi.c **** }
  48              		.loc 1 2397 1 view .LVU7
  49 0010 7047     		bx	lr
  50              		.cfi_endproc
  51              	.LFE176:
  53              		.section	.text.QSPI_DMATxCplt,"ax",%progbits
  54              		.align	1
  55              		.syntax unified
  56              		.thumb
ARM GAS  C:\Users\12491\AppData\Local\Temp\ccCAIkbk.s 			page 44


  57              		.thumb_func
  59              	QSPI_DMATxCplt:
  60              	.LVL3:
  61              	.LFB177:
2398:Drivers/STM32H7xx_HAL_Driver/Src/stm32h7xx_hal_qspi.c **** 
2399:Drivers/STM32H7xx_HAL_Driver/Src/stm32h7xx_hal_qspi.c **** /**
2400:Drivers/STM32H7xx_HAL_Driver/Src/stm32h7xx_hal_qspi.c ****   * @brief  DMA QSPI transmit process complete callback.
2401:Drivers/STM32H7xx_HAL_Driver/Src/stm32h7xx_hal_qspi.c ****   * @param  hmdma MDMA handle
2402:Drivers/STM32H7xx_HAL_Driver/Src/stm32h7xx_hal_qspi.c ****   * @retval None
2403:Drivers/STM32H7xx_HAL_Driver/Src/stm32h7xx_hal_qspi.c ****   */
2404:Drivers/STM32H7xx_HAL_Driver/Src/stm32h7xx_hal_qspi.c **** static void QSPI_DMATxCplt(MDMA_HandleTypeDef *hmdma)
2405:Drivers/STM32H7xx_HAL_Driver/Src/stm32h7xx_hal_qspi.c **** {
  62              		.loc 1 2405 1 is_stmt 1 view -0
  63              		.cfi_startproc
  64              		@ args = 0, pretend = 0, frame = 0
  65              		@ frame_needed = 0, uses_anonymous_args = 0
  66              		@ link register save eliminated.
2406:Drivers/STM32H7xx_HAL_Driver/Src/stm32h7xx_hal_qspi.c ****   QSPI_HandleTypeDef* hqspi = (QSPI_HandleTypeDef*)(hmdma->Parent);
  67              		.loc 1 2406 3 view .LVU9
  68              		.loc 1 2406 23 is_stmt 0 view .LVU10
  69 0000 036C     		ldr	r3, [r0, #64]
  70              	.LVL4:
2407:Drivers/STM32H7xx_HAL_Driver/Src/stm32h7xx_hal_qspi.c ****   hqspi->TxXferCount = 0U;
  71              		.loc 1 2407 3 is_stmt 1 view .LVU11
  72              		.loc 1 2407 22 is_stmt 0 view .LVU12
  73 0002 0022     		movs	r2, #0
  74 0004 DA62     		str	r2, [r3, #44]
2408:Drivers/STM32H7xx_HAL_Driver/Src/stm32h7xx_hal_qspi.c **** 
2409:Drivers/STM32H7xx_HAL_Driver/Src/stm32h7xx_hal_qspi.c ****   /* Enable the QSPI transfer complete Interrupt */
2410:Drivers/STM32H7xx_HAL_Driver/Src/stm32h7xx_hal_qspi.c ****   __HAL_QSPI_ENABLE_IT(hqspi, QSPI_IT_TC);
  75              		.loc 1 2410 3 is_stmt 1 view .LVU13
  76 0006 1A68     		ldr	r2, [r3]
  77 0008 1368     		ldr	r3, [r2]
  78              	.LVL5:
  79              		.loc 1 2410 3 is_stmt 0 view .LVU14
  80 000a 43F40033 		orr	r3, r3, #131072
  81 000e 1360     		str	r3, [r2]
2411:Drivers/STM32H7xx_HAL_Driver/Src/stm32h7xx_hal_qspi.c **** }
  82              		.loc 1 2411 1 view .LVU15
  83 0010 7047     		bx	lr
  84              		.cfi_endproc
  85              	.LFE177:
  87              		.section	.text.QSPI_Config,"ax",%progbits
  88              		.align	1
  89              		.syntax unified
  90              		.thumb
  91              		.thumb_func
  93              	QSPI_Config:
  94              	.LVL6:
  95              	.LFB181:
2412:Drivers/STM32H7xx_HAL_Driver/Src/stm32h7xx_hal_qspi.c **** 
2413:Drivers/STM32H7xx_HAL_Driver/Src/stm32h7xx_hal_qspi.c **** /**
2414:Drivers/STM32H7xx_HAL_Driver/Src/stm32h7xx_hal_qspi.c ****   * @brief  DMA QSPI communication error callback.
2415:Drivers/STM32H7xx_HAL_Driver/Src/stm32h7xx_hal_qspi.c ****   * @param  hmdma MDMA handle
2416:Drivers/STM32H7xx_HAL_Driver/Src/stm32h7xx_hal_qspi.c ****   * @retval None
2417:Drivers/STM32H7xx_HAL_Driver/Src/stm32h7xx_hal_qspi.c ****   */
2418:Drivers/STM32H7xx_HAL_Driver/Src/stm32h7xx_hal_qspi.c **** static void QSPI_DMAError(MDMA_HandleTypeDef *hmdma)
ARM GAS  C:\Users\12491\AppData\Local\Temp\ccCAIkbk.s 			page 45


2419:Drivers/STM32H7xx_HAL_Driver/Src/stm32h7xx_hal_qspi.c **** {
2420:Drivers/STM32H7xx_HAL_Driver/Src/stm32h7xx_hal_qspi.c ****   QSPI_HandleTypeDef* hqspi = ( QSPI_HandleTypeDef* )(hmdma->Parent);
2421:Drivers/STM32H7xx_HAL_Driver/Src/stm32h7xx_hal_qspi.c **** 
2422:Drivers/STM32H7xx_HAL_Driver/Src/stm32h7xx_hal_qspi.c ****   hqspi->RxXferCount = 0U;
2423:Drivers/STM32H7xx_HAL_Driver/Src/stm32h7xx_hal_qspi.c ****   hqspi->TxXferCount = 0U;
2424:Drivers/STM32H7xx_HAL_Driver/Src/stm32h7xx_hal_qspi.c ****   hqspi->ErrorCode   |= HAL_QSPI_ERROR_DMA;
2425:Drivers/STM32H7xx_HAL_Driver/Src/stm32h7xx_hal_qspi.c **** 
2426:Drivers/STM32H7xx_HAL_Driver/Src/stm32h7xx_hal_qspi.c ****   /* Disable using MDMA by clearing DMAEN, note that DMAEN bit is "reserved"
2427:Drivers/STM32H7xx_HAL_Driver/Src/stm32h7xx_hal_qspi.c ****      but no impact on H7 HW and it minimize the cost in the footprint */
2428:Drivers/STM32H7xx_HAL_Driver/Src/stm32h7xx_hal_qspi.c ****   CLEAR_BIT(hqspi->Instance->CR, QUADSPI_CR_DMAEN);
2429:Drivers/STM32H7xx_HAL_Driver/Src/stm32h7xx_hal_qspi.c **** 
2430:Drivers/STM32H7xx_HAL_Driver/Src/stm32h7xx_hal_qspi.c ****   /* Abort the QSPI */
2431:Drivers/STM32H7xx_HAL_Driver/Src/stm32h7xx_hal_qspi.c ****   (void)HAL_QSPI_Abort_IT(hqspi);
2432:Drivers/STM32H7xx_HAL_Driver/Src/stm32h7xx_hal_qspi.c **** 
2433:Drivers/STM32H7xx_HAL_Driver/Src/stm32h7xx_hal_qspi.c **** }
2434:Drivers/STM32H7xx_HAL_Driver/Src/stm32h7xx_hal_qspi.c **** 
2435:Drivers/STM32H7xx_HAL_Driver/Src/stm32h7xx_hal_qspi.c **** /**
2436:Drivers/STM32H7xx_HAL_Driver/Src/stm32h7xx_hal_qspi.c ****   * @brief  MDMA QSPI abort complete callback.
2437:Drivers/STM32H7xx_HAL_Driver/Src/stm32h7xx_hal_qspi.c ****   * @param  hmdma MDMA handle
2438:Drivers/STM32H7xx_HAL_Driver/Src/stm32h7xx_hal_qspi.c ****   * @retval None
2439:Drivers/STM32H7xx_HAL_Driver/Src/stm32h7xx_hal_qspi.c ****   */
2440:Drivers/STM32H7xx_HAL_Driver/Src/stm32h7xx_hal_qspi.c **** static void QSPI_DMAAbortCplt(MDMA_HandleTypeDef *hmdma)
2441:Drivers/STM32H7xx_HAL_Driver/Src/stm32h7xx_hal_qspi.c **** {
2442:Drivers/STM32H7xx_HAL_Driver/Src/stm32h7xx_hal_qspi.c ****   QSPI_HandleTypeDef* hqspi = ( QSPI_HandleTypeDef* )(hmdma->Parent);
2443:Drivers/STM32H7xx_HAL_Driver/Src/stm32h7xx_hal_qspi.c **** 
2444:Drivers/STM32H7xx_HAL_Driver/Src/stm32h7xx_hal_qspi.c ****   hqspi->RxXferCount = 0U;
2445:Drivers/STM32H7xx_HAL_Driver/Src/stm32h7xx_hal_qspi.c ****   hqspi->TxXferCount = 0U;
2446:Drivers/STM32H7xx_HAL_Driver/Src/stm32h7xx_hal_qspi.c **** 
2447:Drivers/STM32H7xx_HAL_Driver/Src/stm32h7xx_hal_qspi.c ****   if(hqspi->State == HAL_QSPI_STATE_ABORT)
2448:Drivers/STM32H7xx_HAL_Driver/Src/stm32h7xx_hal_qspi.c ****   {
2449:Drivers/STM32H7xx_HAL_Driver/Src/stm32h7xx_hal_qspi.c ****     /* MDMA Abort called by QSPI abort */
2450:Drivers/STM32H7xx_HAL_Driver/Src/stm32h7xx_hal_qspi.c ****     /* Clear interrupt */
2451:Drivers/STM32H7xx_HAL_Driver/Src/stm32h7xx_hal_qspi.c ****     __HAL_QSPI_CLEAR_FLAG(hqspi, QSPI_FLAG_TC);
2452:Drivers/STM32H7xx_HAL_Driver/Src/stm32h7xx_hal_qspi.c **** 
2453:Drivers/STM32H7xx_HAL_Driver/Src/stm32h7xx_hal_qspi.c ****     /* Enable the QSPI Transfer Complete Interrupt */
2454:Drivers/STM32H7xx_HAL_Driver/Src/stm32h7xx_hal_qspi.c ****     __HAL_QSPI_ENABLE_IT(hqspi, QSPI_IT_TC);
2455:Drivers/STM32H7xx_HAL_Driver/Src/stm32h7xx_hal_qspi.c **** 
2456:Drivers/STM32H7xx_HAL_Driver/Src/stm32h7xx_hal_qspi.c ****     /* Configure QSPI: CR register with Abort request */
2457:Drivers/STM32H7xx_HAL_Driver/Src/stm32h7xx_hal_qspi.c ****     SET_BIT(hqspi->Instance->CR, QUADSPI_CR_ABORT);
2458:Drivers/STM32H7xx_HAL_Driver/Src/stm32h7xx_hal_qspi.c ****   }
2459:Drivers/STM32H7xx_HAL_Driver/Src/stm32h7xx_hal_qspi.c ****   else
2460:Drivers/STM32H7xx_HAL_Driver/Src/stm32h7xx_hal_qspi.c ****   {
2461:Drivers/STM32H7xx_HAL_Driver/Src/stm32h7xx_hal_qspi.c ****     /* MDMA Abort called due to a transfer error interrupt */
2462:Drivers/STM32H7xx_HAL_Driver/Src/stm32h7xx_hal_qspi.c ****     /* Change state of QSPI */
2463:Drivers/STM32H7xx_HAL_Driver/Src/stm32h7xx_hal_qspi.c ****     hqspi->State = HAL_QSPI_STATE_READY;
2464:Drivers/STM32H7xx_HAL_Driver/Src/stm32h7xx_hal_qspi.c **** 
2465:Drivers/STM32H7xx_HAL_Driver/Src/stm32h7xx_hal_qspi.c ****     /* Error callback */
2466:Drivers/STM32H7xx_HAL_Driver/Src/stm32h7xx_hal_qspi.c **** #if (USE_HAL_QSPI_REGISTER_CALLBACKS == 1)
2467:Drivers/STM32H7xx_HAL_Driver/Src/stm32h7xx_hal_qspi.c ****     hqspi->ErrorCallback(hqspi);
2468:Drivers/STM32H7xx_HAL_Driver/Src/stm32h7xx_hal_qspi.c **** #else
2469:Drivers/STM32H7xx_HAL_Driver/Src/stm32h7xx_hal_qspi.c ****     HAL_QSPI_ErrorCallback(hqspi);
2470:Drivers/STM32H7xx_HAL_Driver/Src/stm32h7xx_hal_qspi.c **** #endif
2471:Drivers/STM32H7xx_HAL_Driver/Src/stm32h7xx_hal_qspi.c ****   }
2472:Drivers/STM32H7xx_HAL_Driver/Src/stm32h7xx_hal_qspi.c **** }
2473:Drivers/STM32H7xx_HAL_Driver/Src/stm32h7xx_hal_qspi.c **** 
2474:Drivers/STM32H7xx_HAL_Driver/Src/stm32h7xx_hal_qspi.c **** /**
2475:Drivers/STM32H7xx_HAL_Driver/Src/stm32h7xx_hal_qspi.c ****   * @brief  Wait for a flag state until timeout.
ARM GAS  C:\Users\12491\AppData\Local\Temp\ccCAIkbk.s 			page 46


2476:Drivers/STM32H7xx_HAL_Driver/Src/stm32h7xx_hal_qspi.c ****   * @param  hqspi QSPI handle
2477:Drivers/STM32H7xx_HAL_Driver/Src/stm32h7xx_hal_qspi.c ****   * @param  Flag Flag checked
2478:Drivers/STM32H7xx_HAL_Driver/Src/stm32h7xx_hal_qspi.c ****   * @param  State Value of the flag expected
2479:Drivers/STM32H7xx_HAL_Driver/Src/stm32h7xx_hal_qspi.c ****   * @param  Tickstart Tick start value
2480:Drivers/STM32H7xx_HAL_Driver/Src/stm32h7xx_hal_qspi.c ****   * @param  Timeout Duration of the timeout
2481:Drivers/STM32H7xx_HAL_Driver/Src/stm32h7xx_hal_qspi.c ****   * @retval HAL status
2482:Drivers/STM32H7xx_HAL_Driver/Src/stm32h7xx_hal_qspi.c ****   */
2483:Drivers/STM32H7xx_HAL_Driver/Src/stm32h7xx_hal_qspi.c **** static HAL_StatusTypeDef QSPI_WaitFlagStateUntilTimeout(QSPI_HandleTypeDef *hqspi, uint32_t Flag,
2484:Drivers/STM32H7xx_HAL_Driver/Src/stm32h7xx_hal_qspi.c ****                                                         FlagStatus State, uint32_t Tickstart, uint3
2485:Drivers/STM32H7xx_HAL_Driver/Src/stm32h7xx_hal_qspi.c **** {
2486:Drivers/STM32H7xx_HAL_Driver/Src/stm32h7xx_hal_qspi.c ****   /* Wait until flag is in expected state */
2487:Drivers/STM32H7xx_HAL_Driver/Src/stm32h7xx_hal_qspi.c ****   while((__HAL_QSPI_GET_FLAG(hqspi, Flag)) != State)
2488:Drivers/STM32H7xx_HAL_Driver/Src/stm32h7xx_hal_qspi.c ****   {
2489:Drivers/STM32H7xx_HAL_Driver/Src/stm32h7xx_hal_qspi.c ****     /* Check for the Timeout */
2490:Drivers/STM32H7xx_HAL_Driver/Src/stm32h7xx_hal_qspi.c ****     if (Timeout != HAL_MAX_DELAY)
2491:Drivers/STM32H7xx_HAL_Driver/Src/stm32h7xx_hal_qspi.c ****     {
2492:Drivers/STM32H7xx_HAL_Driver/Src/stm32h7xx_hal_qspi.c ****       if(((HAL_GetTick() - Tickstart) > Timeout) || (Timeout == 0U))
2493:Drivers/STM32H7xx_HAL_Driver/Src/stm32h7xx_hal_qspi.c ****       {
2494:Drivers/STM32H7xx_HAL_Driver/Src/stm32h7xx_hal_qspi.c ****         hqspi->State     = HAL_QSPI_STATE_ERROR;
2495:Drivers/STM32H7xx_HAL_Driver/Src/stm32h7xx_hal_qspi.c ****         hqspi->ErrorCode |= HAL_QSPI_ERROR_TIMEOUT;
2496:Drivers/STM32H7xx_HAL_Driver/Src/stm32h7xx_hal_qspi.c **** 
2497:Drivers/STM32H7xx_HAL_Driver/Src/stm32h7xx_hal_qspi.c ****         return HAL_ERROR;
2498:Drivers/STM32H7xx_HAL_Driver/Src/stm32h7xx_hal_qspi.c ****       }
2499:Drivers/STM32H7xx_HAL_Driver/Src/stm32h7xx_hal_qspi.c ****     }
2500:Drivers/STM32H7xx_HAL_Driver/Src/stm32h7xx_hal_qspi.c ****   }
2501:Drivers/STM32H7xx_HAL_Driver/Src/stm32h7xx_hal_qspi.c ****   return HAL_OK;
2502:Drivers/STM32H7xx_HAL_Driver/Src/stm32h7xx_hal_qspi.c **** }
2503:Drivers/STM32H7xx_HAL_Driver/Src/stm32h7xx_hal_qspi.c **** 
2504:Drivers/STM32H7xx_HAL_Driver/Src/stm32h7xx_hal_qspi.c **** /**
2505:Drivers/STM32H7xx_HAL_Driver/Src/stm32h7xx_hal_qspi.c ****   * @brief  Configure the communication registers.
2506:Drivers/STM32H7xx_HAL_Driver/Src/stm32h7xx_hal_qspi.c ****   * @param  hqspi QSPI handle
2507:Drivers/STM32H7xx_HAL_Driver/Src/stm32h7xx_hal_qspi.c ****   * @param  cmd structure that contains the command configuration information
2508:Drivers/STM32H7xx_HAL_Driver/Src/stm32h7xx_hal_qspi.c ****   * @param  FunctionalMode functional mode to configured
2509:Drivers/STM32H7xx_HAL_Driver/Src/stm32h7xx_hal_qspi.c ****   *           This parameter can be one of the following values:
2510:Drivers/STM32H7xx_HAL_Driver/Src/stm32h7xx_hal_qspi.c ****   *            @arg QSPI_FUNCTIONAL_MODE_INDIRECT_WRITE: Indirect write mode
2511:Drivers/STM32H7xx_HAL_Driver/Src/stm32h7xx_hal_qspi.c ****   *            @arg QSPI_FUNCTIONAL_MODE_INDIRECT_READ: Indirect read mode
2512:Drivers/STM32H7xx_HAL_Driver/Src/stm32h7xx_hal_qspi.c ****   *            @arg QSPI_FUNCTIONAL_MODE_AUTO_POLLING: Automatic polling mode
2513:Drivers/STM32H7xx_HAL_Driver/Src/stm32h7xx_hal_qspi.c ****   *            @arg QSPI_FUNCTIONAL_MODE_MEMORY_MAPPED: Memory-mapped mode
2514:Drivers/STM32H7xx_HAL_Driver/Src/stm32h7xx_hal_qspi.c ****   * @retval None
2515:Drivers/STM32H7xx_HAL_Driver/Src/stm32h7xx_hal_qspi.c ****   */
2516:Drivers/STM32H7xx_HAL_Driver/Src/stm32h7xx_hal_qspi.c **** static void QSPI_Config(QSPI_HandleTypeDef *hqspi, QSPI_CommandTypeDef *cmd, uint32_t FunctionalMod
2517:Drivers/STM32H7xx_HAL_Driver/Src/stm32h7xx_hal_qspi.c **** {
  96              		.loc 1 2517 1 is_stmt 1 view -0
  97              		.cfi_startproc
  98              		@ args = 0, pretend = 0, frame = 0
  99              		@ frame_needed = 0, uses_anonymous_args = 0
 100              		@ link register save eliminated.
 101              		.loc 1 2517 1 is_stmt 0 view .LVU17
 102 0000 F0B4     		push	{r4, r5, r6, r7}
 103              	.LCFI0:
 104              		.cfi_def_cfa_offset 16
 105              		.cfi_offset 4, -16
 106              		.cfi_offset 5, -12
 107              		.cfi_offset 6, -8
 108              		.cfi_offset 7, -4
2518:Drivers/STM32H7xx_HAL_Driver/Src/stm32h7xx_hal_qspi.c ****   assert_param(IS_QSPI_FUNCTIONAL_MODE(FunctionalMode));
 109              		.loc 1 2518 3 is_stmt 1 view .LVU18
ARM GAS  C:\Users\12491\AppData\Local\Temp\ccCAIkbk.s 			page 47


2519:Drivers/STM32H7xx_HAL_Driver/Src/stm32h7xx_hal_qspi.c **** 
2520:Drivers/STM32H7xx_HAL_Driver/Src/stm32h7xx_hal_qspi.c ****   if ((cmd->DataMode != QSPI_DATA_NONE) && (FunctionalMode != QSPI_FUNCTIONAL_MODE_MEMORY_MAPPED))
 110              		.loc 1 2520 3 view .LVU19
 111              		.loc 1 2520 11 is_stmt 0 view .LVU20
 112 0002 4B6A     		ldr	r3, [r1, #36]
 113              		.loc 1 2520 6 view .LVU21
 114 0004 33B1     		cbz	r3, .L4
 115              		.loc 1 2520 41 discriminator 1 view .LVU22
 116 0006 B2F1406F 		cmp	r2, #201326592
 117 000a 03D0     		beq	.L4
2521:Drivers/STM32H7xx_HAL_Driver/Src/stm32h7xx_hal_qspi.c ****   {
2522:Drivers/STM32H7xx_HAL_Driver/Src/stm32h7xx_hal_qspi.c ****     /* Configure QSPI: DLR register with the number of data to read or write */
2523:Drivers/STM32H7xx_HAL_Driver/Src/stm32h7xx_hal_qspi.c ****     WRITE_REG(hqspi->Instance->DLR, (cmd->NbData - 1U));
 118              		.loc 1 2523 5 is_stmt 1 view .LVU23
 119 000c 8B6A     		ldr	r3, [r1, #40]
 120 000e 0468     		ldr	r4, [r0]
 121 0010 013B     		subs	r3, r3, #1
 122 0012 2361     		str	r3, [r4, #16]
 123              	.L4:
2524:Drivers/STM32H7xx_HAL_Driver/Src/stm32h7xx_hal_qspi.c ****   }
2525:Drivers/STM32H7xx_HAL_Driver/Src/stm32h7xx_hal_qspi.c **** 
2526:Drivers/STM32H7xx_HAL_Driver/Src/stm32h7xx_hal_qspi.c ****   if (cmd->InstructionMode != QSPI_INSTRUCTION_NONE)
 124              		.loc 1 2526 3 view .LVU24
 125              		.loc 1 2526 10 is_stmt 0 view .LVU25
 126 0014 8C69     		ldr	r4, [r1, #24]
 127              		.loc 1 2526 6 view .LVU26
 128 0016 002C     		cmp	r4, #0
 129 0018 75D0     		beq	.L5
2527:Drivers/STM32H7xx_HAL_Driver/Src/stm32h7xx_hal_qspi.c ****   {
2528:Drivers/STM32H7xx_HAL_Driver/Src/stm32h7xx_hal_qspi.c ****     if (cmd->AlternateByteMode != QSPI_ALTERNATE_BYTES_NONE)
 130              		.loc 1 2528 5 is_stmt 1 view .LVU27
 131              		.loc 1 2528 12 is_stmt 0 view .LVU28
 132 001a 0E6A     		ldr	r6, [r1, #32]
 133              		.loc 1 2528 8 view .LVU29
 134 001c 002E     		cmp	r6, #0
 135 001e 3ED0     		beq	.L6
2529:Drivers/STM32H7xx_HAL_Driver/Src/stm32h7xx_hal_qspi.c ****     {
2530:Drivers/STM32H7xx_HAL_Driver/Src/stm32h7xx_hal_qspi.c ****       /* Configure QSPI: ABR register with alternate bytes value */
2531:Drivers/STM32H7xx_HAL_Driver/Src/stm32h7xx_hal_qspi.c ****       WRITE_REG(hqspi->Instance->ABR, cmd->AlternateBytes);
 136              		.loc 1 2531 7 is_stmt 1 view .LVU30
 137 0020 0368     		ldr	r3, [r0]
 138 0022 8C68     		ldr	r4, [r1, #8]
 139 0024 DC61     		str	r4, [r3, #28]
2532:Drivers/STM32H7xx_HAL_Driver/Src/stm32h7xx_hal_qspi.c **** 
2533:Drivers/STM32H7xx_HAL_Driver/Src/stm32h7xx_hal_qspi.c ****       if (cmd->AddressMode != QSPI_ADDRESS_NONE)
 140              		.loc 1 2533 7 view .LVU31
 141              		.loc 1 2533 14 is_stmt 0 view .LVU32
 142 0026 CC69     		ldr	r4, [r1, #28]
 143              		.loc 1 2533 10 view .LVU33
 144 0028 F4B1     		cbz	r4, .L7
2534:Drivers/STM32H7xx_HAL_Driver/Src/stm32h7xx_hal_qspi.c ****       {
2535:Drivers/STM32H7xx_HAL_Driver/Src/stm32h7xx_hal_qspi.c ****         /*---- Command with instruction, address and alternate bytes ----*/
2536:Drivers/STM32H7xx_HAL_Driver/Src/stm32h7xx_hal_qspi.c ****         /* Configure QSPI: CCR register with all communications parameters */
2537:Drivers/STM32H7xx_HAL_Driver/Src/stm32h7xx_hal_qspi.c ****         WRITE_REG(hqspi->Instance->CCR, (cmd->DdrMode | cmd->DdrHoldHalfCycle | cmd->SIOOMode |
 145              		.loc 1 2537 9 is_stmt 1 view .LVU34
 146 002a CB6A     		ldr	r3, [r1, #44]
 147 002c 0D6B     		ldr	r5, [r1, #48]
ARM GAS  C:\Users\12491\AppData\Local\Temp\ccCAIkbk.s 			page 48


 148 002e 2B43     		orrs	r3, r3, r5
 149 0030 4D6B     		ldr	r5, [r1, #52]
 150 0032 2B43     		orrs	r3, r3, r5
 151 0034 4D6A     		ldr	r5, [r1, #36]
 152 0036 2B43     		orrs	r3, r3, r5
 153 0038 4D69     		ldr	r5, [r1, #20]
 154 003a 43EA8543 		orr	r3, r3, r5, lsl #18
 155 003e 0D69     		ldr	r5, [r1, #16]
 156 0040 2B43     		orrs	r3, r3, r5
 157 0042 0D6A     		ldr	r5, [r1, #32]
 158 0044 2B43     		orrs	r3, r3, r5
 159 0046 CD68     		ldr	r5, [r1, #12]
 160 0048 2B43     		orrs	r3, r3, r5
 161 004a 2343     		orrs	r3, r3, r4
 162 004c 8C69     		ldr	r4, [r1, #24]
 163 004e 2343     		orrs	r3, r3, r4
 164 0050 0C68     		ldr	r4, [r1]
 165 0052 2343     		orrs	r3, r3, r4
 166 0054 0468     		ldr	r4, [r0]
 167 0056 1343     		orrs	r3, r3, r2
 168 0058 6361     		str	r3, [r4, #20]
2538:Drivers/STM32H7xx_HAL_Driver/Src/stm32h7xx_hal_qspi.c ****                                          cmd->DataMode | (cmd->DummyCycles << QUADSPI_CCR_DCYC_Pos)
2539:Drivers/STM32H7xx_HAL_Driver/Src/stm32h7xx_hal_qspi.c ****                                          cmd->AlternateBytesSize | cmd->AlternateByteMode |
2540:Drivers/STM32H7xx_HAL_Driver/Src/stm32h7xx_hal_qspi.c ****                                          cmd->AddressSize | cmd->AddressMode | cmd->InstructionMode
2541:Drivers/STM32H7xx_HAL_Driver/Src/stm32h7xx_hal_qspi.c ****                                          cmd->Instruction | FunctionalMode));
2542:Drivers/STM32H7xx_HAL_Driver/Src/stm32h7xx_hal_qspi.c **** 
2543:Drivers/STM32H7xx_HAL_Driver/Src/stm32h7xx_hal_qspi.c ****         if (FunctionalMode != QSPI_FUNCTIONAL_MODE_MEMORY_MAPPED)
 169              		.loc 1 2543 9 view .LVU35
 170              		.loc 1 2543 12 is_stmt 0 view .LVU36
 171 005a B2F1406F 		cmp	r2, #201326592
 172 005e 1CD0     		beq	.L3
2544:Drivers/STM32H7xx_HAL_Driver/Src/stm32h7xx_hal_qspi.c ****         {
2545:Drivers/STM32H7xx_HAL_Driver/Src/stm32h7xx_hal_qspi.c ****           /* Configure QSPI: AR register with address value */
2546:Drivers/STM32H7xx_HAL_Driver/Src/stm32h7xx_hal_qspi.c ****           WRITE_REG(hqspi->Instance->AR, cmd->Address);
 173              		.loc 1 2546 11 is_stmt 1 view .LVU37
 174 0060 0368     		ldr	r3, [r0]
 175 0062 4A68     		ldr	r2, [r1, #4]
 176              	.LVL7:
 177              		.loc 1 2546 11 is_stmt 0 view .LVU38
 178 0064 9A61     		str	r2, [r3, #24]
 179 0066 18E0     		b	.L3
 180              	.LVL8:
 181              	.L7:
2547:Drivers/STM32H7xx_HAL_Driver/Src/stm32h7xx_hal_qspi.c ****         }
2548:Drivers/STM32H7xx_HAL_Driver/Src/stm32h7xx_hal_qspi.c ****       }
2549:Drivers/STM32H7xx_HAL_Driver/Src/stm32h7xx_hal_qspi.c ****       else
2550:Drivers/STM32H7xx_HAL_Driver/Src/stm32h7xx_hal_qspi.c ****       {
2551:Drivers/STM32H7xx_HAL_Driver/Src/stm32h7xx_hal_qspi.c ****         /*---- Command with instruction and alternate bytes ----*/
2552:Drivers/STM32H7xx_HAL_Driver/Src/stm32h7xx_hal_qspi.c ****         /* Configure QSPI: CCR register with all communications parameters */
2553:Drivers/STM32H7xx_HAL_Driver/Src/stm32h7xx_hal_qspi.c ****         WRITE_REG(hqspi->Instance->CCR, (cmd->DdrMode | cmd->DdrHoldHalfCycle | cmd->SIOOMode |
 182              		.loc 1 2553 9 is_stmt 1 view .LVU39
 183 0068 CB6A     		ldr	r3, [r1, #44]
 184 006a 0D6B     		ldr	r5, [r1, #48]
 185 006c 2B43     		orrs	r3, r3, r5
 186 006e 4D6B     		ldr	r5, [r1, #52]
 187 0070 2B43     		orrs	r3, r3, r5
 188 0072 4D6A     		ldr	r5, [r1, #36]
ARM GAS  C:\Users\12491\AppData\Local\Temp\ccCAIkbk.s 			page 49


 189 0074 2B43     		orrs	r3, r3, r5
 190 0076 4D69     		ldr	r5, [r1, #20]
 191 0078 43EA8543 		orr	r3, r3, r5, lsl #18
 192 007c 0D69     		ldr	r5, [r1, #16]
 193 007e 2B43     		orrs	r3, r3, r5
 194 0080 0D6A     		ldr	r5, [r1, #32]
 195 0082 2B43     		orrs	r3, r3, r5
 196 0084 2343     		orrs	r3, r3, r4
 197 0086 8C69     		ldr	r4, [r1, #24]
 198 0088 2343     		orrs	r3, r3, r4
 199 008a 0968     		ldr	r1, [r1]
 200              	.LVL9:
 201              		.loc 1 2553 9 is_stmt 0 view .LVU40
 202 008c 0B43     		orrs	r3, r3, r1
 203 008e 0168     		ldr	r1, [r0]
 204 0090 1343     		orrs	r3, r3, r2
 205 0092 4B61     		str	r3, [r1, #20]
2554:Drivers/STM32H7xx_HAL_Driver/Src/stm32h7xx_hal_qspi.c ****                                          cmd->DataMode | (cmd->DummyCycles << QUADSPI_CCR_DCYC_Pos)
2555:Drivers/STM32H7xx_HAL_Driver/Src/stm32h7xx_hal_qspi.c ****                                          cmd->AlternateBytesSize | cmd->AlternateByteMode |
2556:Drivers/STM32H7xx_HAL_Driver/Src/stm32h7xx_hal_qspi.c ****                                          cmd->AddressMode | cmd->InstructionMode |
2557:Drivers/STM32H7xx_HAL_Driver/Src/stm32h7xx_hal_qspi.c ****                                          cmd->Instruction | FunctionalMode));
2558:Drivers/STM32H7xx_HAL_Driver/Src/stm32h7xx_hal_qspi.c **** 
2559:Drivers/STM32H7xx_HAL_Driver/Src/stm32h7xx_hal_qspi.c ****         /* Clear AR register */
2560:Drivers/STM32H7xx_HAL_Driver/Src/stm32h7xx_hal_qspi.c ****         CLEAR_REG(hqspi->Instance->AR);
 206              		.loc 1 2560 9 is_stmt 1 view .LVU41
 207 0094 0368     		ldr	r3, [r0]
 208 0096 0022     		movs	r2, #0
 209              	.LVL10:
 210              		.loc 1 2560 9 is_stmt 0 view .LVU42
 211 0098 9A61     		str	r2, [r3, #24]
 212              	.L3:
2561:Drivers/STM32H7xx_HAL_Driver/Src/stm32h7xx_hal_qspi.c ****       }
2562:Drivers/STM32H7xx_HAL_Driver/Src/stm32h7xx_hal_qspi.c ****     }
2563:Drivers/STM32H7xx_HAL_Driver/Src/stm32h7xx_hal_qspi.c ****     else
2564:Drivers/STM32H7xx_HAL_Driver/Src/stm32h7xx_hal_qspi.c ****     {
2565:Drivers/STM32H7xx_HAL_Driver/Src/stm32h7xx_hal_qspi.c ****       if (cmd->AddressMode != QSPI_ADDRESS_NONE)
2566:Drivers/STM32H7xx_HAL_Driver/Src/stm32h7xx_hal_qspi.c ****       {
2567:Drivers/STM32H7xx_HAL_Driver/Src/stm32h7xx_hal_qspi.c ****         /*---- Command with instruction and address ----*/
2568:Drivers/STM32H7xx_HAL_Driver/Src/stm32h7xx_hal_qspi.c ****         /* Configure QSPI: CCR register with all communications parameters */
2569:Drivers/STM32H7xx_HAL_Driver/Src/stm32h7xx_hal_qspi.c ****         WRITE_REG(hqspi->Instance->CCR, (cmd->DdrMode | cmd->DdrHoldHalfCycle | cmd->SIOOMode |
2570:Drivers/STM32H7xx_HAL_Driver/Src/stm32h7xx_hal_qspi.c ****                                          cmd->DataMode | (cmd->DummyCycles << QUADSPI_CCR_DCYC_Pos)
2571:Drivers/STM32H7xx_HAL_Driver/Src/stm32h7xx_hal_qspi.c ****                                          cmd->AlternateByteMode | cmd->AddressSize | cmd->AddressMo
2572:Drivers/STM32H7xx_HAL_Driver/Src/stm32h7xx_hal_qspi.c ****                                          cmd->InstructionMode | cmd->Instruction | FunctionalMode))
2573:Drivers/STM32H7xx_HAL_Driver/Src/stm32h7xx_hal_qspi.c **** 
2574:Drivers/STM32H7xx_HAL_Driver/Src/stm32h7xx_hal_qspi.c ****         if (FunctionalMode != QSPI_FUNCTIONAL_MODE_MEMORY_MAPPED)
2575:Drivers/STM32H7xx_HAL_Driver/Src/stm32h7xx_hal_qspi.c ****         {
2576:Drivers/STM32H7xx_HAL_Driver/Src/stm32h7xx_hal_qspi.c ****           /* Configure QSPI: AR register with address value */
2577:Drivers/STM32H7xx_HAL_Driver/Src/stm32h7xx_hal_qspi.c ****           WRITE_REG(hqspi->Instance->AR, cmd->Address);
2578:Drivers/STM32H7xx_HAL_Driver/Src/stm32h7xx_hal_qspi.c ****         }
2579:Drivers/STM32H7xx_HAL_Driver/Src/stm32h7xx_hal_qspi.c ****       }
2580:Drivers/STM32H7xx_HAL_Driver/Src/stm32h7xx_hal_qspi.c ****       else
2581:Drivers/STM32H7xx_HAL_Driver/Src/stm32h7xx_hal_qspi.c ****       {
2582:Drivers/STM32H7xx_HAL_Driver/Src/stm32h7xx_hal_qspi.c ****         /*---- Command with only instruction ----*/
2583:Drivers/STM32H7xx_HAL_Driver/Src/stm32h7xx_hal_qspi.c ****         /* Configure QSPI: CCR register with all communications parameters */
2584:Drivers/STM32H7xx_HAL_Driver/Src/stm32h7xx_hal_qspi.c ****         WRITE_REG(hqspi->Instance->CCR, (cmd->DdrMode | cmd->DdrHoldHalfCycle | cmd->SIOOMode |
2585:Drivers/STM32H7xx_HAL_Driver/Src/stm32h7xx_hal_qspi.c ****                                          cmd->DataMode | (cmd->DummyCycles << QUADSPI_CCR_DCYC_Pos)
2586:Drivers/STM32H7xx_HAL_Driver/Src/stm32h7xx_hal_qspi.c ****                                          cmd->AlternateByteMode | cmd->AddressMode |
ARM GAS  C:\Users\12491\AppData\Local\Temp\ccCAIkbk.s 			page 50


2587:Drivers/STM32H7xx_HAL_Driver/Src/stm32h7xx_hal_qspi.c ****                                          cmd->InstructionMode | cmd->Instruction | FunctionalMode))
2588:Drivers/STM32H7xx_HAL_Driver/Src/stm32h7xx_hal_qspi.c **** 
2589:Drivers/STM32H7xx_HAL_Driver/Src/stm32h7xx_hal_qspi.c ****         /* Clear AR register */
2590:Drivers/STM32H7xx_HAL_Driver/Src/stm32h7xx_hal_qspi.c ****         CLEAR_REG(hqspi->Instance->AR);
2591:Drivers/STM32H7xx_HAL_Driver/Src/stm32h7xx_hal_qspi.c ****       }
2592:Drivers/STM32H7xx_HAL_Driver/Src/stm32h7xx_hal_qspi.c ****     }
2593:Drivers/STM32H7xx_HAL_Driver/Src/stm32h7xx_hal_qspi.c ****   }
2594:Drivers/STM32H7xx_HAL_Driver/Src/stm32h7xx_hal_qspi.c ****   else
2595:Drivers/STM32H7xx_HAL_Driver/Src/stm32h7xx_hal_qspi.c ****   {
2596:Drivers/STM32H7xx_HAL_Driver/Src/stm32h7xx_hal_qspi.c ****     if (cmd->AlternateByteMode != QSPI_ALTERNATE_BYTES_NONE)
2597:Drivers/STM32H7xx_HAL_Driver/Src/stm32h7xx_hal_qspi.c ****     {
2598:Drivers/STM32H7xx_HAL_Driver/Src/stm32h7xx_hal_qspi.c ****       /* Configure QSPI: ABR register with alternate bytes value */
2599:Drivers/STM32H7xx_HAL_Driver/Src/stm32h7xx_hal_qspi.c ****       WRITE_REG(hqspi->Instance->ABR, cmd->AlternateBytes);
2600:Drivers/STM32H7xx_HAL_Driver/Src/stm32h7xx_hal_qspi.c **** 
2601:Drivers/STM32H7xx_HAL_Driver/Src/stm32h7xx_hal_qspi.c ****       if (cmd->AddressMode != QSPI_ADDRESS_NONE)
2602:Drivers/STM32H7xx_HAL_Driver/Src/stm32h7xx_hal_qspi.c ****       {
2603:Drivers/STM32H7xx_HAL_Driver/Src/stm32h7xx_hal_qspi.c ****         /*---- Command with address and alternate bytes ----*/
2604:Drivers/STM32H7xx_HAL_Driver/Src/stm32h7xx_hal_qspi.c ****         /* Configure QSPI: CCR register with all communications parameters */
2605:Drivers/STM32H7xx_HAL_Driver/Src/stm32h7xx_hal_qspi.c ****         WRITE_REG(hqspi->Instance->CCR, (cmd->DdrMode | cmd->DdrHoldHalfCycle | cmd->SIOOMode |
2606:Drivers/STM32H7xx_HAL_Driver/Src/stm32h7xx_hal_qspi.c ****                                          cmd->DataMode | (cmd->DummyCycles << QUADSPI_CCR_DCYC_Pos)
2607:Drivers/STM32H7xx_HAL_Driver/Src/stm32h7xx_hal_qspi.c ****                                          cmd->AlternateBytesSize | cmd->AlternateByteMode |
2608:Drivers/STM32H7xx_HAL_Driver/Src/stm32h7xx_hal_qspi.c ****                                          cmd->AddressSize | cmd->AddressMode |
2609:Drivers/STM32H7xx_HAL_Driver/Src/stm32h7xx_hal_qspi.c ****                                          cmd->InstructionMode | FunctionalMode));
2610:Drivers/STM32H7xx_HAL_Driver/Src/stm32h7xx_hal_qspi.c **** 
2611:Drivers/STM32H7xx_HAL_Driver/Src/stm32h7xx_hal_qspi.c ****         if (FunctionalMode != QSPI_FUNCTIONAL_MODE_MEMORY_MAPPED)
2612:Drivers/STM32H7xx_HAL_Driver/Src/stm32h7xx_hal_qspi.c ****         {
2613:Drivers/STM32H7xx_HAL_Driver/Src/stm32h7xx_hal_qspi.c ****           /* Configure QSPI: AR register with address value */
2614:Drivers/STM32H7xx_HAL_Driver/Src/stm32h7xx_hal_qspi.c ****           WRITE_REG(hqspi->Instance->AR, cmd->Address);
2615:Drivers/STM32H7xx_HAL_Driver/Src/stm32h7xx_hal_qspi.c ****         }
2616:Drivers/STM32H7xx_HAL_Driver/Src/stm32h7xx_hal_qspi.c ****       }
2617:Drivers/STM32H7xx_HAL_Driver/Src/stm32h7xx_hal_qspi.c ****       else
2618:Drivers/STM32H7xx_HAL_Driver/Src/stm32h7xx_hal_qspi.c ****       {
2619:Drivers/STM32H7xx_HAL_Driver/Src/stm32h7xx_hal_qspi.c ****         /*---- Command with only alternate bytes ----*/
2620:Drivers/STM32H7xx_HAL_Driver/Src/stm32h7xx_hal_qspi.c ****         /* Configure QSPI: CCR register with all communications parameters */
2621:Drivers/STM32H7xx_HAL_Driver/Src/stm32h7xx_hal_qspi.c ****         WRITE_REG(hqspi->Instance->CCR, (cmd->DdrMode | cmd->DdrHoldHalfCycle | cmd->SIOOMode |
2622:Drivers/STM32H7xx_HAL_Driver/Src/stm32h7xx_hal_qspi.c ****                                          cmd->DataMode | (cmd->DummyCycles << QUADSPI_CCR_DCYC_Pos)
2623:Drivers/STM32H7xx_HAL_Driver/Src/stm32h7xx_hal_qspi.c ****                                          cmd->AlternateBytesSize | cmd->AlternateByteMode |
2624:Drivers/STM32H7xx_HAL_Driver/Src/stm32h7xx_hal_qspi.c ****                                          cmd->AddressMode | cmd->InstructionMode | FunctionalMode))
2625:Drivers/STM32H7xx_HAL_Driver/Src/stm32h7xx_hal_qspi.c **** 
2626:Drivers/STM32H7xx_HAL_Driver/Src/stm32h7xx_hal_qspi.c ****         /* Clear AR register */
2627:Drivers/STM32H7xx_HAL_Driver/Src/stm32h7xx_hal_qspi.c ****         CLEAR_REG(hqspi->Instance->AR);
2628:Drivers/STM32H7xx_HAL_Driver/Src/stm32h7xx_hal_qspi.c ****       }
2629:Drivers/STM32H7xx_HAL_Driver/Src/stm32h7xx_hal_qspi.c ****     }
2630:Drivers/STM32H7xx_HAL_Driver/Src/stm32h7xx_hal_qspi.c ****     else
2631:Drivers/STM32H7xx_HAL_Driver/Src/stm32h7xx_hal_qspi.c ****     {
2632:Drivers/STM32H7xx_HAL_Driver/Src/stm32h7xx_hal_qspi.c ****       if (cmd->AddressMode != QSPI_ADDRESS_NONE)
2633:Drivers/STM32H7xx_HAL_Driver/Src/stm32h7xx_hal_qspi.c ****       {
2634:Drivers/STM32H7xx_HAL_Driver/Src/stm32h7xx_hal_qspi.c ****         /*---- Command with only address ----*/
2635:Drivers/STM32H7xx_HAL_Driver/Src/stm32h7xx_hal_qspi.c ****         /* Configure QSPI: CCR register with all communications parameters */
2636:Drivers/STM32H7xx_HAL_Driver/Src/stm32h7xx_hal_qspi.c ****         WRITE_REG(hqspi->Instance->CCR, (cmd->DdrMode | cmd->DdrHoldHalfCycle | cmd->SIOOMode |
2637:Drivers/STM32H7xx_HAL_Driver/Src/stm32h7xx_hal_qspi.c ****                                          cmd->DataMode | (cmd->DummyCycles << QUADSPI_CCR_DCYC_Pos)
2638:Drivers/STM32H7xx_HAL_Driver/Src/stm32h7xx_hal_qspi.c ****                                          cmd->AlternateByteMode | cmd->AddressSize |
2639:Drivers/STM32H7xx_HAL_Driver/Src/stm32h7xx_hal_qspi.c ****                                          cmd->AddressMode | cmd->InstructionMode | FunctionalMode))
2640:Drivers/STM32H7xx_HAL_Driver/Src/stm32h7xx_hal_qspi.c **** 
2641:Drivers/STM32H7xx_HAL_Driver/Src/stm32h7xx_hal_qspi.c ****         if (FunctionalMode != QSPI_FUNCTIONAL_MODE_MEMORY_MAPPED)
2642:Drivers/STM32H7xx_HAL_Driver/Src/stm32h7xx_hal_qspi.c ****         {
2643:Drivers/STM32H7xx_HAL_Driver/Src/stm32h7xx_hal_qspi.c ****           /* Configure QSPI: AR register with address value */
ARM GAS  C:\Users\12491\AppData\Local\Temp\ccCAIkbk.s 			page 51


2644:Drivers/STM32H7xx_HAL_Driver/Src/stm32h7xx_hal_qspi.c ****           WRITE_REG(hqspi->Instance->AR, cmd->Address);
2645:Drivers/STM32H7xx_HAL_Driver/Src/stm32h7xx_hal_qspi.c ****         }
2646:Drivers/STM32H7xx_HAL_Driver/Src/stm32h7xx_hal_qspi.c ****       }
2647:Drivers/STM32H7xx_HAL_Driver/Src/stm32h7xx_hal_qspi.c ****       else
2648:Drivers/STM32H7xx_HAL_Driver/Src/stm32h7xx_hal_qspi.c ****       {
2649:Drivers/STM32H7xx_HAL_Driver/Src/stm32h7xx_hal_qspi.c ****         /*---- Command with only data phase ----*/
2650:Drivers/STM32H7xx_HAL_Driver/Src/stm32h7xx_hal_qspi.c ****         if (cmd->DataMode != QSPI_DATA_NONE)
2651:Drivers/STM32H7xx_HAL_Driver/Src/stm32h7xx_hal_qspi.c ****         {
2652:Drivers/STM32H7xx_HAL_Driver/Src/stm32h7xx_hal_qspi.c ****           /* Configure QSPI: CCR register with all communications parameters */
2653:Drivers/STM32H7xx_HAL_Driver/Src/stm32h7xx_hal_qspi.c ****           WRITE_REG(hqspi->Instance->CCR, (cmd->DdrMode | cmd->DdrHoldHalfCycle | cmd->SIOOMode |
2654:Drivers/STM32H7xx_HAL_Driver/Src/stm32h7xx_hal_qspi.c ****                                            cmd->DataMode | (cmd->DummyCycles << QUADSPI_CCR_DCYC_Po
2655:Drivers/STM32H7xx_HAL_Driver/Src/stm32h7xx_hal_qspi.c ****                                            cmd->AlternateByteMode | cmd->AddressMode |
2656:Drivers/STM32H7xx_HAL_Driver/Src/stm32h7xx_hal_qspi.c ****                                            cmd->InstructionMode | FunctionalMode));
2657:Drivers/STM32H7xx_HAL_Driver/Src/stm32h7xx_hal_qspi.c **** 
2658:Drivers/STM32H7xx_HAL_Driver/Src/stm32h7xx_hal_qspi.c ****           /* Clear AR register */
2659:Drivers/STM32H7xx_HAL_Driver/Src/stm32h7xx_hal_qspi.c ****           CLEAR_REG(hqspi->Instance->AR);
2660:Drivers/STM32H7xx_HAL_Driver/Src/stm32h7xx_hal_qspi.c ****         }
2661:Drivers/STM32H7xx_HAL_Driver/Src/stm32h7xx_hal_qspi.c ****       }
2662:Drivers/STM32H7xx_HAL_Driver/Src/stm32h7xx_hal_qspi.c ****     }
2663:Drivers/STM32H7xx_HAL_Driver/Src/stm32h7xx_hal_qspi.c ****   }
2664:Drivers/STM32H7xx_HAL_Driver/Src/stm32h7xx_hal_qspi.c **** }
 213              		.loc 1 2664 1 view .LVU43
 214 009a F0BC     		pop	{r4, r5, r6, r7}
 215              	.LCFI1:
 216              		.cfi_remember_state
 217              		.cfi_restore 7
 218              		.cfi_restore 6
 219              		.cfi_restore 5
 220              		.cfi_restore 4
 221              		.cfi_def_cfa_offset 0
 222 009c 7047     		bx	lr
 223              	.LVL11:
 224              	.L6:
 225              	.LCFI2:
 226              		.cfi_restore_state
2565:Drivers/STM32H7xx_HAL_Driver/Src/stm32h7xx_hal_qspi.c ****       {
 227              		.loc 1 2565 7 is_stmt 1 view .LVU44
2565:Drivers/STM32H7xx_HAL_Driver/Src/stm32h7xx_hal_qspi.c ****       {
 228              		.loc 1 2565 14 is_stmt 0 view .LVU45
 229 009e CD69     		ldr	r5, [r1, #28]
2565:Drivers/STM32H7xx_HAL_Driver/Src/stm32h7xx_hal_qspi.c ****       {
 230              		.loc 1 2565 10 view .LVU46
 231 00a0 D5B1     		cbz	r5, .L9
2569:Drivers/STM32H7xx_HAL_Driver/Src/stm32h7xx_hal_qspi.c ****                                          cmd->DataMode | (cmd->DummyCycles << QUADSPI_CCR_DCYC_Pos)
 232              		.loc 1 2569 9 is_stmt 1 view .LVU47
 233 00a2 CB6A     		ldr	r3, [r1, #44]
 234 00a4 0F6B     		ldr	r7, [r1, #48]
 235 00a6 3B43     		orrs	r3, r3, r7
 236 00a8 4F6B     		ldr	r7, [r1, #52]
 237 00aa 3B43     		orrs	r3, r3, r7
 238 00ac 4F6A     		ldr	r7, [r1, #36]
 239 00ae 3B43     		orrs	r3, r3, r7
 240 00b0 4F69     		ldr	r7, [r1, #20]
 241 00b2 43EA8743 		orr	r3, r3, r7, lsl #18
 242 00b6 3343     		orrs	r3, r3, r6
 243 00b8 CE68     		ldr	r6, [r1, #12]
 244 00ba 3343     		orrs	r3, r3, r6
ARM GAS  C:\Users\12491\AppData\Local\Temp\ccCAIkbk.s 			page 52


 245 00bc 2B43     		orrs	r3, r3, r5
 246 00be 2343     		orrs	r3, r3, r4
 247 00c0 0C68     		ldr	r4, [r1]
 248 00c2 2343     		orrs	r3, r3, r4
 249 00c4 0468     		ldr	r4, [r0]
 250 00c6 1343     		orrs	r3, r3, r2
 251 00c8 6361     		str	r3, [r4, #20]
2574:Drivers/STM32H7xx_HAL_Driver/Src/stm32h7xx_hal_qspi.c ****         {
 252              		.loc 1 2574 9 view .LVU48
2574:Drivers/STM32H7xx_HAL_Driver/Src/stm32h7xx_hal_qspi.c ****         {
 253              		.loc 1 2574 12 is_stmt 0 view .LVU49
 254 00ca B2F1406F 		cmp	r2, #201326592
 255 00ce E4D0     		beq	.L3
2577:Drivers/STM32H7xx_HAL_Driver/Src/stm32h7xx_hal_qspi.c ****         }
 256              		.loc 1 2577 11 is_stmt 1 view .LVU50
 257 00d0 0368     		ldr	r3, [r0]
 258 00d2 4A68     		ldr	r2, [r1, #4]
 259              	.LVL12:
2577:Drivers/STM32H7xx_HAL_Driver/Src/stm32h7xx_hal_qspi.c ****         }
 260              		.loc 1 2577 11 is_stmt 0 view .LVU51
 261 00d4 9A61     		str	r2, [r3, #24]
 262 00d6 E0E7     		b	.L3
 263              	.LVL13:
 264              	.L9:
2584:Drivers/STM32H7xx_HAL_Driver/Src/stm32h7xx_hal_qspi.c ****                                          cmd->DataMode | (cmd->DummyCycles << QUADSPI_CCR_DCYC_Pos)
 265              		.loc 1 2584 9 is_stmt 1 view .LVU52
 266 00d8 CB6A     		ldr	r3, [r1, #44]
 267 00da 0F6B     		ldr	r7, [r1, #48]
 268 00dc 3B43     		orrs	r3, r3, r7
 269 00de 4F6B     		ldr	r7, [r1, #52]
 270 00e0 3B43     		orrs	r3, r3, r7
 271 00e2 4F6A     		ldr	r7, [r1, #36]
 272 00e4 3B43     		orrs	r3, r3, r7
 273 00e6 4F69     		ldr	r7, [r1, #20]
 274 00e8 43EA8743 		orr	r3, r3, r7, lsl #18
 275 00ec 1E43     		orrs	r6, r6, r3
 276 00ee 45EA0603 		orr	r3, r5, r6
 277 00f2 2343     		orrs	r3, r3, r4
 278 00f4 0968     		ldr	r1, [r1]
 279              	.LVL14:
2584:Drivers/STM32H7xx_HAL_Driver/Src/stm32h7xx_hal_qspi.c ****                                          cmd->DataMode | (cmd->DummyCycles << QUADSPI_CCR_DCYC_Pos)
 280              		.loc 1 2584 9 is_stmt 0 view .LVU53
 281 00f6 0B43     		orrs	r3, r3, r1
 282 00f8 0168     		ldr	r1, [r0]
 283 00fa 1343     		orrs	r3, r3, r2
 284 00fc 4B61     		str	r3, [r1, #20]
2590:Drivers/STM32H7xx_HAL_Driver/Src/stm32h7xx_hal_qspi.c ****       }
 285              		.loc 1 2590 9 is_stmt 1 view .LVU54
 286 00fe 0368     		ldr	r3, [r0]
 287 0100 0022     		movs	r2, #0
 288              	.LVL15:
2590:Drivers/STM32H7xx_HAL_Driver/Src/stm32h7xx_hal_qspi.c ****       }
 289              		.loc 1 2590 9 is_stmt 0 view .LVU55
 290 0102 9A61     		str	r2, [r3, #24]
 291 0104 C9E7     		b	.L3
 292              	.LVL16:
 293              	.L5:
ARM GAS  C:\Users\12491\AppData\Local\Temp\ccCAIkbk.s 			page 53


2596:Drivers/STM32H7xx_HAL_Driver/Src/stm32h7xx_hal_qspi.c ****     {
 294              		.loc 1 2596 5 is_stmt 1 view .LVU56
2596:Drivers/STM32H7xx_HAL_Driver/Src/stm32h7xx_hal_qspi.c ****     {
 295              		.loc 1 2596 12 is_stmt 0 view .LVU57
 296 0106 0D6A     		ldr	r5, [r1, #32]
2596:Drivers/STM32H7xx_HAL_Driver/Src/stm32h7xx_hal_qspi.c ****     {
 297              		.loc 1 2596 8 view .LVU58
 298 0108 002D     		cmp	r5, #0
 299 010a 39D0     		beq	.L10
2599:Drivers/STM32H7xx_HAL_Driver/Src/stm32h7xx_hal_qspi.c **** 
 300              		.loc 1 2599 7 is_stmt 1 view .LVU59
 301 010c 0368     		ldr	r3, [r0]
 302 010e 8C68     		ldr	r4, [r1, #8]
 303 0110 DC61     		str	r4, [r3, #28]
2601:Drivers/STM32H7xx_HAL_Driver/Src/stm32h7xx_hal_qspi.c ****       {
 304              		.loc 1 2601 7 view .LVU60
2601:Drivers/STM32H7xx_HAL_Driver/Src/stm32h7xx_hal_qspi.c ****       {
 305              		.loc 1 2601 14 is_stmt 0 view .LVU61
 306 0112 CC69     		ldr	r4, [r1, #28]
2601:Drivers/STM32H7xx_HAL_Driver/Src/stm32h7xx_hal_qspi.c ****       {
 307              		.loc 1 2601 10 view .LVU62
 308 0114 E4B1     		cbz	r4, .L11
2605:Drivers/STM32H7xx_HAL_Driver/Src/stm32h7xx_hal_qspi.c ****                                          cmd->DataMode | (cmd->DummyCycles << QUADSPI_CCR_DCYC_Pos)
 309              		.loc 1 2605 9 is_stmt 1 view .LVU63
 310 0116 CB6A     		ldr	r3, [r1, #44]
 311 0118 0D6B     		ldr	r5, [r1, #48]
 312 011a 2B43     		orrs	r3, r3, r5
 313 011c 4D6B     		ldr	r5, [r1, #52]
 314 011e 2B43     		orrs	r3, r3, r5
 315 0120 4D6A     		ldr	r5, [r1, #36]
 316 0122 2B43     		orrs	r3, r3, r5
 317 0124 4D69     		ldr	r5, [r1, #20]
 318 0126 43EA8543 		orr	r3, r3, r5, lsl #18
 319 012a 0D69     		ldr	r5, [r1, #16]
 320 012c 2B43     		orrs	r3, r3, r5
 321 012e 0D6A     		ldr	r5, [r1, #32]
 322 0130 2B43     		orrs	r3, r3, r5
 323 0132 CD68     		ldr	r5, [r1, #12]
 324 0134 2B43     		orrs	r3, r3, r5
 325 0136 2343     		orrs	r3, r3, r4
 326 0138 8C69     		ldr	r4, [r1, #24]
 327 013a 2343     		orrs	r3, r3, r4
 328 013c 0468     		ldr	r4, [r0]
 329 013e 1343     		orrs	r3, r3, r2
 330 0140 6361     		str	r3, [r4, #20]
2611:Drivers/STM32H7xx_HAL_Driver/Src/stm32h7xx_hal_qspi.c ****         {
 331              		.loc 1 2611 9 view .LVU64
2611:Drivers/STM32H7xx_HAL_Driver/Src/stm32h7xx_hal_qspi.c ****         {
 332              		.loc 1 2611 12 is_stmt 0 view .LVU65
 333 0142 B2F1406F 		cmp	r2, #201326592
 334 0146 A8D0     		beq	.L3
2614:Drivers/STM32H7xx_HAL_Driver/Src/stm32h7xx_hal_qspi.c ****         }
 335              		.loc 1 2614 11 is_stmt 1 view .LVU66
 336 0148 0368     		ldr	r3, [r0]
 337 014a 4A68     		ldr	r2, [r1, #4]
 338              	.LVL17:
2614:Drivers/STM32H7xx_HAL_Driver/Src/stm32h7xx_hal_qspi.c ****         }
ARM GAS  C:\Users\12491\AppData\Local\Temp\ccCAIkbk.s 			page 54


 339              		.loc 1 2614 11 is_stmt 0 view .LVU67
 340 014c 9A61     		str	r2, [r3, #24]
 341 014e A4E7     		b	.L3
 342              	.LVL18:
 343              	.L11:
2621:Drivers/STM32H7xx_HAL_Driver/Src/stm32h7xx_hal_qspi.c ****                                          cmd->DataMode | (cmd->DummyCycles << QUADSPI_CCR_DCYC_Pos)
 344              		.loc 1 2621 9 is_stmt 1 view .LVU68
 345 0150 CB6A     		ldr	r3, [r1, #44]
 346 0152 0D6B     		ldr	r5, [r1, #48]
 347 0154 2B43     		orrs	r3, r3, r5
 348 0156 4D6B     		ldr	r5, [r1, #52]
 349 0158 2B43     		orrs	r3, r3, r5
 350 015a 4D6A     		ldr	r5, [r1, #36]
 351 015c 2B43     		orrs	r3, r3, r5
 352 015e 4D69     		ldr	r5, [r1, #20]
 353 0160 43EA8543 		orr	r3, r3, r5, lsl #18
 354 0164 0D69     		ldr	r5, [r1, #16]
 355 0166 2B43     		orrs	r3, r3, r5
 356 0168 0D6A     		ldr	r5, [r1, #32]
 357 016a 2B43     		orrs	r3, r3, r5
 358 016c 1C43     		orrs	r4, r4, r3
 359 016e 8B69     		ldr	r3, [r1, #24]
 360 0170 1C43     		orrs	r4, r4, r3
 361 0172 0368     		ldr	r3, [r0]
 362 0174 1443     		orrs	r4, r4, r2
 363 0176 5C61     		str	r4, [r3, #20]
2627:Drivers/STM32H7xx_HAL_Driver/Src/stm32h7xx_hal_qspi.c ****       }
 364              		.loc 1 2627 9 view .LVU69
 365 0178 0368     		ldr	r3, [r0]
 366 017a 0022     		movs	r2, #0
 367              	.LVL19:
2627:Drivers/STM32H7xx_HAL_Driver/Src/stm32h7xx_hal_qspi.c ****       }
 368              		.loc 1 2627 9 is_stmt 0 view .LVU70
 369 017c 9A61     		str	r2, [r3, #24]
 370 017e 8CE7     		b	.L3
 371              	.LVL20:
 372              	.L10:
2632:Drivers/STM32H7xx_HAL_Driver/Src/stm32h7xx_hal_qspi.c ****       {
 373              		.loc 1 2632 7 is_stmt 1 view .LVU71
2632:Drivers/STM32H7xx_HAL_Driver/Src/stm32h7xx_hal_qspi.c ****       {
 374              		.loc 1 2632 14 is_stmt 0 view .LVU72
 375 0180 CE69     		ldr	r6, [r1, #28]
2632:Drivers/STM32H7xx_HAL_Driver/Src/stm32h7xx_hal_qspi.c ****       {
 376              		.loc 1 2632 10 view .LVU73
 377 0182 CEB1     		cbz	r6, .L12
2636:Drivers/STM32H7xx_HAL_Driver/Src/stm32h7xx_hal_qspi.c ****                                          cmd->DataMode | (cmd->DummyCycles << QUADSPI_CCR_DCYC_Pos)
 378              		.loc 1 2636 9 is_stmt 1 view .LVU74
 379 0184 CB6A     		ldr	r3, [r1, #44]
 380 0186 0F6B     		ldr	r7, [r1, #48]
 381 0188 3B43     		orrs	r3, r3, r7
 382 018a 4F6B     		ldr	r7, [r1, #52]
 383 018c 3B43     		orrs	r3, r3, r7
 384 018e 4F6A     		ldr	r7, [r1, #36]
 385 0190 3B43     		orrs	r3, r3, r7
 386 0192 4F69     		ldr	r7, [r1, #20]
 387 0194 43EA8743 		orr	r3, r3, r7, lsl #18
 388 0198 2B43     		orrs	r3, r3, r5
ARM GAS  C:\Users\12491\AppData\Local\Temp\ccCAIkbk.s 			page 55


 389 019a CD68     		ldr	r5, [r1, #12]
 390 019c 2B43     		orrs	r3, r3, r5
 391 019e 3343     		orrs	r3, r3, r6
 392 01a0 2343     		orrs	r3, r3, r4
 393 01a2 0468     		ldr	r4, [r0]
 394 01a4 1343     		orrs	r3, r3, r2
 395 01a6 6361     		str	r3, [r4, #20]
2641:Drivers/STM32H7xx_HAL_Driver/Src/stm32h7xx_hal_qspi.c ****         {
 396              		.loc 1 2641 9 view .LVU75
2641:Drivers/STM32H7xx_HAL_Driver/Src/stm32h7xx_hal_qspi.c ****         {
 397              		.loc 1 2641 12 is_stmt 0 view .LVU76
 398 01a8 B2F1406F 		cmp	r2, #201326592
 399 01ac 3FF475AF 		beq	.L3
2644:Drivers/STM32H7xx_HAL_Driver/Src/stm32h7xx_hal_qspi.c ****         }
 400              		.loc 1 2644 11 is_stmt 1 view .LVU77
 401 01b0 0368     		ldr	r3, [r0]
 402 01b2 4A68     		ldr	r2, [r1, #4]
 403              	.LVL21:
2644:Drivers/STM32H7xx_HAL_Driver/Src/stm32h7xx_hal_qspi.c ****         }
 404              		.loc 1 2644 11 is_stmt 0 view .LVU78
 405 01b4 9A61     		str	r2, [r3, #24]
 406 01b6 70E7     		b	.L3
 407              	.LVL22:
 408              	.L12:
2650:Drivers/STM32H7xx_HAL_Driver/Src/stm32h7xx_hal_qspi.c ****         {
 409              		.loc 1 2650 9 is_stmt 1 view .LVU79
2650:Drivers/STM32H7xx_HAL_Driver/Src/stm32h7xx_hal_qspi.c ****         {
 410              		.loc 1 2650 16 is_stmt 0 view .LVU80
 411 01b8 D1F824C0 		ldr	ip, [r1, #36]
2650:Drivers/STM32H7xx_HAL_Driver/Src/stm32h7xx_hal_qspi.c ****         {
 412              		.loc 1 2650 12 view .LVU81
 413 01bc BCF1000F 		cmp	ip, #0
 414 01c0 3FF46BAF 		beq	.L3
2653:Drivers/STM32H7xx_HAL_Driver/Src/stm32h7xx_hal_qspi.c ****                                            cmd->DataMode | (cmd->DummyCycles << QUADSPI_CCR_DCYC_Po
 415              		.loc 1 2653 11 is_stmt 1 view .LVU82
 416 01c4 CB6A     		ldr	r3, [r1, #44]
 417 01c6 0F6B     		ldr	r7, [r1, #48]
 418 01c8 3B43     		orrs	r3, r3, r7
 419 01ca 4F6B     		ldr	r7, [r1, #52]
 420 01cc 3B43     		orrs	r3, r3, r7
 421 01ce 4CEA0307 		orr	r7, ip, r3
 422 01d2 4B69     		ldr	r3, [r1, #20]
 423 01d4 47EA8347 		orr	r7, r7, r3, lsl #18
 424 01d8 3D43     		orrs	r5, r5, r7
 425 01da 2E43     		orrs	r6, r6, r5
 426 01dc 3443     		orrs	r4, r4, r6
 427 01de 0368     		ldr	r3, [r0]
 428 01e0 1443     		orrs	r4, r4, r2
 429 01e2 5C61     		str	r4, [r3, #20]
2659:Drivers/STM32H7xx_HAL_Driver/Src/stm32h7xx_hal_qspi.c ****         }
 430              		.loc 1 2659 11 view .LVU83
 431 01e4 0368     		ldr	r3, [r0]
 432 01e6 0022     		movs	r2, #0
 433              	.LVL23:
2659:Drivers/STM32H7xx_HAL_Driver/Src/stm32h7xx_hal_qspi.c ****         }
 434              		.loc 1 2659 11 is_stmt 0 view .LVU84
 435 01e8 9A61     		str	r2, [r3, #24]
ARM GAS  C:\Users\12491\AppData\Local\Temp\ccCAIkbk.s 			page 56


 436              		.loc 1 2664 1 view .LVU85
 437 01ea 56E7     		b	.L3
 438              		.cfi_endproc
 439              	.LFE181:
 441              		.section	.text.QSPI_WaitFlagStateUntilTimeout,"ax",%progbits
 442              		.align	1
 443              		.syntax unified
 444              		.thumb
 445              		.thumb_func
 447              	QSPI_WaitFlagStateUntilTimeout:
 448              	.LVL24:
 449              	.LFB180:
2485:Drivers/STM32H7xx_HAL_Driver/Src/stm32h7xx_hal_qspi.c ****   /* Wait until flag is in expected state */
 450              		.loc 1 2485 1 is_stmt 1 view -0
 451              		.cfi_startproc
 452              		@ args = 4, pretend = 0, frame = 0
 453              		@ frame_needed = 0, uses_anonymous_args = 0
2485:Drivers/STM32H7xx_HAL_Driver/Src/stm32h7xx_hal_qspi.c ****   /* Wait until flag is in expected state */
 454              		.loc 1 2485 1 is_stmt 0 view .LVU87
 455 0000 2DE9F843 		push	{r3, r4, r5, r6, r7, r8, r9, lr}
 456              	.LCFI3:
 457              		.cfi_def_cfa_offset 32
 458              		.cfi_offset 3, -32
 459              		.cfi_offset 4, -28
 460              		.cfi_offset 5, -24
 461              		.cfi_offset 6, -20
 462              		.cfi_offset 7, -16
 463              		.cfi_offset 8, -12
 464              		.cfi_offset 9, -8
 465              		.cfi_offset 14, -4
 466 0004 0546     		mov	r5, r0
 467 0006 0F46     		mov	r7, r1
 468 0008 1646     		mov	r6, r2
 469 000a 9946     		mov	r9, r3
 470 000c DDF82080 		ldr	r8, [sp, #32]
2487:Drivers/STM32H7xx_HAL_Driver/Src/stm32h7xx_hal_qspi.c ****   {
 471              		.loc 1 2487 3 is_stmt 1 view .LVU88
 472              	.LVL25:
 473              	.L16:
2487:Drivers/STM32H7xx_HAL_Driver/Src/stm32h7xx_hal_qspi.c ****   {
 474              		.loc 1 2487 44 view .LVU89
2487:Drivers/STM32H7xx_HAL_Driver/Src/stm32h7xx_hal_qspi.c ****   {
 475              		.loc 1 2487 10 is_stmt 0 view .LVU90
 476 0010 2C68     		ldr	r4, [r5]
 477 0012 A468     		ldr	r4, [r4, #8]
 478 0014 3C42     		tst	r4, r7
 479 0016 14BF     		ite	ne
 480 0018 4FF0010C 		movne	ip, #1
 481 001c 4FF0000C 		moveq	ip, #0
2487:Drivers/STM32H7xx_HAL_Driver/Src/stm32h7xx_hal_qspi.c ****   {
 482              		.loc 1 2487 44 view .LVU91
 483 0020 B445     		cmp	ip, r6
 484 0022 14D0     		beq	.L21
2490:Drivers/STM32H7xx_HAL_Driver/Src/stm32h7xx_hal_qspi.c ****     {
 485              		.loc 1 2490 5 is_stmt 1 view .LVU92
2490:Drivers/STM32H7xx_HAL_Driver/Src/stm32h7xx_hal_qspi.c ****     {
 486              		.loc 1 2490 8 is_stmt 0 view .LVU93
ARM GAS  C:\Users\12491\AppData\Local\Temp\ccCAIkbk.s 			page 57


 487 0024 B8F1FF3F 		cmp	r8, #-1
 488 0028 F2D0     		beq	.L16
2492:Drivers/STM32H7xx_HAL_Driver/Src/stm32h7xx_hal_qspi.c ****       {
 489              		.loc 1 2492 7 is_stmt 1 view .LVU94
2492:Drivers/STM32H7xx_HAL_Driver/Src/stm32h7xx_hal_qspi.c ****       {
 490              		.loc 1 2492 12 is_stmt 0 view .LVU95
 491 002a FFF7FEFF 		bl	HAL_GetTick
 492              	.LVL26:
2492:Drivers/STM32H7xx_HAL_Driver/Src/stm32h7xx_hal_qspi.c ****       {
 493              		.loc 1 2492 26 discriminator 1 view .LVU96
 494 002e A0EB0900 		sub	r0, r0, r9
2492:Drivers/STM32H7xx_HAL_Driver/Src/stm32h7xx_hal_qspi.c ****       {
 495              		.loc 1 2492 9 discriminator 1 view .LVU97
 496 0032 4045     		cmp	r0, r8
 497 0034 02D8     		bhi	.L17
2492:Drivers/STM32H7xx_HAL_Driver/Src/stm32h7xx_hal_qspi.c ****       {
 498              		.loc 1 2492 50 discriminator 1 view .LVU98
 499 0036 B8F1000F 		cmp	r8, #0
 500 003a E9D1     		bne	.L16
 501              	.L17:
2494:Drivers/STM32H7xx_HAL_Driver/Src/stm32h7xx_hal_qspi.c ****         hqspi->ErrorCode |= HAL_QSPI_ERROR_TIMEOUT;
 502              		.loc 1 2494 9 is_stmt 1 view .LVU99
2494:Drivers/STM32H7xx_HAL_Driver/Src/stm32h7xx_hal_qspi.c ****         hqspi->ErrorCode |= HAL_QSPI_ERROR_TIMEOUT;
 503              		.loc 1 2494 26 is_stmt 0 view .LVU100
 504 003c 0423     		movs	r3, #4
 505 003e 85F84130 		strb	r3, [r5, #65]
2495:Drivers/STM32H7xx_HAL_Driver/Src/stm32h7xx_hal_qspi.c **** 
 506              		.loc 1 2495 9 is_stmt 1 view .LVU101
2495:Drivers/STM32H7xx_HAL_Driver/Src/stm32h7xx_hal_qspi.c **** 
 507              		.loc 1 2495 14 is_stmt 0 view .LVU102
 508 0042 6B6C     		ldr	r3, [r5, #68]
2495:Drivers/STM32H7xx_HAL_Driver/Src/stm32h7xx_hal_qspi.c **** 
 509              		.loc 1 2495 26 view .LVU103
 510 0044 43F00103 		orr	r3, r3, #1
 511 0048 6B64     		str	r3, [r5, #68]
2497:Drivers/STM32H7xx_HAL_Driver/Src/stm32h7xx_hal_qspi.c ****       }
 512              		.loc 1 2497 9 is_stmt 1 view .LVU104
2497:Drivers/STM32H7xx_HAL_Driver/Src/stm32h7xx_hal_qspi.c ****       }
 513              		.loc 1 2497 16 is_stmt 0 view .LVU105
 514 004a 0120     		movs	r0, #1
 515 004c 00E0     		b	.L18
 516              	.L21:
2501:Drivers/STM32H7xx_HAL_Driver/Src/stm32h7xx_hal_qspi.c **** }
 517              		.loc 1 2501 10 view .LVU106
 518 004e 0020     		movs	r0, #0
 519              	.L18:
2502:Drivers/STM32H7xx_HAL_Driver/Src/stm32h7xx_hal_qspi.c **** 
 520              		.loc 1 2502 1 view .LVU107
 521 0050 BDE8F883 		pop	{r3, r4, r5, r6, r7, r8, r9, pc}
2502:Drivers/STM32H7xx_HAL_Driver/Src/stm32h7xx_hal_qspi.c **** 
 522              		.loc 1 2502 1 view .LVU108
 523              		.cfi_endproc
 524              	.LFE180:
 526              		.section	.text.HAL_QSPI_MspInit,"ax",%progbits
 527              		.align	1
 528              		.weak	HAL_QSPI_MspInit
 529              		.syntax unified
ARM GAS  C:\Users\12491\AppData\Local\Temp\ccCAIkbk.s 			page 58


 530              		.thumb
 531              		.thumb_func
 533              	HAL_QSPI_MspInit:
 534              	.LVL27:
 535              	.LFB146:
 439:Drivers/STM32H7xx_HAL_Driver/Src/stm32h7xx_hal_qspi.c ****   /* Prevent unused argument(s) compilation warning */
 536              		.loc 1 439 1 is_stmt 1 view -0
 537              		.cfi_startproc
 538              		@ args = 0, pretend = 0, frame = 0
 539              		@ frame_needed = 0, uses_anonymous_args = 0
 540              		@ link register save eliminated.
 441:Drivers/STM32H7xx_HAL_Driver/Src/stm32h7xx_hal_qspi.c **** 
 541              		.loc 1 441 3 view .LVU110
 446:Drivers/STM32H7xx_HAL_Driver/Src/stm32h7xx_hal_qspi.c **** 
 542              		.loc 1 446 1 is_stmt 0 view .LVU111
 543 0000 7047     		bx	lr
 544              		.cfi_endproc
 545              	.LFE146:
 547              		.section	.text.HAL_QSPI_MspDeInit,"ax",%progbits
 548              		.align	1
 549              		.weak	HAL_QSPI_MspDeInit
 550              		.syntax unified
 551              		.thumb
 552              		.thumb_func
 554              	HAL_QSPI_MspDeInit:
 555              	.LVL28:
 556              	.LFB147:
 454:Drivers/STM32H7xx_HAL_Driver/Src/stm32h7xx_hal_qspi.c ****   /* Prevent unused argument(s) compilation warning */
 557              		.loc 1 454 1 is_stmt 1 view -0
 558              		.cfi_startproc
 559              		@ args = 0, pretend = 0, frame = 0
 560              		@ frame_needed = 0, uses_anonymous_args = 0
 561              		@ link register save eliminated.
 456:Drivers/STM32H7xx_HAL_Driver/Src/stm32h7xx_hal_qspi.c **** 
 562              		.loc 1 456 3 view .LVU113
 461:Drivers/STM32H7xx_HAL_Driver/Src/stm32h7xx_hal_qspi.c **** 
 563              		.loc 1 461 1 is_stmt 0 view .LVU114
 564 0000 7047     		bx	lr
 565              		.cfi_endproc
 566              	.LFE147:
 568              		.section	.text.HAL_QSPI_DeInit,"ax",%progbits
 569              		.align	1
 570              		.global	HAL_QSPI_DeInit
 571              		.syntax unified
 572              		.thumb
 573              		.thumb_func
 575              	HAL_QSPI_DeInit:
 576              	.LVL29:
 577              	.LFB145:
 401:Drivers/STM32H7xx_HAL_Driver/Src/stm32h7xx_hal_qspi.c ****   /* Check the QSPI handle allocation */
 578              		.loc 1 401 1 is_stmt 1 view -0
 579              		.cfi_startproc
 580              		@ args = 0, pretend = 0, frame = 0
 581              		@ frame_needed = 0, uses_anonymous_args = 0
 403:Drivers/STM32H7xx_HAL_Driver/Src/stm32h7xx_hal_qspi.c ****   {
 582              		.loc 1 403 3 view .LVU116
 403:Drivers/STM32H7xx_HAL_Driver/Src/stm32h7xx_hal_qspi.c ****   {
ARM GAS  C:\Users\12491\AppData\Local\Temp\ccCAIkbk.s 			page 59


 583              		.loc 1 403 5 is_stmt 0 view .LVU117
 584 0000 68B1     		cbz	r0, .L26
 401:Drivers/STM32H7xx_HAL_Driver/Src/stm32h7xx_hal_qspi.c ****   /* Check the QSPI handle allocation */
 585              		.loc 1 401 1 view .LVU118
 586 0002 10B5     		push	{r4, lr}
 587              	.LCFI4:
 588              		.cfi_def_cfa_offset 8
 589              		.cfi_offset 4, -8
 590              		.cfi_offset 14, -4
 591 0004 0446     		mov	r4, r0
 409:Drivers/STM32H7xx_HAL_Driver/Src/stm32h7xx_hal_qspi.c **** 
 592              		.loc 1 409 3 is_stmt 1 view .LVU119
 593 0006 0268     		ldr	r2, [r0]
 594 0008 1368     		ldr	r3, [r2]
 595 000a 23F00103 		bic	r3, r3, #1
 596 000e 1360     		str	r3, [r2]
 421:Drivers/STM32H7xx_HAL_Driver/Src/stm32h7xx_hal_qspi.c **** #endif
 597              		.loc 1 421 3 view .LVU120
 598 0010 FFF7FEFF 		bl	HAL_QSPI_MspDeInit
 599              	.LVL30:
 425:Drivers/STM32H7xx_HAL_Driver/Src/stm32h7xx_hal_qspi.c **** 
 600              		.loc 1 425 3 view .LVU121
 425:Drivers/STM32H7xx_HAL_Driver/Src/stm32h7xx_hal_qspi.c **** 
 601              		.loc 1 425 20 is_stmt 0 view .LVU122
 602 0014 0020     		movs	r0, #0
 603 0016 6064     		str	r0, [r4, #68]
 428:Drivers/STM32H7xx_HAL_Driver/Src/stm32h7xx_hal_qspi.c **** 
 604              		.loc 1 428 3 is_stmt 1 view .LVU123
 428:Drivers/STM32H7xx_HAL_Driver/Src/stm32h7xx_hal_qspi.c **** 
 605              		.loc 1 428 16 is_stmt 0 view .LVU124
 606 0018 84F84100 		strb	r0, [r4, #65]
 430:Drivers/STM32H7xx_HAL_Driver/Src/stm32h7xx_hal_qspi.c **** }
 607              		.loc 1 430 3 is_stmt 1 view .LVU125
 431:Drivers/STM32H7xx_HAL_Driver/Src/stm32h7xx_hal_qspi.c **** 
 608              		.loc 1 431 1 is_stmt 0 view .LVU126
 609 001c 10BD     		pop	{r4, pc}
 610              	.LVL31:
 611              	.L26:
 612              	.LCFI5:
 613              		.cfi_def_cfa_offset 0
 614              		.cfi_restore 4
 615              		.cfi_restore 14
 405:Drivers/STM32H7xx_HAL_Driver/Src/stm32h7xx_hal_qspi.c ****   }
 616              		.loc 1 405 12 view .LVU127
 617 001e 0120     		movs	r0, #1
 618              	.LVL32:
 431:Drivers/STM32H7xx_HAL_Driver/Src/stm32h7xx_hal_qspi.c **** 
 619              		.loc 1 431 1 view .LVU128
 620 0020 7047     		bx	lr
 621              		.cfi_endproc
 622              	.LFE145:
 624              		.section	.text.HAL_QSPI_Command,"ax",%progbits
 625              		.align	1
 626              		.global	HAL_QSPI_Command
 627              		.syntax unified
 628              		.thumb
 629              		.thumb_func
ARM GAS  C:\Users\12491\AppData\Local\Temp\ccCAIkbk.s 			page 60


 631              	HAL_QSPI_Command:
 632              	.LVL33:
 633              	.LFB149:
 785:Drivers/STM32H7xx_HAL_Driver/Src/stm32h7xx_hal_qspi.c ****   HAL_StatusTypeDef status;
 634              		.loc 1 785 1 is_stmt 1 view -0
 635              		.cfi_startproc
 636              		@ args = 0, pretend = 0, frame = 0
 637              		@ frame_needed = 0, uses_anonymous_args = 0
 785:Drivers/STM32H7xx_HAL_Driver/Src/stm32h7xx_hal_qspi.c ****   HAL_StatusTypeDef status;
 638              		.loc 1 785 1 is_stmt 0 view .LVU130
 639 0000 2DE9F041 		push	{r4, r5, r6, r7, r8, lr}
 640              	.LCFI6:
 641              		.cfi_def_cfa_offset 24
 642              		.cfi_offset 4, -24
 643              		.cfi_offset 5, -20
 644              		.cfi_offset 6, -16
 645              		.cfi_offset 7, -12
 646              		.cfi_offset 8, -8
 647              		.cfi_offset 14, -4
 648 0004 82B0     		sub	sp, sp, #8
 649              	.LCFI7:
 650              		.cfi_def_cfa_offset 32
 651 0006 0446     		mov	r4, r0
 652 0008 0F46     		mov	r7, r1
 653 000a 1646     		mov	r6, r2
 786:Drivers/STM32H7xx_HAL_Driver/Src/stm32h7xx_hal_qspi.c ****   uint32_t tickstart = HAL_GetTick();
 654              		.loc 1 786 3 is_stmt 1 view .LVU131
 787:Drivers/STM32H7xx_HAL_Driver/Src/stm32h7xx_hal_qspi.c **** 
 655              		.loc 1 787 3 view .LVU132
 787:Drivers/STM32H7xx_HAL_Driver/Src/stm32h7xx_hal_qspi.c **** 
 656              		.loc 1 787 24 is_stmt 0 view .LVU133
 657 000c FFF7FEFF 		bl	HAL_GetTick
 658              	.LVL34:
 790:Drivers/STM32H7xx_HAL_Driver/Src/stm32h7xx_hal_qspi.c ****   if (cmd->InstructionMode != QSPI_INSTRUCTION_NONE)
 659              		.loc 1 790 3 is_stmt 1 view .LVU134
 791:Drivers/STM32H7xx_HAL_Driver/Src/stm32h7xx_hal_qspi.c ****   {
 660              		.loc 1 791 3 view .LVU135
 793:Drivers/STM32H7xx_HAL_Driver/Src/stm32h7xx_hal_qspi.c ****   }
 661              		.loc 1 793 5 view .LVU136
 796:Drivers/STM32H7xx_HAL_Driver/Src/stm32h7xx_hal_qspi.c ****   if (cmd->AddressMode != QSPI_ADDRESS_NONE)
 662              		.loc 1 796 3 view .LVU137
 797:Drivers/STM32H7xx_HAL_Driver/Src/stm32h7xx_hal_qspi.c ****   {
 663              		.loc 1 797 3 view .LVU138
 799:Drivers/STM32H7xx_HAL_Driver/Src/stm32h7xx_hal_qspi.c ****   }
 664              		.loc 1 799 5 view .LVU139
 802:Drivers/STM32H7xx_HAL_Driver/Src/stm32h7xx_hal_qspi.c ****   if (cmd->AlternateByteMode != QSPI_ALTERNATE_BYTES_NONE)
 665              		.loc 1 802 3 view .LVU140
 803:Drivers/STM32H7xx_HAL_Driver/Src/stm32h7xx_hal_qspi.c ****   {
 666              		.loc 1 803 3 view .LVU141
 805:Drivers/STM32H7xx_HAL_Driver/Src/stm32h7xx_hal_qspi.c ****   }
 667              		.loc 1 805 5 view .LVU142
 808:Drivers/STM32H7xx_HAL_Driver/Src/stm32h7xx_hal_qspi.c ****   assert_param(IS_QSPI_DATA_MODE(cmd->DataMode));
 668              		.loc 1 808 3 view .LVU143
 809:Drivers/STM32H7xx_HAL_Driver/Src/stm32h7xx_hal_qspi.c **** 
 669              		.loc 1 809 3 view .LVU144
 811:Drivers/STM32H7xx_HAL_Driver/Src/stm32h7xx_hal_qspi.c ****   assert_param(IS_QSPI_DDR_HHC(cmd->DdrHoldHalfCycle));
 670              		.loc 1 811 3 view .LVU145
ARM GAS  C:\Users\12491\AppData\Local\Temp\ccCAIkbk.s 			page 61


 812:Drivers/STM32H7xx_HAL_Driver/Src/stm32h7xx_hal_qspi.c ****   assert_param(IS_QSPI_SIOO_MODE(cmd->SIOOMode));
 671              		.loc 1 812 3 view .LVU146
 813:Drivers/STM32H7xx_HAL_Driver/Src/stm32h7xx_hal_qspi.c **** 
 672              		.loc 1 813 3 view .LVU147
 816:Drivers/STM32H7xx_HAL_Driver/Src/stm32h7xx_hal_qspi.c **** 
 673              		.loc 1 816 3 view .LVU148
 816:Drivers/STM32H7xx_HAL_Driver/Src/stm32h7xx_hal_qspi.c **** 
 674              		.loc 1 816 3 view .LVU149
 675 0010 94F840C0 		ldrb	ip, [r4, #64]	@ zero_extendqisi2
 676 0014 5FFA8CFC 		uxtb	ip, ip
 677 0018 BCF1010F 		cmp	ip, #1
 678 001c 3CD0     		beq	.L35
 679 001e 0546     		mov	r5, r0
 816:Drivers/STM32H7xx_HAL_Driver/Src/stm32h7xx_hal_qspi.c **** 
 680              		.loc 1 816 3 discriminator 2 view .LVU150
 681 0020 0123     		movs	r3, #1
 682 0022 84F84030 		strb	r3, [r4, #64]
 816:Drivers/STM32H7xx_HAL_Driver/Src/stm32h7xx_hal_qspi.c **** 
 683              		.loc 1 816 3 discriminator 2 view .LVU151
 818:Drivers/STM32H7xx_HAL_Driver/Src/stm32h7xx_hal_qspi.c ****   {
 684              		.loc 1 818 3 view .LVU152
 818:Drivers/STM32H7xx_HAL_Driver/Src/stm32h7xx_hal_qspi.c ****   {
 685              		.loc 1 818 11 is_stmt 0 view .LVU153
 686 0026 94F841C0 		ldrb	ip, [r4, #65]	@ zero_extendqisi2
 687 002a 5FFA8CFC 		uxtb	ip, ip
 818:Drivers/STM32H7xx_HAL_Driver/Src/stm32h7xx_hal_qspi.c ****   {
 688              		.loc 1 818 5 view .LVU154
 689 002e 9C45     		cmp	ip, r3
 690 0030 08D0     		beq	.L38
 856:Drivers/STM32H7xx_HAL_Driver/Src/stm32h7xx_hal_qspi.c ****   }
 691              		.loc 1 856 12 view .LVU155
 692 0032 4FF00208 		mov	r8, #2
 693              	.LVL35:
 694              	.L33:
 860:Drivers/STM32H7xx_HAL_Driver/Src/stm32h7xx_hal_qspi.c **** 
 695              		.loc 1 860 3 is_stmt 1 view .LVU156
 860:Drivers/STM32H7xx_HAL_Driver/Src/stm32h7xx_hal_qspi.c **** 
 696              		.loc 1 860 3 view .LVU157
 697 0036 0023     		movs	r3, #0
 698 0038 84F84030 		strb	r3, [r4, #64]
 860:Drivers/STM32H7xx_HAL_Driver/Src/stm32h7xx_hal_qspi.c **** 
 699              		.loc 1 860 3 view .LVU158
 863:Drivers/STM32H7xx_HAL_Driver/Src/stm32h7xx_hal_qspi.c **** }
 700              		.loc 1 863 3 view .LVU159
 701              	.LVL36:
 702              	.L32:
 864:Drivers/STM32H7xx_HAL_Driver/Src/stm32h7xx_hal_qspi.c **** 
 703              		.loc 1 864 1 is_stmt 0 view .LVU160
 704 003c 4046     		mov	r0, r8
 705 003e 02B0     		add	sp, sp, #8
 706              	.LCFI8:
 707              		.cfi_remember_state
 708              		.cfi_def_cfa_offset 24
 709              		@ sp needed
 710 0040 BDE8F081 		pop	{r4, r5, r6, r7, r8, pc}
 711              	.LVL37:
 712              	.L38:
ARM GAS  C:\Users\12491\AppData\Local\Temp\ccCAIkbk.s 			page 62


 713              	.LCFI9:
 714              		.cfi_restore_state
 820:Drivers/STM32H7xx_HAL_Driver/Src/stm32h7xx_hal_qspi.c **** 
 715              		.loc 1 820 5 is_stmt 1 view .LVU161
 820:Drivers/STM32H7xx_HAL_Driver/Src/stm32h7xx_hal_qspi.c **** 
 716              		.loc 1 820 22 is_stmt 0 view .LVU162
 717 0044 0022     		movs	r2, #0
 718 0046 6264     		str	r2, [r4, #68]
 823:Drivers/STM32H7xx_HAL_Driver/Src/stm32h7xx_hal_qspi.c **** 
 719              		.loc 1 823 5 is_stmt 1 view .LVU163
 823:Drivers/STM32H7xx_HAL_Driver/Src/stm32h7xx_hal_qspi.c **** 
 720              		.loc 1 823 18 is_stmt 0 view .LVU164
 721 0048 0223     		movs	r3, #2
 722 004a 84F84130 		strb	r3, [r4, #65]
 826:Drivers/STM32H7xx_HAL_Driver/Src/stm32h7xx_hal_qspi.c **** 
 723              		.loc 1 826 5 is_stmt 1 view .LVU165
 826:Drivers/STM32H7xx_HAL_Driver/Src/stm32h7xx_hal_qspi.c **** 
 724              		.loc 1 826 14 is_stmt 0 view .LVU166
 725 004e 0096     		str	r6, [sp]
 726 0050 0346     		mov	r3, r0
 727 0052 2021     		movs	r1, #32
 728 0054 2046     		mov	r0, r4
 729              	.LVL38:
 826:Drivers/STM32H7xx_HAL_Driver/Src/stm32h7xx_hal_qspi.c **** 
 730              		.loc 1 826 14 view .LVU167
 731 0056 FFF7FEFF 		bl	QSPI_WaitFlagStateUntilTimeout
 732              	.LVL39:
 828:Drivers/STM32H7xx_HAL_Driver/Src/stm32h7xx_hal_qspi.c ****     {
 733              		.loc 1 828 5 is_stmt 1 view .LVU168
 828:Drivers/STM32H7xx_HAL_Driver/Src/stm32h7xx_hal_qspi.c ****     {
 734              		.loc 1 828 8 is_stmt 0 view .LVU169
 735 005a 8046     		mov	r8, r0
 736 005c 0028     		cmp	r0, #0
 737 005e EAD1     		bne	.L33
 831:Drivers/STM32H7xx_HAL_Driver/Src/stm32h7xx_hal_qspi.c **** 
 738              		.loc 1 831 7 is_stmt 1 view .LVU170
 739 0060 0022     		movs	r2, #0
 740 0062 3946     		mov	r1, r7
 741 0064 2046     		mov	r0, r4
 742              	.LVL40:
 831:Drivers/STM32H7xx_HAL_Driver/Src/stm32h7xx_hal_qspi.c **** 
 743              		.loc 1 831 7 is_stmt 0 view .LVU171
 744 0066 FFF7FEFF 		bl	QSPI_Config
 745              	.LVL41:
 833:Drivers/STM32H7xx_HAL_Driver/Src/stm32h7xx_hal_qspi.c ****       {
 746              		.loc 1 833 7 is_stmt 1 view .LVU172
 833:Drivers/STM32H7xx_HAL_Driver/Src/stm32h7xx_hal_qspi.c ****       {
 747              		.loc 1 833 14 is_stmt 0 view .LVU173
 748 006a 7B6A     		ldr	r3, [r7, #36]
 833:Drivers/STM32H7xx_HAL_Driver/Src/stm32h7xx_hal_qspi.c ****       {
 749              		.loc 1 833 10 view .LVU174
 750 006c 1BB1     		cbz	r3, .L39
 850:Drivers/STM32H7xx_HAL_Driver/Src/stm32h7xx_hal_qspi.c ****       }
 751              		.loc 1 850 9 is_stmt 1 view .LVU175
 850:Drivers/STM32H7xx_HAL_Driver/Src/stm32h7xx_hal_qspi.c ****       }
 752              		.loc 1 850 22 is_stmt 0 view .LVU176
 753 006e 0123     		movs	r3, #1
ARM GAS  C:\Users\12491\AppData\Local\Temp\ccCAIkbk.s 			page 63


 754 0070 84F84130 		strb	r3, [r4, #65]
 755 0074 DFE7     		b	.L33
 756              	.L39:
 837:Drivers/STM32H7xx_HAL_Driver/Src/stm32h7xx_hal_qspi.c **** 
 757              		.loc 1 837 9 is_stmt 1 view .LVU177
 837:Drivers/STM32H7xx_HAL_Driver/Src/stm32h7xx_hal_qspi.c **** 
 758              		.loc 1 837 18 is_stmt 0 view .LVU178
 759 0076 0096     		str	r6, [sp]
 760 0078 2B46     		mov	r3, r5
 761 007a 0122     		movs	r2, #1
 762 007c 0221     		movs	r1, #2
 763 007e 2046     		mov	r0, r4
 764 0080 FFF7FEFF 		bl	QSPI_WaitFlagStateUntilTimeout
 765              	.LVL42:
 839:Drivers/STM32H7xx_HAL_Driver/Src/stm32h7xx_hal_qspi.c ****         {
 766              		.loc 1 839 9 is_stmt 1 view .LVU179
 839:Drivers/STM32H7xx_HAL_Driver/Src/stm32h7xx_hal_qspi.c ****         {
 767              		.loc 1 839 12 is_stmt 0 view .LVU180
 768 0084 8046     		mov	r8, r0
 769 0086 0028     		cmp	r0, #0
 770 0088 D5D1     		bne	.L33
 841:Drivers/STM32H7xx_HAL_Driver/Src/stm32h7xx_hal_qspi.c **** 
 771              		.loc 1 841 11 is_stmt 1 view .LVU181
 772 008a 2368     		ldr	r3, [r4]
 773 008c 0222     		movs	r2, #2
 774 008e DA60     		str	r2, [r3, #12]
 844:Drivers/STM32H7xx_HAL_Driver/Src/stm32h7xx_hal_qspi.c ****         }
 775              		.loc 1 844 11 view .LVU182
 844:Drivers/STM32H7xx_HAL_Driver/Src/stm32h7xx_hal_qspi.c ****         }
 776              		.loc 1 844 24 is_stmt 0 view .LVU183
 777 0090 0123     		movs	r3, #1
 778 0092 84F84130 		strb	r3, [r4, #65]
 779 0096 CEE7     		b	.L33
 780              	.LVL43:
 781              	.L35:
 816:Drivers/STM32H7xx_HAL_Driver/Src/stm32h7xx_hal_qspi.c **** 
 782              		.loc 1 816 3 discriminator 1 view .LVU184
 783 0098 4FF00208 		mov	r8, #2
 784 009c CEE7     		b	.L32
 785              		.cfi_endproc
 786              	.LFE149:
 788              		.section	.text.HAL_QSPI_Command_IT,"ax",%progbits
 789              		.align	1
 790              		.global	HAL_QSPI_Command_IT
 791              		.syntax unified
 792              		.thumb
 793              		.thumb_func
 795              	HAL_QSPI_Command_IT:
 796              	.LVL44:
 797              	.LFB150:
 874:Drivers/STM32H7xx_HAL_Driver/Src/stm32h7xx_hal_qspi.c ****   HAL_StatusTypeDef status;
 798              		.loc 1 874 1 is_stmt 1 view -0
 799              		.cfi_startproc
 800              		@ args = 0, pretend = 0, frame = 0
 801              		@ frame_needed = 0, uses_anonymous_args = 0
 874:Drivers/STM32H7xx_HAL_Driver/Src/stm32h7xx_hal_qspi.c ****   HAL_StatusTypeDef status;
 802              		.loc 1 874 1 is_stmt 0 view .LVU186
ARM GAS  C:\Users\12491\AppData\Local\Temp\ccCAIkbk.s 			page 64


 803 0000 70B5     		push	{r4, r5, r6, lr}
 804              	.LCFI10:
 805              		.cfi_def_cfa_offset 16
 806              		.cfi_offset 4, -16
 807              		.cfi_offset 5, -12
 808              		.cfi_offset 6, -8
 809              		.cfi_offset 14, -4
 810 0002 82B0     		sub	sp, sp, #8
 811              	.LCFI11:
 812              		.cfi_def_cfa_offset 24
 813 0004 0446     		mov	r4, r0
 814 0006 0D46     		mov	r5, r1
 875:Drivers/STM32H7xx_HAL_Driver/Src/stm32h7xx_hal_qspi.c ****   uint32_t tickstart = HAL_GetTick();
 815              		.loc 1 875 3 is_stmt 1 view .LVU187
 876:Drivers/STM32H7xx_HAL_Driver/Src/stm32h7xx_hal_qspi.c **** 
 816              		.loc 1 876 3 view .LVU188
 876:Drivers/STM32H7xx_HAL_Driver/Src/stm32h7xx_hal_qspi.c **** 
 817              		.loc 1 876 24 is_stmt 0 view .LVU189
 818 0008 FFF7FEFF 		bl	HAL_GetTick
 819              	.LVL45:
 879:Drivers/STM32H7xx_HAL_Driver/Src/stm32h7xx_hal_qspi.c ****   if (cmd->InstructionMode != QSPI_INSTRUCTION_NONE)
 820              		.loc 1 879 3 is_stmt 1 view .LVU190
 880:Drivers/STM32H7xx_HAL_Driver/Src/stm32h7xx_hal_qspi.c ****   {
 821              		.loc 1 880 3 view .LVU191
 882:Drivers/STM32H7xx_HAL_Driver/Src/stm32h7xx_hal_qspi.c ****   }
 822              		.loc 1 882 5 view .LVU192
 885:Drivers/STM32H7xx_HAL_Driver/Src/stm32h7xx_hal_qspi.c ****   if (cmd->AddressMode != QSPI_ADDRESS_NONE)
 823              		.loc 1 885 3 view .LVU193
 886:Drivers/STM32H7xx_HAL_Driver/Src/stm32h7xx_hal_qspi.c ****   {
 824              		.loc 1 886 3 view .LVU194
 888:Drivers/STM32H7xx_HAL_Driver/Src/stm32h7xx_hal_qspi.c ****   }
 825              		.loc 1 888 5 view .LVU195
 891:Drivers/STM32H7xx_HAL_Driver/Src/stm32h7xx_hal_qspi.c ****   if (cmd->AlternateByteMode != QSPI_ALTERNATE_BYTES_NONE)
 826              		.loc 1 891 3 view .LVU196
 892:Drivers/STM32H7xx_HAL_Driver/Src/stm32h7xx_hal_qspi.c ****   {
 827              		.loc 1 892 3 view .LVU197
 894:Drivers/STM32H7xx_HAL_Driver/Src/stm32h7xx_hal_qspi.c ****   }
 828              		.loc 1 894 5 view .LVU198
 897:Drivers/STM32H7xx_HAL_Driver/Src/stm32h7xx_hal_qspi.c ****   assert_param(IS_QSPI_DATA_MODE(cmd->DataMode));
 829              		.loc 1 897 3 view .LVU199
 898:Drivers/STM32H7xx_HAL_Driver/Src/stm32h7xx_hal_qspi.c **** 
 830              		.loc 1 898 3 view .LVU200
 900:Drivers/STM32H7xx_HAL_Driver/Src/stm32h7xx_hal_qspi.c ****   assert_param(IS_QSPI_DDR_HHC(cmd->DdrHoldHalfCycle));
 831              		.loc 1 900 3 view .LVU201
 901:Drivers/STM32H7xx_HAL_Driver/Src/stm32h7xx_hal_qspi.c ****   assert_param(IS_QSPI_SIOO_MODE(cmd->SIOOMode));
 832              		.loc 1 901 3 view .LVU202
 902:Drivers/STM32H7xx_HAL_Driver/Src/stm32h7xx_hal_qspi.c **** 
 833              		.loc 1 902 3 view .LVU203
 905:Drivers/STM32H7xx_HAL_Driver/Src/stm32h7xx_hal_qspi.c **** 
 834              		.loc 1 905 3 view .LVU204
 905:Drivers/STM32H7xx_HAL_Driver/Src/stm32h7xx_hal_qspi.c **** 
 835              		.loc 1 905 3 view .LVU205
 836 000c 94F84020 		ldrb	r2, [r4, #64]	@ zero_extendqisi2
 837 0010 D2B2     		uxtb	r2, r2
 838 0012 012A     		cmp	r2, #1
 839 0014 3BD0     		beq	.L46
 905:Drivers/STM32H7xx_HAL_Driver/Src/stm32h7xx_hal_qspi.c **** 
ARM GAS  C:\Users\12491\AppData\Local\Temp\ccCAIkbk.s 			page 65


 840              		.loc 1 905 3 discriminator 2 view .LVU206
 841 0016 0123     		movs	r3, #1
 842 0018 84F84030 		strb	r3, [r4, #64]
 905:Drivers/STM32H7xx_HAL_Driver/Src/stm32h7xx_hal_qspi.c **** 
 843              		.loc 1 905 3 discriminator 2 view .LVU207
 907:Drivers/STM32H7xx_HAL_Driver/Src/stm32h7xx_hal_qspi.c ****   {
 844              		.loc 1 907 3 view .LVU208
 907:Drivers/STM32H7xx_HAL_Driver/Src/stm32h7xx_hal_qspi.c ****   {
 845              		.loc 1 907 11 is_stmt 0 view .LVU209
 846 001c 94F84120 		ldrb	r2, [r4, #65]	@ zero_extendqisi2
 847 0020 D2B2     		uxtb	r2, r2
 907:Drivers/STM32H7xx_HAL_Driver/Src/stm32h7xx_hal_qspi.c ****   {
 848              		.loc 1 907 5 view .LVU210
 849 0022 9A42     		cmp	r2, r3
 850 0024 06D0     		beq	.L48
 955:Drivers/STM32H7xx_HAL_Driver/Src/stm32h7xx_hal_qspi.c **** 
 851              		.loc 1 955 5 is_stmt 1 view .LVU211
 852              	.LVL46:
 958:Drivers/STM32H7xx_HAL_Driver/Src/stm32h7xx_hal_qspi.c ****   }
 853              		.loc 1 958 5 view .LVU212
 958:Drivers/STM32H7xx_HAL_Driver/Src/stm32h7xx_hal_qspi.c ****   }
 854              		.loc 1 958 5 view .LVU213
 855 0026 0023     		movs	r3, #0
 856 0028 84F84030 		strb	r3, [r4, #64]
 955:Drivers/STM32H7xx_HAL_Driver/Src/stm32h7xx_hal_qspi.c **** 
 857              		.loc 1 955 12 is_stmt 0 view .LVU214
 858 002c 0226     		movs	r6, #2
 859              	.LVL47:
 860              	.L41:
 963:Drivers/STM32H7xx_HAL_Driver/Src/stm32h7xx_hal_qspi.c **** 
 861              		.loc 1 963 1 view .LVU215
 862 002e 3046     		mov	r0, r6
 863 0030 02B0     		add	sp, sp, #8
 864              	.LCFI12:
 865              		.cfi_remember_state
 866              		.cfi_def_cfa_offset 16
 867              		@ sp needed
 868 0032 70BD     		pop	{r4, r5, r6, pc}
 869              	.LVL48:
 870              	.L48:
 871              	.LCFI13:
 872              		.cfi_restore_state
 909:Drivers/STM32H7xx_HAL_Driver/Src/stm32h7xx_hal_qspi.c **** 
 873              		.loc 1 909 5 is_stmt 1 view .LVU216
 909:Drivers/STM32H7xx_HAL_Driver/Src/stm32h7xx_hal_qspi.c **** 
 874              		.loc 1 909 22 is_stmt 0 view .LVU217
 875 0034 0022     		movs	r2, #0
 876 0036 6264     		str	r2, [r4, #68]
 912:Drivers/STM32H7xx_HAL_Driver/Src/stm32h7xx_hal_qspi.c **** 
 877              		.loc 1 912 5 is_stmt 1 view .LVU218
 912:Drivers/STM32H7xx_HAL_Driver/Src/stm32h7xx_hal_qspi.c **** 
 878              		.loc 1 912 18 is_stmt 0 view .LVU219
 879 0038 0223     		movs	r3, #2
 880 003a 84F84130 		strb	r3, [r4, #65]
 915:Drivers/STM32H7xx_HAL_Driver/Src/stm32h7xx_hal_qspi.c **** 
 881              		.loc 1 915 5 is_stmt 1 view .LVU220
 915:Drivers/STM32H7xx_HAL_Driver/Src/stm32h7xx_hal_qspi.c **** 
ARM GAS  C:\Users\12491\AppData\Local\Temp\ccCAIkbk.s 			page 66


 882              		.loc 1 915 14 is_stmt 0 view .LVU221
 883 003e A36C     		ldr	r3, [r4, #72]
 884 0040 0093     		str	r3, [sp]
 885 0042 0346     		mov	r3, r0
 886 0044 2021     		movs	r1, #32
 887 0046 2046     		mov	r0, r4
 888              	.LVL49:
 915:Drivers/STM32H7xx_HAL_Driver/Src/stm32h7xx_hal_qspi.c **** 
 889              		.loc 1 915 14 view .LVU222
 890 0048 FFF7FEFF 		bl	QSPI_WaitFlagStateUntilTimeout
 891              	.LVL50:
 917:Drivers/STM32H7xx_HAL_Driver/Src/stm32h7xx_hal_qspi.c ****     {
 892              		.loc 1 917 5 is_stmt 1 view .LVU223
 917:Drivers/STM32H7xx_HAL_Driver/Src/stm32h7xx_hal_qspi.c ****     {
 893              		.loc 1 917 8 is_stmt 0 view .LVU224
 894 004c 0646     		mov	r6, r0
 895 004e D0B9     		cbnz	r0, .L43
 919:Drivers/STM32H7xx_HAL_Driver/Src/stm32h7xx_hal_qspi.c ****       {
 896              		.loc 1 919 7 is_stmt 1 view .LVU225
 919:Drivers/STM32H7xx_HAL_Driver/Src/stm32h7xx_hal_qspi.c ****       {
 897              		.loc 1 919 14 is_stmt 0 view .LVU226
 898 0050 6B6A     		ldr	r3, [r5, #36]
 919:Drivers/STM32H7xx_HAL_Driver/Src/stm32h7xx_hal_qspi.c ****       {
 899              		.loc 1 919 10 view .LVU227
 900 0052 13B9     		cbnz	r3, .L44
 922:Drivers/STM32H7xx_HAL_Driver/Src/stm32h7xx_hal_qspi.c ****       }
 901              		.loc 1 922 9 is_stmt 1 view .LVU228
 902 0054 2368     		ldr	r3, [r4]
 903 0056 0322     		movs	r2, #3
 904 0058 DA60     		str	r2, [r3, #12]
 905              	.L44:
 926:Drivers/STM32H7xx_HAL_Driver/Src/stm32h7xx_hal_qspi.c **** 
 906              		.loc 1 926 7 view .LVU229
 907 005a 0022     		movs	r2, #0
 908 005c 2946     		mov	r1, r5
 909 005e 2046     		mov	r0, r4
 910              	.LVL51:
 926:Drivers/STM32H7xx_HAL_Driver/Src/stm32h7xx_hal_qspi.c **** 
 911              		.loc 1 926 7 is_stmt 0 view .LVU230
 912 0060 FFF7FEFF 		bl	QSPI_Config
 913              	.LVL52:
 928:Drivers/STM32H7xx_HAL_Driver/Src/stm32h7xx_hal_qspi.c ****       {
 914              		.loc 1 928 7 is_stmt 1 view .LVU231
 928:Drivers/STM32H7xx_HAL_Driver/Src/stm32h7xx_hal_qspi.c ****       {
 915              		.loc 1 928 14 is_stmt 0 view .LVU232
 916 0064 6B6A     		ldr	r3, [r5, #36]
 928:Drivers/STM32H7xx_HAL_Driver/Src/stm32h7xx_hal_qspi.c ****       {
 917              		.loc 1 928 10 view .LVU233
 918 0066 3BB9     		cbnz	r3, .L45
 933:Drivers/STM32H7xx_HAL_Driver/Src/stm32h7xx_hal_qspi.c **** 
 919              		.loc 1 933 9 is_stmt 1 view .LVU234
 933:Drivers/STM32H7xx_HAL_Driver/Src/stm32h7xx_hal_qspi.c **** 
 920              		.loc 1 933 9 view .LVU235
 921 0068 84F84030 		strb	r3, [r4, #64]
 933:Drivers/STM32H7xx_HAL_Driver/Src/stm32h7xx_hal_qspi.c **** 
 922              		.loc 1 933 9 view .LVU236
 936:Drivers/STM32H7xx_HAL_Driver/Src/stm32h7xx_hal_qspi.c ****       }
ARM GAS  C:\Users\12491\AppData\Local\Temp\ccCAIkbk.s 			page 67


 923              		.loc 1 936 9 view .LVU237
 924 006c 2268     		ldr	r2, [r4]
 925 006e 1368     		ldr	r3, [r2]
 926 0070 43F44033 		orr	r3, r3, #196608
 927 0074 1360     		str	r3, [r2]
 928 0076 DAE7     		b	.L41
 929              	.L45:
 941:Drivers/STM32H7xx_HAL_Driver/Src/stm32h7xx_hal_qspi.c **** 
 930              		.loc 1 941 9 view .LVU238
 941:Drivers/STM32H7xx_HAL_Driver/Src/stm32h7xx_hal_qspi.c **** 
 931              		.loc 1 941 22 is_stmt 0 view .LVU239
 932 0078 0123     		movs	r3, #1
 933 007a 84F84130 		strb	r3, [r4, #65]
 944:Drivers/STM32H7xx_HAL_Driver/Src/stm32h7xx_hal_qspi.c ****       }
 934              		.loc 1 944 9 is_stmt 1 view .LVU240
 944:Drivers/STM32H7xx_HAL_Driver/Src/stm32h7xx_hal_qspi.c ****       }
 935              		.loc 1 944 9 view .LVU241
 936 007e 0023     		movs	r3, #0
 937 0080 84F84030 		strb	r3, [r4, #64]
 938 0084 D3E7     		b	.L41
 939              	.LVL53:
 940              	.L43:
 950:Drivers/STM32H7xx_HAL_Driver/Src/stm32h7xx_hal_qspi.c ****     }
 941              		.loc 1 950 7 view .LVU242
 950:Drivers/STM32H7xx_HAL_Driver/Src/stm32h7xx_hal_qspi.c ****     }
 942              		.loc 1 950 7 view .LVU243
 943 0086 0023     		movs	r3, #0
 944 0088 84F84030 		strb	r3, [r4, #64]
 945 008c CFE7     		b	.L41
 946              	.LVL54:
 947              	.L46:
 905:Drivers/STM32H7xx_HAL_Driver/Src/stm32h7xx_hal_qspi.c **** 
 948              		.loc 1 905 3 is_stmt 0 discriminator 1 view .LVU244
 949 008e 0226     		movs	r6, #2
 950 0090 CDE7     		b	.L41
 951              		.cfi_endproc
 952              	.LFE150:
 954              		.section	.text.HAL_QSPI_Transmit,"ax",%progbits
 955              		.align	1
 956              		.global	HAL_QSPI_Transmit
 957              		.syntax unified
 958              		.thumb
 959              		.thumb_func
 961              	HAL_QSPI_Transmit:
 962              	.LVL55:
 963              	.LFB151:
 974:Drivers/STM32H7xx_HAL_Driver/Src/stm32h7xx_hal_qspi.c ****   HAL_StatusTypeDef status = HAL_OK;
 964              		.loc 1 974 1 is_stmt 1 view -0
 965              		.cfi_startproc
 966              		@ args = 0, pretend = 0, frame = 0
 967              		@ frame_needed = 0, uses_anonymous_args = 0
 974:Drivers/STM32H7xx_HAL_Driver/Src/stm32h7xx_hal_qspi.c ****   HAL_StatusTypeDef status = HAL_OK;
 968              		.loc 1 974 1 is_stmt 0 view .LVU246
 969 0000 2DE9F043 		push	{r4, r5, r6, r7, r8, r9, lr}
 970              	.LCFI14:
 971              		.cfi_def_cfa_offset 28
 972              		.cfi_offset 4, -28
ARM GAS  C:\Users\12491\AppData\Local\Temp\ccCAIkbk.s 			page 68


 973              		.cfi_offset 5, -24
 974              		.cfi_offset 6, -20
 975              		.cfi_offset 7, -16
 976              		.cfi_offset 8, -12
 977              		.cfi_offset 9, -8
 978              		.cfi_offset 14, -4
 979 0004 83B0     		sub	sp, sp, #12
 980              	.LCFI15:
 981              		.cfi_def_cfa_offset 40
 982 0006 0446     		mov	r4, r0
 983 0008 8946     		mov	r9, r1
 984 000a 1746     		mov	r7, r2
 975:Drivers/STM32H7xx_HAL_Driver/Src/stm32h7xx_hal_qspi.c ****   uint32_t tickstart = HAL_GetTick();
 985              		.loc 1 975 3 is_stmt 1 view .LVU247
 986              	.LVL56:
 976:Drivers/STM32H7xx_HAL_Driver/Src/stm32h7xx_hal_qspi.c ****   __IO uint32_t *data_reg = &hqspi->Instance->DR;
 987              		.loc 1 976 3 view .LVU248
 976:Drivers/STM32H7xx_HAL_Driver/Src/stm32h7xx_hal_qspi.c ****   __IO uint32_t *data_reg = &hqspi->Instance->DR;
 988              		.loc 1 976 24 is_stmt 0 view .LVU249
 989 000c FFF7FEFF 		bl	HAL_GetTick
 990              	.LVL57:
 977:Drivers/STM32H7xx_HAL_Driver/Src/stm32h7xx_hal_qspi.c **** 
 991              		.loc 1 977 3 is_stmt 1 view .LVU250
 977:Drivers/STM32H7xx_HAL_Driver/Src/stm32h7xx_hal_qspi.c **** 
 992              		.loc 1 977 35 is_stmt 0 view .LVU251
 993 0010 D4F80080 		ldr	r8, [r4]
 994              	.LVL58:
 980:Drivers/STM32H7xx_HAL_Driver/Src/stm32h7xx_hal_qspi.c **** 
 995              		.loc 1 980 3 is_stmt 1 view .LVU252
 980:Drivers/STM32H7xx_HAL_Driver/Src/stm32h7xx_hal_qspi.c **** 
 996              		.loc 1 980 3 view .LVU253
 997 0014 94F84030 		ldrb	r3, [r4, #64]	@ zero_extendqisi2
 998 0018 DBB2     		uxtb	r3, r3
 999 001a 012B     		cmp	r3, #1
 1000 001c 57D0     		beq	.L57
 1001 001e 0646     		mov	r6, r0
 980:Drivers/STM32H7xx_HAL_Driver/Src/stm32h7xx_hal_qspi.c **** 
 1002              		.loc 1 980 3 discriminator 2 view .LVU254
 1003 0020 0123     		movs	r3, #1
 1004 0022 84F84030 		strb	r3, [r4, #64]
 980:Drivers/STM32H7xx_HAL_Driver/Src/stm32h7xx_hal_qspi.c **** 
 1005              		.loc 1 980 3 discriminator 2 view .LVU255
 982:Drivers/STM32H7xx_HAL_Driver/Src/stm32h7xx_hal_qspi.c ****   {
 1006              		.loc 1 982 3 view .LVU256
 982:Drivers/STM32H7xx_HAL_Driver/Src/stm32h7xx_hal_qspi.c ****   {
 1007              		.loc 1 982 11 is_stmt 0 view .LVU257
 1008 0026 94F84150 		ldrb	r5, [r4, #65]	@ zero_extendqisi2
 1009 002a EDB2     		uxtb	r5, r5
 982:Drivers/STM32H7xx_HAL_Driver/Src/stm32h7xx_hal_qspi.c ****   {
 1010              		.loc 1 982 5 view .LVU258
 1011 002c 9D42     		cmp	r5, r3
 1012 002e 07D0     		beq	.L60
1038:Drivers/STM32H7xx_HAL_Driver/Src/stm32h7xx_hal_qspi.c ****   }
 1013              		.loc 1 1038 12 view .LVU259
 1014 0030 0225     		movs	r5, #2
 1015              	.LVL59:
 1016              	.L51:
ARM GAS  C:\Users\12491\AppData\Local\Temp\ccCAIkbk.s 			page 69


1042:Drivers/STM32H7xx_HAL_Driver/Src/stm32h7xx_hal_qspi.c **** 
 1017              		.loc 1 1042 3 is_stmt 1 view .LVU260
1042:Drivers/STM32H7xx_HAL_Driver/Src/stm32h7xx_hal_qspi.c **** 
 1018              		.loc 1 1042 3 view .LVU261
 1019 0032 0023     		movs	r3, #0
 1020 0034 84F84030 		strb	r3, [r4, #64]
1042:Drivers/STM32H7xx_HAL_Driver/Src/stm32h7xx_hal_qspi.c **** 
 1021              		.loc 1 1042 3 view .LVU262
1044:Drivers/STM32H7xx_HAL_Driver/Src/stm32h7xx_hal_qspi.c **** }
 1022              		.loc 1 1044 3 view .LVU263
 1023              	.LVL60:
 1024              	.L50:
1045:Drivers/STM32H7xx_HAL_Driver/Src/stm32h7xx_hal_qspi.c **** 
 1025              		.loc 1 1045 1 is_stmt 0 view .LVU264
 1026 0038 2846     		mov	r0, r5
 1027 003a 03B0     		add	sp, sp, #12
 1028              	.LCFI16:
 1029              		.cfi_remember_state
 1030              		.cfi_def_cfa_offset 28
 1031              		@ sp needed
 1032 003c BDE8F083 		pop	{r4, r5, r6, r7, r8, r9, pc}
 1033              	.LVL61:
 1034              	.L60:
 1035              	.LCFI17:
 1036              		.cfi_restore_state
 984:Drivers/STM32H7xx_HAL_Driver/Src/stm32h7xx_hal_qspi.c **** 
 1037              		.loc 1 984 5 is_stmt 1 view .LVU265
 984:Drivers/STM32H7xx_HAL_Driver/Src/stm32h7xx_hal_qspi.c **** 
 1038              		.loc 1 984 22 is_stmt 0 view .LVU266
 1039 0040 0023     		movs	r3, #0
 1040 0042 6364     		str	r3, [r4, #68]
 986:Drivers/STM32H7xx_HAL_Driver/Src/stm32h7xx_hal_qspi.c ****     {
 1041              		.loc 1 986 5 is_stmt 1 view .LVU267
 986:Drivers/STM32H7xx_HAL_Driver/Src/stm32h7xx_hal_qspi.c ****     {
 1042              		.loc 1 986 7 is_stmt 0 view .LVU268
 1043 0044 B9F1000F 		cmp	r9, #0
 1044 0048 3CD0     		beq	.L52
 989:Drivers/STM32H7xx_HAL_Driver/Src/stm32h7xx_hal_qspi.c **** 
 1045              		.loc 1 989 7 is_stmt 1 view .LVU269
 989:Drivers/STM32H7xx_HAL_Driver/Src/stm32h7xx_hal_qspi.c **** 
 1046              		.loc 1 989 20 is_stmt 0 view .LVU270
 1047 004a 1223     		movs	r3, #18
 1048 004c 84F84130 		strb	r3, [r4, #65]
 992:Drivers/STM32H7xx_HAL_Driver/Src/stm32h7xx_hal_qspi.c ****       hqspi->TxXferSize = READ_REG(hqspi->Instance->DLR) + 1U;
 1049              		.loc 1 992 7 is_stmt 1 view .LVU271
 992:Drivers/STM32H7xx_HAL_Driver/Src/stm32h7xx_hal_qspi.c ****       hqspi->TxXferSize = READ_REG(hqspi->Instance->DLR) + 1U;
 1050              		.loc 1 992 28 is_stmt 0 view .LVU272
 1051 0050 D8F81030 		ldr	r3, [r8, #16]
 992:Drivers/STM32H7xx_HAL_Driver/Src/stm32h7xx_hal_qspi.c ****       hqspi->TxXferSize = READ_REG(hqspi->Instance->DLR) + 1U;
 1052              		.loc 1 992 59 view .LVU273
 1053 0054 0133     		adds	r3, r3, #1
 992:Drivers/STM32H7xx_HAL_Driver/Src/stm32h7xx_hal_qspi.c ****       hqspi->TxXferSize = READ_REG(hqspi->Instance->DLR) + 1U;
 1054              		.loc 1 992 26 view .LVU274
 1055 0056 E362     		str	r3, [r4, #44]
 993:Drivers/STM32H7xx_HAL_Driver/Src/stm32h7xx_hal_qspi.c ****       hqspi->pTxBuffPtr = pData;
 1056              		.loc 1 993 7 is_stmt 1 view .LVU275
 993:Drivers/STM32H7xx_HAL_Driver/Src/stm32h7xx_hal_qspi.c ****       hqspi->pTxBuffPtr = pData;
ARM GAS  C:\Users\12491\AppData\Local\Temp\ccCAIkbk.s 			page 70


 1057              		.loc 1 993 27 is_stmt 0 view .LVU276
 1058 0058 D8F81030 		ldr	r3, [r8, #16]
 993:Drivers/STM32H7xx_HAL_Driver/Src/stm32h7xx_hal_qspi.c ****       hqspi->pTxBuffPtr = pData;
 1059              		.loc 1 993 58 view .LVU277
 1060 005c 0133     		adds	r3, r3, #1
 993:Drivers/STM32H7xx_HAL_Driver/Src/stm32h7xx_hal_qspi.c ****       hqspi->pTxBuffPtr = pData;
 1061              		.loc 1 993 25 view .LVU278
 1062 005e A362     		str	r3, [r4, #40]
 994:Drivers/STM32H7xx_HAL_Driver/Src/stm32h7xx_hal_qspi.c **** 
 1063              		.loc 1 994 7 is_stmt 1 view .LVU279
 994:Drivers/STM32H7xx_HAL_Driver/Src/stm32h7xx_hal_qspi.c **** 
 1064              		.loc 1 994 25 is_stmt 0 view .LVU280
 1065 0060 C4F82490 		str	r9, [r4, #36]
 997:Drivers/STM32H7xx_HAL_Driver/Src/stm32h7xx_hal_qspi.c **** 
 1066              		.loc 1 997 7 is_stmt 1 view .LVU281
 1067 0064 D8F81430 		ldr	r3, [r8, #20]
 1068 0068 23F04063 		bic	r3, r3, #201326592
 1069 006c C8F81430 		str	r3, [r8, #20]
 999:Drivers/STM32H7xx_HAL_Driver/Src/stm32h7xx_hal_qspi.c ****       {
 1070              		.loc 1 999 7 view .LVU282
 975:Drivers/STM32H7xx_HAL_Driver/Src/stm32h7xx_hal_qspi.c ****   uint32_t tickstart = HAL_GetTick();
 1071              		.loc 1 975 21 is_stmt 0 view .LVU283
 1072 0070 0025     		movs	r5, #0
 1073              	.LVL62:
 1074              	.L53:
 999:Drivers/STM32H7xx_HAL_Driver/Src/stm32h7xx_hal_qspi.c ****       {
 1075              		.loc 1 999 32 is_stmt 1 view .LVU284
 999:Drivers/STM32H7xx_HAL_Driver/Src/stm32h7xx_hal_qspi.c ****       {
 1076              		.loc 1 999 18 is_stmt 0 view .LVU285
 1077 0072 E36A     		ldr	r3, [r4, #44]
 999:Drivers/STM32H7xx_HAL_Driver/Src/stm32h7xx_hal_qspi.c ****       {
 1078              		.loc 1 999 32 view .LVU286
 1079 0074 9BB1     		cbz	r3, .L54
1002:Drivers/STM32H7xx_HAL_Driver/Src/stm32h7xx_hal_qspi.c **** 
 1080              		.loc 1 1002 9 is_stmt 1 view .LVU287
1002:Drivers/STM32H7xx_HAL_Driver/Src/stm32h7xx_hal_qspi.c **** 
 1081              		.loc 1 1002 18 is_stmt 0 view .LVU288
 1082 0076 0097     		str	r7, [sp]
 1083 0078 3346     		mov	r3, r6
 1084 007a 0122     		movs	r2, #1
 1085 007c 0421     		movs	r1, #4
 1086 007e 2046     		mov	r0, r4
 1087 0080 FFF7FEFF 		bl	QSPI_WaitFlagStateUntilTimeout
 1088              	.LVL63:
1004:Drivers/STM32H7xx_HAL_Driver/Src/stm32h7xx_hal_qspi.c ****         {
 1089              		.loc 1 1004 9 is_stmt 1 view .LVU289
1004:Drivers/STM32H7xx_HAL_Driver/Src/stm32h7xx_hal_qspi.c ****         {
 1090              		.loc 1 1004 12 is_stmt 0 view .LVU290
 1091 0084 0546     		mov	r5, r0
 1092 0086 50B9     		cbnz	r0, .L54
1009:Drivers/STM32H7xx_HAL_Driver/Src/stm32h7xx_hal_qspi.c ****         hqspi->pTxBuffPtr++;
 1093              		.loc 1 1009 9 is_stmt 1 view .LVU291
1009:Drivers/STM32H7xx_HAL_Driver/Src/stm32h7xx_hal_qspi.c ****         hqspi->pTxBuffPtr++;
 1094              		.loc 1 1009 45 is_stmt 0 view .LVU292
 1095 0088 636A     		ldr	r3, [r4, #36]
1009:Drivers/STM32H7xx_HAL_Driver/Src/stm32h7xx_hal_qspi.c ****         hqspi->pTxBuffPtr++;
 1096              		.loc 1 1009 39 view .LVU293
ARM GAS  C:\Users\12491\AppData\Local\Temp\ccCAIkbk.s 			page 71


 1097 008a 1B78     		ldrb	r3, [r3]	@ zero_extendqisi2
1009:Drivers/STM32H7xx_HAL_Driver/Src/stm32h7xx_hal_qspi.c ****         hqspi->pTxBuffPtr++;
 1098              		.loc 1 1009 37 view .LVU294
 1099 008c 88F82030 		strb	r3, [r8, #32]
1010:Drivers/STM32H7xx_HAL_Driver/Src/stm32h7xx_hal_qspi.c ****         hqspi->TxXferCount--;
 1100              		.loc 1 1010 9 is_stmt 1 view .LVU295
1010:Drivers/STM32H7xx_HAL_Driver/Src/stm32h7xx_hal_qspi.c ****         hqspi->TxXferCount--;
 1101              		.loc 1 1010 14 is_stmt 0 view .LVU296
 1102 0090 616A     		ldr	r1, [r4, #36]
1010:Drivers/STM32H7xx_HAL_Driver/Src/stm32h7xx_hal_qspi.c ****         hqspi->TxXferCount--;
 1103              		.loc 1 1010 26 view .LVU297
 1104 0092 0131     		adds	r1, r1, #1
 1105 0094 6162     		str	r1, [r4, #36]
1011:Drivers/STM32H7xx_HAL_Driver/Src/stm32h7xx_hal_qspi.c ****       }
 1106              		.loc 1 1011 9 is_stmt 1 view .LVU298
1011:Drivers/STM32H7xx_HAL_Driver/Src/stm32h7xx_hal_qspi.c ****       }
 1107              		.loc 1 1011 14 is_stmt 0 view .LVU299
 1108 0096 E16A     		ldr	r1, [r4, #44]
1011:Drivers/STM32H7xx_HAL_Driver/Src/stm32h7xx_hal_qspi.c ****       }
 1109              		.loc 1 1011 27 view .LVU300
 1110 0098 0139     		subs	r1, r1, #1
 1111 009a E162     		str	r1, [r4, #44]
 1112 009c E9E7     		b	.L53
 1113              	.LVL64:
 1114              	.L54:
1014:Drivers/STM32H7xx_HAL_Driver/Src/stm32h7xx_hal_qspi.c ****       {
 1115              		.loc 1 1014 7 is_stmt 1 view .LVU301
1014:Drivers/STM32H7xx_HAL_Driver/Src/stm32h7xx_hal_qspi.c ****       {
 1116              		.loc 1 1014 10 is_stmt 0 view .LVU302
 1117 009e 1DB1     		cbz	r5, .L61
 1118              	.LVL65:
 1119              	.L56:
1028:Drivers/STM32H7xx_HAL_Driver/Src/stm32h7xx_hal_qspi.c ****     }
 1120              		.loc 1 1028 7 is_stmt 1 view .LVU303
1028:Drivers/STM32H7xx_HAL_Driver/Src/stm32h7xx_hal_qspi.c ****     }
 1121              		.loc 1 1028 20 is_stmt 0 view .LVU304
 1122 00a0 0123     		movs	r3, #1
 1123 00a2 84F84130 		strb	r3, [r4, #65]
 1124 00a6 C4E7     		b	.L51
 1125              	.L61:
1017:Drivers/STM32H7xx_HAL_Driver/Src/stm32h7xx_hal_qspi.c **** 
 1126              		.loc 1 1017 9 is_stmt 1 view .LVU305
1017:Drivers/STM32H7xx_HAL_Driver/Src/stm32h7xx_hal_qspi.c **** 
 1127              		.loc 1 1017 18 is_stmt 0 view .LVU306
 1128 00a8 0097     		str	r7, [sp]
 1129 00aa 3346     		mov	r3, r6
 1130 00ac 0122     		movs	r2, #1
 1131 00ae 0221     		movs	r1, #2
 1132 00b0 2046     		mov	r0, r4
 1133 00b2 FFF7FEFF 		bl	QSPI_WaitFlagStateUntilTimeout
 1134              	.LVL66:
1019:Drivers/STM32H7xx_HAL_Driver/Src/stm32h7xx_hal_qspi.c ****         {
 1135              		.loc 1 1019 9 is_stmt 1 view .LVU307
1019:Drivers/STM32H7xx_HAL_Driver/Src/stm32h7xx_hal_qspi.c ****         {
 1136              		.loc 1 1019 12 is_stmt 0 view .LVU308
 1137 00b6 0546     		mov	r5, r0
 1138 00b8 0028     		cmp	r0, #0
ARM GAS  C:\Users\12491\AppData\Local\Temp\ccCAIkbk.s 			page 72


 1139 00ba F1D1     		bne	.L56
1022:Drivers/STM32H7xx_HAL_Driver/Src/stm32h7xx_hal_qspi.c **** 
 1140              		.loc 1 1022 11 is_stmt 1 view .LVU309
 1141 00bc 2368     		ldr	r3, [r4]
 1142 00be 0222     		movs	r2, #2
 1143 00c0 DA60     		str	r2, [r3, #12]
 1144 00c2 EDE7     		b	.L56
 1145              	.LVL67:
 1146              	.L52:
1032:Drivers/STM32H7xx_HAL_Driver/Src/stm32h7xx_hal_qspi.c ****       status = HAL_ERROR;
 1147              		.loc 1 1032 7 view .LVU310
1032:Drivers/STM32H7xx_HAL_Driver/Src/stm32h7xx_hal_qspi.c ****       status = HAL_ERROR;
 1148              		.loc 1 1032 12 is_stmt 0 view .LVU311
 1149 00c4 636C     		ldr	r3, [r4, #68]
1032:Drivers/STM32H7xx_HAL_Driver/Src/stm32h7xx_hal_qspi.c ****       status = HAL_ERROR;
 1150              		.loc 1 1032 24 view .LVU312
 1151 00c6 43F00803 		orr	r3, r3, #8
 1152 00ca 6364     		str	r3, [r4, #68]
1033:Drivers/STM32H7xx_HAL_Driver/Src/stm32h7xx_hal_qspi.c ****     }
 1153              		.loc 1 1033 7 is_stmt 1 view .LVU313
 1154              	.LVL68:
1033:Drivers/STM32H7xx_HAL_Driver/Src/stm32h7xx_hal_qspi.c ****     }
 1155              		.loc 1 1033 7 is_stmt 0 view .LVU314
 1156 00cc B1E7     		b	.L51
 1157              	.LVL69:
 1158              	.L57:
 980:Drivers/STM32H7xx_HAL_Driver/Src/stm32h7xx_hal_qspi.c **** 
 1159              		.loc 1 980 3 discriminator 1 view .LVU315
 1160 00ce 0225     		movs	r5, #2
 1161 00d0 B2E7     		b	.L50
 1162              		.cfi_endproc
 1163              	.LFE151:
 1165              		.section	.text.HAL_QSPI_Receive,"ax",%progbits
 1166              		.align	1
 1167              		.global	HAL_QSPI_Receive
 1168              		.syntax unified
 1169              		.thumb
 1170              		.thumb_func
 1172              	HAL_QSPI_Receive:
 1173              	.LVL70:
 1174              	.LFB152:
1057:Drivers/STM32H7xx_HAL_Driver/Src/stm32h7xx_hal_qspi.c ****   HAL_StatusTypeDef status = HAL_OK;
 1175              		.loc 1 1057 1 is_stmt 1 view -0
 1176              		.cfi_startproc
 1177              		@ args = 0, pretend = 0, frame = 0
 1178              		@ frame_needed = 0, uses_anonymous_args = 0
1057:Drivers/STM32H7xx_HAL_Driver/Src/stm32h7xx_hal_qspi.c ****   HAL_StatusTypeDef status = HAL_OK;
 1179              		.loc 1 1057 1 is_stmt 0 view .LVU317
 1180 0000 2DE9F043 		push	{r4, r5, r6, r7, r8, r9, lr}
 1181              	.LCFI18:
 1182              		.cfi_def_cfa_offset 28
 1183              		.cfi_offset 4, -28
 1184              		.cfi_offset 5, -24
 1185              		.cfi_offset 6, -20
 1186              		.cfi_offset 7, -16
 1187              		.cfi_offset 8, -12
 1188              		.cfi_offset 9, -8
ARM GAS  C:\Users\12491\AppData\Local\Temp\ccCAIkbk.s 			page 73


 1189              		.cfi_offset 14, -4
 1190 0004 83B0     		sub	sp, sp, #12
 1191              	.LCFI19:
 1192              		.cfi_def_cfa_offset 40
 1193 0006 0446     		mov	r4, r0
 1194 0008 8946     		mov	r9, r1
 1195 000a 1746     		mov	r7, r2
1058:Drivers/STM32H7xx_HAL_Driver/Src/stm32h7xx_hal_qspi.c ****   uint32_t tickstart = HAL_GetTick();
 1196              		.loc 1 1058 3 is_stmt 1 view .LVU318
 1197              	.LVL71:
1059:Drivers/STM32H7xx_HAL_Driver/Src/stm32h7xx_hal_qspi.c ****   uint32_t addr_reg = READ_REG(hqspi->Instance->AR);
 1198              		.loc 1 1059 3 view .LVU319
1059:Drivers/STM32H7xx_HAL_Driver/Src/stm32h7xx_hal_qspi.c ****   uint32_t addr_reg = READ_REG(hqspi->Instance->AR);
 1199              		.loc 1 1059 24 is_stmt 0 view .LVU320
 1200 000c FFF7FEFF 		bl	HAL_GetTick
 1201              	.LVL72:
1060:Drivers/STM32H7xx_HAL_Driver/Src/stm32h7xx_hal_qspi.c ****   __IO uint32_t *data_reg = &hqspi->Instance->DR;
 1202              		.loc 1 1060 3 is_stmt 1 view .LVU321
1060:Drivers/STM32H7xx_HAL_Driver/Src/stm32h7xx_hal_qspi.c ****   __IO uint32_t *data_reg = &hqspi->Instance->DR;
 1203              		.loc 1 1060 23 is_stmt 0 view .LVU322
 1204 0010 D4F80080 		ldr	r8, [r4]
1060:Drivers/STM32H7xx_HAL_Driver/Src/stm32h7xx_hal_qspi.c ****   __IO uint32_t *data_reg = &hqspi->Instance->DR;
 1205              		.loc 1 1060 12 view .LVU323
 1206 0014 D8F81820 		ldr	r2, [r8, #24]
 1207              	.LVL73:
1061:Drivers/STM32H7xx_HAL_Driver/Src/stm32h7xx_hal_qspi.c **** 
 1208              		.loc 1 1061 3 is_stmt 1 view .LVU324
1064:Drivers/STM32H7xx_HAL_Driver/Src/stm32h7xx_hal_qspi.c **** 
 1209              		.loc 1 1064 3 view .LVU325
1064:Drivers/STM32H7xx_HAL_Driver/Src/stm32h7xx_hal_qspi.c **** 
 1210              		.loc 1 1064 3 view .LVU326
 1211 0018 94F84030 		ldrb	r3, [r4, #64]	@ zero_extendqisi2
 1212 001c DBB2     		uxtb	r3, r3
 1213 001e 012B     		cmp	r3, #1
 1214 0020 5BD0     		beq	.L70
 1215 0022 0646     		mov	r6, r0
1064:Drivers/STM32H7xx_HAL_Driver/Src/stm32h7xx_hal_qspi.c **** 
 1216              		.loc 1 1064 3 discriminator 2 view .LVU327
 1217 0024 0123     		movs	r3, #1
 1218 0026 84F84030 		strb	r3, [r4, #64]
1064:Drivers/STM32H7xx_HAL_Driver/Src/stm32h7xx_hal_qspi.c **** 
 1219              		.loc 1 1064 3 discriminator 2 view .LVU328
1066:Drivers/STM32H7xx_HAL_Driver/Src/stm32h7xx_hal_qspi.c ****   {
 1220              		.loc 1 1066 3 view .LVU329
1066:Drivers/STM32H7xx_HAL_Driver/Src/stm32h7xx_hal_qspi.c ****   {
 1221              		.loc 1 1066 11 is_stmt 0 view .LVU330
 1222 002a 94F84150 		ldrb	r5, [r4, #65]	@ zero_extendqisi2
 1223 002e EDB2     		uxtb	r5, r5
1066:Drivers/STM32H7xx_HAL_Driver/Src/stm32h7xx_hal_qspi.c ****   {
 1224              		.loc 1 1066 5 view .LVU331
 1225 0030 9D42     		cmp	r5, r3
 1226 0032 07D0     		beq	.L73
1125:Drivers/STM32H7xx_HAL_Driver/Src/stm32h7xx_hal_qspi.c ****   }
 1227              		.loc 1 1125 12 view .LVU332
 1228 0034 0225     		movs	r5, #2
 1229              	.LVL74:
 1230              	.L64:
ARM GAS  C:\Users\12491\AppData\Local\Temp\ccCAIkbk.s 			page 74


1129:Drivers/STM32H7xx_HAL_Driver/Src/stm32h7xx_hal_qspi.c **** 
 1231              		.loc 1 1129 3 is_stmt 1 view .LVU333
1129:Drivers/STM32H7xx_HAL_Driver/Src/stm32h7xx_hal_qspi.c **** 
 1232              		.loc 1 1129 3 view .LVU334
 1233 0036 0023     		movs	r3, #0
 1234 0038 84F84030 		strb	r3, [r4, #64]
1129:Drivers/STM32H7xx_HAL_Driver/Src/stm32h7xx_hal_qspi.c **** 
 1235              		.loc 1 1129 3 view .LVU335
1131:Drivers/STM32H7xx_HAL_Driver/Src/stm32h7xx_hal_qspi.c **** }
 1236              		.loc 1 1131 3 view .LVU336
 1237              	.LVL75:
 1238              	.L63:
1132:Drivers/STM32H7xx_HAL_Driver/Src/stm32h7xx_hal_qspi.c **** 
 1239              		.loc 1 1132 1 is_stmt 0 view .LVU337
 1240 003c 2846     		mov	r0, r5
 1241 003e 03B0     		add	sp, sp, #12
 1242              	.LCFI20:
 1243              		.cfi_remember_state
 1244              		.cfi_def_cfa_offset 28
 1245              		@ sp needed
 1246 0040 BDE8F083 		pop	{r4, r5, r6, r7, r8, r9, pc}
 1247              	.LVL76:
 1248              	.L73:
 1249              	.LCFI21:
 1250              		.cfi_restore_state
1068:Drivers/STM32H7xx_HAL_Driver/Src/stm32h7xx_hal_qspi.c **** 
 1251              		.loc 1 1068 5 is_stmt 1 view .LVU338
1068:Drivers/STM32H7xx_HAL_Driver/Src/stm32h7xx_hal_qspi.c **** 
 1252              		.loc 1 1068 22 is_stmt 0 view .LVU339
 1253 0044 0023     		movs	r3, #0
 1254 0046 6364     		str	r3, [r4, #68]
1070:Drivers/STM32H7xx_HAL_Driver/Src/stm32h7xx_hal_qspi.c ****     {
 1255              		.loc 1 1070 5 is_stmt 1 view .LVU340
1070:Drivers/STM32H7xx_HAL_Driver/Src/stm32h7xx_hal_qspi.c ****     {
 1256              		.loc 1 1070 7 is_stmt 0 view .LVU341
 1257 0048 B9F1000F 		cmp	r9, #0
 1258 004c 40D0     		beq	.L65
1073:Drivers/STM32H7xx_HAL_Driver/Src/stm32h7xx_hal_qspi.c **** 
 1259              		.loc 1 1073 7 is_stmt 1 view .LVU342
1073:Drivers/STM32H7xx_HAL_Driver/Src/stm32h7xx_hal_qspi.c **** 
 1260              		.loc 1 1073 20 is_stmt 0 view .LVU343
 1261 004e 2223     		movs	r3, #34
 1262 0050 84F84130 		strb	r3, [r4, #65]
1076:Drivers/STM32H7xx_HAL_Driver/Src/stm32h7xx_hal_qspi.c ****       hqspi->RxXferSize = READ_REG(hqspi->Instance->DLR) + 1U;
 1263              		.loc 1 1076 7 is_stmt 1 view .LVU344
1076:Drivers/STM32H7xx_HAL_Driver/Src/stm32h7xx_hal_qspi.c ****       hqspi->RxXferSize = READ_REG(hqspi->Instance->DLR) + 1U;
 1264              		.loc 1 1076 28 is_stmt 0 view .LVU345
 1265 0054 D8F81030 		ldr	r3, [r8, #16]
1076:Drivers/STM32H7xx_HAL_Driver/Src/stm32h7xx_hal_qspi.c ****       hqspi->RxXferSize = READ_REG(hqspi->Instance->DLR) + 1U;
 1266              		.loc 1 1076 59 view .LVU346
 1267 0058 0133     		adds	r3, r3, #1
1076:Drivers/STM32H7xx_HAL_Driver/Src/stm32h7xx_hal_qspi.c ****       hqspi->RxXferSize = READ_REG(hqspi->Instance->DLR) + 1U;
 1268              		.loc 1 1076 26 view .LVU347
 1269 005a A363     		str	r3, [r4, #56]
1077:Drivers/STM32H7xx_HAL_Driver/Src/stm32h7xx_hal_qspi.c ****       hqspi->pRxBuffPtr = pData;
 1270              		.loc 1 1077 7 is_stmt 1 view .LVU348
1077:Drivers/STM32H7xx_HAL_Driver/Src/stm32h7xx_hal_qspi.c ****       hqspi->pRxBuffPtr = pData;
ARM GAS  C:\Users\12491\AppData\Local\Temp\ccCAIkbk.s 			page 75


 1271              		.loc 1 1077 27 is_stmt 0 view .LVU349
 1272 005c D8F81030 		ldr	r3, [r8, #16]
1077:Drivers/STM32H7xx_HAL_Driver/Src/stm32h7xx_hal_qspi.c ****       hqspi->pRxBuffPtr = pData;
 1273              		.loc 1 1077 58 view .LVU350
 1274 0060 0133     		adds	r3, r3, #1
1077:Drivers/STM32H7xx_HAL_Driver/Src/stm32h7xx_hal_qspi.c ****       hqspi->pRxBuffPtr = pData;
 1275              		.loc 1 1077 25 view .LVU351
 1276 0062 6363     		str	r3, [r4, #52]
1078:Drivers/STM32H7xx_HAL_Driver/Src/stm32h7xx_hal_qspi.c **** 
 1277              		.loc 1 1078 7 is_stmt 1 view .LVU352
1078:Drivers/STM32H7xx_HAL_Driver/Src/stm32h7xx_hal_qspi.c **** 
 1278              		.loc 1 1078 25 is_stmt 0 view .LVU353
 1279 0064 C4F83090 		str	r9, [r4, #48]
1081:Drivers/STM32H7xx_HAL_Driver/Src/stm32h7xx_hal_qspi.c **** 
 1280              		.loc 1 1081 7 is_stmt 1 view .LVU354
 1281 0068 D8F81430 		ldr	r3, [r8, #20]
 1282 006c 23F04063 		bic	r3, r3, #201326592
 1283 0070 43F08063 		orr	r3, r3, #67108864
 1284 0074 C8F81430 		str	r3, [r8, #20]
1084:Drivers/STM32H7xx_HAL_Driver/Src/stm32h7xx_hal_qspi.c **** 
 1285              		.loc 1 1084 7 view .LVU355
 1286 0078 2368     		ldr	r3, [r4]
 1287 007a 9A61     		str	r2, [r3, #24]
1086:Drivers/STM32H7xx_HAL_Driver/Src/stm32h7xx_hal_qspi.c ****       {
 1288              		.loc 1 1086 7 view .LVU356
1058:Drivers/STM32H7xx_HAL_Driver/Src/stm32h7xx_hal_qspi.c ****   uint32_t tickstart = HAL_GetTick();
 1289              		.loc 1 1058 21 is_stmt 0 view .LVU357
 1290 007c 0025     		movs	r5, #0
 1291              	.LVL77:
 1292              	.L66:
1086:Drivers/STM32H7xx_HAL_Driver/Src/stm32h7xx_hal_qspi.c ****       {
 1293              		.loc 1 1086 32 is_stmt 1 view .LVU358
1086:Drivers/STM32H7xx_HAL_Driver/Src/stm32h7xx_hal_qspi.c ****       {
 1294              		.loc 1 1086 18 is_stmt 0 view .LVU359
 1295 007e A36B     		ldr	r3, [r4, #56]
1086:Drivers/STM32H7xx_HAL_Driver/Src/stm32h7xx_hal_qspi.c ****       {
 1296              		.loc 1 1086 32 view .LVU360
 1297 0080 9BB1     		cbz	r3, .L67
1089:Drivers/STM32H7xx_HAL_Driver/Src/stm32h7xx_hal_qspi.c **** 
 1298              		.loc 1 1089 9 is_stmt 1 view .LVU361
1089:Drivers/STM32H7xx_HAL_Driver/Src/stm32h7xx_hal_qspi.c **** 
 1299              		.loc 1 1089 18 is_stmt 0 view .LVU362
 1300 0082 0097     		str	r7, [sp]
 1301 0084 3346     		mov	r3, r6
 1302 0086 0122     		movs	r2, #1
 1303 0088 0621     		movs	r1, #6
 1304 008a 2046     		mov	r0, r4
 1305 008c FFF7FEFF 		bl	QSPI_WaitFlagStateUntilTimeout
 1306              	.LVL78:
1091:Drivers/STM32H7xx_HAL_Driver/Src/stm32h7xx_hal_qspi.c ****         {
 1307              		.loc 1 1091 9 is_stmt 1 view .LVU363
1091:Drivers/STM32H7xx_HAL_Driver/Src/stm32h7xx_hal_qspi.c ****         {
 1308              		.loc 1 1091 13 is_stmt 0 view .LVU364
 1309 0090 0546     		mov	r5, r0
 1310 0092 50B9     		cbnz	r0, .L67
1096:Drivers/STM32H7xx_HAL_Driver/Src/stm32h7xx_hal_qspi.c ****         hqspi->pRxBuffPtr++;
 1311              		.loc 1 1096 9 is_stmt 1 view .LVU365
ARM GAS  C:\Users\12491\AppData\Local\Temp\ccCAIkbk.s 			page 76


1096:Drivers/STM32H7xx_HAL_Driver/Src/stm32h7xx_hal_qspi.c ****         hqspi->pRxBuffPtr++;
 1312              		.loc 1 1096 15 is_stmt 0 view .LVU366
 1313 0094 236B     		ldr	r3, [r4, #48]
1096:Drivers/STM32H7xx_HAL_Driver/Src/stm32h7xx_hal_qspi.c ****         hqspi->pRxBuffPtr++;
 1314              		.loc 1 1096 30 view .LVU367
 1315 0096 98F82020 		ldrb	r2, [r8, #32]	@ zero_extendqisi2
1096:Drivers/STM32H7xx_HAL_Driver/Src/stm32h7xx_hal_qspi.c ****         hqspi->pRxBuffPtr++;
 1316              		.loc 1 1096 28 view .LVU368
 1317 009a 1A70     		strb	r2, [r3]
1097:Drivers/STM32H7xx_HAL_Driver/Src/stm32h7xx_hal_qspi.c ****         hqspi->RxXferCount--;
 1318              		.loc 1 1097 9 is_stmt 1 view .LVU369
1097:Drivers/STM32H7xx_HAL_Driver/Src/stm32h7xx_hal_qspi.c ****         hqspi->RxXferCount--;
 1319              		.loc 1 1097 14 is_stmt 0 view .LVU370
 1320 009c 216B     		ldr	r1, [r4, #48]
1097:Drivers/STM32H7xx_HAL_Driver/Src/stm32h7xx_hal_qspi.c ****         hqspi->RxXferCount--;
 1321              		.loc 1 1097 26 view .LVU371
 1322 009e 0131     		adds	r1, r1, #1
 1323 00a0 2163     		str	r1, [r4, #48]
1098:Drivers/STM32H7xx_HAL_Driver/Src/stm32h7xx_hal_qspi.c ****       }
 1324              		.loc 1 1098 9 is_stmt 1 view .LVU372
1098:Drivers/STM32H7xx_HAL_Driver/Src/stm32h7xx_hal_qspi.c ****       }
 1325              		.loc 1 1098 14 is_stmt 0 view .LVU373
 1326 00a2 A16B     		ldr	r1, [r4, #56]
1098:Drivers/STM32H7xx_HAL_Driver/Src/stm32h7xx_hal_qspi.c ****       }
 1327              		.loc 1 1098 27 view .LVU374
 1328 00a4 0139     		subs	r1, r1, #1
 1329 00a6 A163     		str	r1, [r4, #56]
 1330 00a8 E9E7     		b	.L66
 1331              	.LVL79:
 1332              	.L67:
1101:Drivers/STM32H7xx_HAL_Driver/Src/stm32h7xx_hal_qspi.c ****       {
 1333              		.loc 1 1101 7 is_stmt 1 view .LVU375
1101:Drivers/STM32H7xx_HAL_Driver/Src/stm32h7xx_hal_qspi.c ****       {
 1334              		.loc 1 1101 10 is_stmt 0 view .LVU376
 1335 00aa 1DB1     		cbz	r5, .L74
 1336              	.LVL80:
 1337              	.L69:
1115:Drivers/STM32H7xx_HAL_Driver/Src/stm32h7xx_hal_qspi.c ****     }
 1338              		.loc 1 1115 7 is_stmt 1 view .LVU377
1115:Drivers/STM32H7xx_HAL_Driver/Src/stm32h7xx_hal_qspi.c ****     }
 1339              		.loc 1 1115 20 is_stmt 0 view .LVU378
 1340 00ac 0123     		movs	r3, #1
 1341 00ae 84F84130 		strb	r3, [r4, #65]
 1342 00b2 C0E7     		b	.L64
 1343              	.L74:
1104:Drivers/STM32H7xx_HAL_Driver/Src/stm32h7xx_hal_qspi.c **** 
 1344              		.loc 1 1104 9 is_stmt 1 view .LVU379
1104:Drivers/STM32H7xx_HAL_Driver/Src/stm32h7xx_hal_qspi.c **** 
 1345              		.loc 1 1104 18 is_stmt 0 view .LVU380
 1346 00b4 0097     		str	r7, [sp]
 1347 00b6 3346     		mov	r3, r6
 1348 00b8 0122     		movs	r2, #1
 1349 00ba 0221     		movs	r1, #2
 1350 00bc 2046     		mov	r0, r4
 1351 00be FFF7FEFF 		bl	QSPI_WaitFlagStateUntilTimeout
 1352              	.LVL81:
1106:Drivers/STM32H7xx_HAL_Driver/Src/stm32h7xx_hal_qspi.c ****         {
ARM GAS  C:\Users\12491\AppData\Local\Temp\ccCAIkbk.s 			page 77


 1353              		.loc 1 1106 9 is_stmt 1 view .LVU381
1106:Drivers/STM32H7xx_HAL_Driver/Src/stm32h7xx_hal_qspi.c ****         {
 1354              		.loc 1 1106 13 is_stmt 0 view .LVU382
 1355 00c2 0546     		mov	r5, r0
 1356 00c4 0028     		cmp	r0, #0
 1357 00c6 F1D1     		bne	.L69
1109:Drivers/STM32H7xx_HAL_Driver/Src/stm32h7xx_hal_qspi.c **** 
 1358              		.loc 1 1109 11 is_stmt 1 view .LVU383
 1359 00c8 2368     		ldr	r3, [r4]
 1360 00ca 0222     		movs	r2, #2
 1361 00cc DA60     		str	r2, [r3, #12]
 1362 00ce EDE7     		b	.L69
 1363              	.LVL82:
 1364              	.L65:
1119:Drivers/STM32H7xx_HAL_Driver/Src/stm32h7xx_hal_qspi.c ****       status = HAL_ERROR;
 1365              		.loc 1 1119 7 view .LVU384
1119:Drivers/STM32H7xx_HAL_Driver/Src/stm32h7xx_hal_qspi.c ****       status = HAL_ERROR;
 1366              		.loc 1 1119 12 is_stmt 0 view .LVU385
 1367 00d0 636C     		ldr	r3, [r4, #68]
1119:Drivers/STM32H7xx_HAL_Driver/Src/stm32h7xx_hal_qspi.c ****       status = HAL_ERROR;
 1368              		.loc 1 1119 24 view .LVU386
 1369 00d2 43F00803 		orr	r3, r3, #8
 1370 00d6 6364     		str	r3, [r4, #68]
1120:Drivers/STM32H7xx_HAL_Driver/Src/stm32h7xx_hal_qspi.c ****     }
 1371              		.loc 1 1120 7 is_stmt 1 view .LVU387
 1372              	.LVL83:
1120:Drivers/STM32H7xx_HAL_Driver/Src/stm32h7xx_hal_qspi.c ****     }
 1373              		.loc 1 1120 7 is_stmt 0 view .LVU388
 1374 00d8 ADE7     		b	.L64
 1375              	.LVL84:
 1376              	.L70:
1064:Drivers/STM32H7xx_HAL_Driver/Src/stm32h7xx_hal_qspi.c **** 
 1377              		.loc 1 1064 3 discriminator 1 view .LVU389
 1378 00da 0225     		movs	r5, #2
 1379 00dc AEE7     		b	.L63
 1380              		.cfi_endproc
 1381              	.LFE152:
 1383              		.section	.text.HAL_QSPI_Transmit_IT,"ax",%progbits
 1384              		.align	1
 1385              		.global	HAL_QSPI_Transmit_IT
 1386              		.syntax unified
 1387              		.thumb
 1388              		.thumb_func
 1390              	HAL_QSPI_Transmit_IT:
 1391              	.LVL85:
 1392              	.LFB153:
1142:Drivers/STM32H7xx_HAL_Driver/Src/stm32h7xx_hal_qspi.c ****   HAL_StatusTypeDef status = HAL_OK;
 1393              		.loc 1 1142 1 is_stmt 1 view -0
 1394              		.cfi_startproc
 1395              		@ args = 0, pretend = 0, frame = 0
 1396              		@ frame_needed = 0, uses_anonymous_args = 0
 1397              		@ link register save eliminated.
1142:Drivers/STM32H7xx_HAL_Driver/Src/stm32h7xx_hal_qspi.c ****   HAL_StatusTypeDef status = HAL_OK;
 1398              		.loc 1 1142 1 is_stmt 0 view .LVU391
 1399 0000 0346     		mov	r3, r0
1143:Drivers/STM32H7xx_HAL_Driver/Src/stm32h7xx_hal_qspi.c **** 
 1400              		.loc 1 1143 3 is_stmt 1 view .LVU392
ARM GAS  C:\Users\12491\AppData\Local\Temp\ccCAIkbk.s 			page 78


 1401              	.LVL86:
1146:Drivers/STM32H7xx_HAL_Driver/Src/stm32h7xx_hal_qspi.c **** 
 1402              		.loc 1 1146 3 view .LVU393
1146:Drivers/STM32H7xx_HAL_Driver/Src/stm32h7xx_hal_qspi.c **** 
 1403              		.loc 1 1146 3 view .LVU394
 1404 0002 90F84020 		ldrb	r2, [r0, #64]	@ zero_extendqisi2
 1405 0006 D2B2     		uxtb	r2, r2
 1406 0008 012A     		cmp	r2, #1
 1407 000a 32D0     		beq	.L79
1146:Drivers/STM32H7xx_HAL_Driver/Src/stm32h7xx_hal_qspi.c **** 
 1408              		.loc 1 1146 3 discriminator 2 view .LVU395
 1409 000c 0122     		movs	r2, #1
 1410 000e 80F84020 		strb	r2, [r0, #64]
1146:Drivers/STM32H7xx_HAL_Driver/Src/stm32h7xx_hal_qspi.c **** 
 1411              		.loc 1 1146 3 discriminator 2 view .LVU396
1148:Drivers/STM32H7xx_HAL_Driver/Src/stm32h7xx_hal_qspi.c ****   {
 1412              		.loc 1 1148 3 view .LVU397
1148:Drivers/STM32H7xx_HAL_Driver/Src/stm32h7xx_hal_qspi.c ****   {
 1413              		.loc 1 1148 11 is_stmt 0 view .LVU398
 1414 0012 90F84100 		ldrb	r0, [r0, #65]	@ zero_extendqisi2
 1415              	.LVL87:
1148:Drivers/STM32H7xx_HAL_Driver/Src/stm32h7xx_hal_qspi.c ****   {
 1416              		.loc 1 1148 11 view .LVU399
 1417 0016 C0B2     		uxtb	r0, r0
1148:Drivers/STM32H7xx_HAL_Driver/Src/stm32h7xx_hal_qspi.c ****   {
 1418              		.loc 1 1148 5 view .LVU400
 1419 0018 9042     		cmp	r0, r2
 1420 001a 04D0     		beq	.L80
1185:Drivers/STM32H7xx_HAL_Driver/Src/stm32h7xx_hal_qspi.c **** 
 1421              		.loc 1 1185 5 is_stmt 1 view .LVU401
 1422              	.LVL88:
1188:Drivers/STM32H7xx_HAL_Driver/Src/stm32h7xx_hal_qspi.c ****   }
 1423              		.loc 1 1188 5 view .LVU402
1188:Drivers/STM32H7xx_HAL_Driver/Src/stm32h7xx_hal_qspi.c ****   }
 1424              		.loc 1 1188 5 view .LVU403
 1425 001c 0022     		movs	r2, #0
 1426 001e 83F84020 		strb	r2, [r3, #64]
1185:Drivers/STM32H7xx_HAL_Driver/Src/stm32h7xx_hal_qspi.c **** 
 1427              		.loc 1 1185 12 is_stmt 0 view .LVU404
 1428 0022 0220     		movs	r0, #2
 1429 0024 7047     		bx	lr
 1430              	.LVL89:
 1431              	.L80:
1150:Drivers/STM32H7xx_HAL_Driver/Src/stm32h7xx_hal_qspi.c **** 
 1432              		.loc 1 1150 5 is_stmt 1 view .LVU405
1150:Drivers/STM32H7xx_HAL_Driver/Src/stm32h7xx_hal_qspi.c **** 
 1433              		.loc 1 1150 22 is_stmt 0 view .LVU406
 1434 0026 0022     		movs	r2, #0
 1435 0028 5A64     		str	r2, [r3, #68]
1152:Drivers/STM32H7xx_HAL_Driver/Src/stm32h7xx_hal_qspi.c ****     {
 1436              		.loc 1 1152 5 is_stmt 1 view .LVU407
1152:Drivers/STM32H7xx_HAL_Driver/Src/stm32h7xx_hal_qspi.c ****     {
 1437              		.loc 1 1152 7 is_stmt 0 view .LVU408
 1438 002a D1B1     		cbz	r1, .L78
1155:Drivers/STM32H7xx_HAL_Driver/Src/stm32h7xx_hal_qspi.c **** 
 1439              		.loc 1 1155 7 is_stmt 1 view .LVU409
1155:Drivers/STM32H7xx_HAL_Driver/Src/stm32h7xx_hal_qspi.c **** 
ARM GAS  C:\Users\12491\AppData\Local\Temp\ccCAIkbk.s 			page 79


 1440              		.loc 1 1155 20 is_stmt 0 view .LVU410
 1441 002c 1222     		movs	r2, #18
 1442 002e 83F84120 		strb	r2, [r3, #65]
1158:Drivers/STM32H7xx_HAL_Driver/Src/stm32h7xx_hal_qspi.c ****       hqspi->TxXferSize = READ_REG(hqspi->Instance->DLR) + 1U;
 1443              		.loc 1 1158 7 is_stmt 1 view .LVU411
1158:Drivers/STM32H7xx_HAL_Driver/Src/stm32h7xx_hal_qspi.c ****       hqspi->TxXferSize = READ_REG(hqspi->Instance->DLR) + 1U;
 1444              		.loc 1 1158 28 is_stmt 0 view .LVU412
 1445 0032 1A68     		ldr	r2, [r3]
 1446 0034 1069     		ldr	r0, [r2, #16]
1158:Drivers/STM32H7xx_HAL_Driver/Src/stm32h7xx_hal_qspi.c ****       hqspi->TxXferSize = READ_REG(hqspi->Instance->DLR) + 1U;
 1447              		.loc 1 1158 59 view .LVU413
 1448 0036 0130     		adds	r0, r0, #1
1158:Drivers/STM32H7xx_HAL_Driver/Src/stm32h7xx_hal_qspi.c ****       hqspi->TxXferSize = READ_REG(hqspi->Instance->DLR) + 1U;
 1449              		.loc 1 1158 26 view .LVU414
 1450 0038 D862     		str	r0, [r3, #44]
1159:Drivers/STM32H7xx_HAL_Driver/Src/stm32h7xx_hal_qspi.c ****       hqspi->pTxBuffPtr = pData;
 1451              		.loc 1 1159 7 is_stmt 1 view .LVU415
1159:Drivers/STM32H7xx_HAL_Driver/Src/stm32h7xx_hal_qspi.c ****       hqspi->pTxBuffPtr = pData;
 1452              		.loc 1 1159 27 is_stmt 0 view .LVU416
 1453 003a 1069     		ldr	r0, [r2, #16]
1159:Drivers/STM32H7xx_HAL_Driver/Src/stm32h7xx_hal_qspi.c ****       hqspi->pTxBuffPtr = pData;
 1454              		.loc 1 1159 58 view .LVU417
 1455 003c 0130     		adds	r0, r0, #1
1159:Drivers/STM32H7xx_HAL_Driver/Src/stm32h7xx_hal_qspi.c ****       hqspi->pTxBuffPtr = pData;
 1456              		.loc 1 1159 25 view .LVU418
 1457 003e 9862     		str	r0, [r3, #40]
1160:Drivers/STM32H7xx_HAL_Driver/Src/stm32h7xx_hal_qspi.c **** 
 1458              		.loc 1 1160 7 is_stmt 1 view .LVU419
1160:Drivers/STM32H7xx_HAL_Driver/Src/stm32h7xx_hal_qspi.c **** 
 1459              		.loc 1 1160 25 is_stmt 0 view .LVU420
 1460 0040 5962     		str	r1, [r3, #36]
1163:Drivers/STM32H7xx_HAL_Driver/Src/stm32h7xx_hal_qspi.c **** 
 1461              		.loc 1 1163 7 is_stmt 1 view .LVU421
 1462 0042 0321     		movs	r1, #3
 1463              	.LVL90:
1163:Drivers/STM32H7xx_HAL_Driver/Src/stm32h7xx_hal_qspi.c **** 
 1464              		.loc 1 1163 7 is_stmt 0 view .LVU422
 1465 0044 D160     		str	r1, [r2, #12]
 1466              	.LVL91:
1166:Drivers/STM32H7xx_HAL_Driver/Src/stm32h7xx_hal_qspi.c **** 
 1467              		.loc 1 1166 7 is_stmt 1 view .LVU423
 1468 0046 1968     		ldr	r1, [r3]
 1469 0048 4A69     		ldr	r2, [r1, #20]
 1470 004a 22F04062 		bic	r2, r2, #201326592
 1471 004e 4A61     		str	r2, [r1, #20]
1169:Drivers/STM32H7xx_HAL_Driver/Src/stm32h7xx_hal_qspi.c **** 
 1472              		.loc 1 1169 7 view .LVU424
1169:Drivers/STM32H7xx_HAL_Driver/Src/stm32h7xx_hal_qspi.c **** 
 1473              		.loc 1 1169 7 view .LVU425
 1474 0050 0020     		movs	r0, #0
 1475 0052 83F84000 		strb	r0, [r3, #64]
1169:Drivers/STM32H7xx_HAL_Driver/Src/stm32h7xx_hal_qspi.c **** 
 1476              		.loc 1 1169 7 view .LVU426
1172:Drivers/STM32H7xx_HAL_Driver/Src/stm32h7xx_hal_qspi.c ****     }
 1477              		.loc 1 1172 7 view .LVU427
 1478 0056 1A68     		ldr	r2, [r3]
 1479 0058 1368     		ldr	r3, [r2]
ARM GAS  C:\Users\12491\AppData\Local\Temp\ccCAIkbk.s 			page 80


 1480              	.LVL92:
1172:Drivers/STM32H7xx_HAL_Driver/Src/stm32h7xx_hal_qspi.c ****     }
 1481              		.loc 1 1172 7 is_stmt 0 view .LVU428
 1482 005a 43F4E023 		orr	r3, r3, #458752
 1483 005e 1360     		str	r3, [r2]
 1484 0060 7047     		bx	lr
 1485              	.LVL93:
 1486              	.L78:
1176:Drivers/STM32H7xx_HAL_Driver/Src/stm32h7xx_hal_qspi.c ****       status = HAL_ERROR;
 1487              		.loc 1 1176 7 is_stmt 1 view .LVU429
1176:Drivers/STM32H7xx_HAL_Driver/Src/stm32h7xx_hal_qspi.c ****       status = HAL_ERROR;
 1488              		.loc 1 1176 12 is_stmt 0 view .LVU430
 1489 0062 5A6C     		ldr	r2, [r3, #68]
1176:Drivers/STM32H7xx_HAL_Driver/Src/stm32h7xx_hal_qspi.c ****       status = HAL_ERROR;
 1490              		.loc 1 1176 24 view .LVU431
 1491 0064 42F00802 		orr	r2, r2, #8
 1492 0068 5A64     		str	r2, [r3, #68]
1177:Drivers/STM32H7xx_HAL_Driver/Src/stm32h7xx_hal_qspi.c **** 
 1493              		.loc 1 1177 7 is_stmt 1 view .LVU432
 1494              	.LVL94:
1180:Drivers/STM32H7xx_HAL_Driver/Src/stm32h7xx_hal_qspi.c ****     }
 1495              		.loc 1 1180 7 view .LVU433
1180:Drivers/STM32H7xx_HAL_Driver/Src/stm32h7xx_hal_qspi.c ****     }
 1496              		.loc 1 1180 7 view .LVU434
 1497 006a 0022     		movs	r2, #0
 1498 006c 83F84020 		strb	r2, [r3, #64]
 1499 0070 7047     		bx	lr
 1500              	.LVL95:
 1501              	.L79:
1146:Drivers/STM32H7xx_HAL_Driver/Src/stm32h7xx_hal_qspi.c **** 
 1502              		.loc 1 1146 3 is_stmt 0 discriminator 1 view .LVU435
 1503 0072 0220     		movs	r0, #2
 1504              	.LVL96:
1192:Drivers/STM32H7xx_HAL_Driver/Src/stm32h7xx_hal_qspi.c **** 
 1505              		.loc 1 1192 1 view .LVU436
 1506 0074 7047     		bx	lr
 1507              		.cfi_endproc
 1508              	.LFE153:
 1510              		.section	.text.HAL_QSPI_Receive_IT,"ax",%progbits
 1511              		.align	1
 1512              		.global	HAL_QSPI_Receive_IT
 1513              		.syntax unified
 1514              		.thumb
 1515              		.thumb_func
 1517              	HAL_QSPI_Receive_IT:
 1518              	.LVL97:
 1519              	.LFB154:
1202:Drivers/STM32H7xx_HAL_Driver/Src/stm32h7xx_hal_qspi.c ****   HAL_StatusTypeDef status = HAL_OK;
 1520              		.loc 1 1202 1 is_stmt 1 view -0
 1521              		.cfi_startproc
 1522              		@ args = 0, pretend = 0, frame = 0
 1523              		@ frame_needed = 0, uses_anonymous_args = 0
 1524              		@ link register save eliminated.
1202:Drivers/STM32H7xx_HAL_Driver/Src/stm32h7xx_hal_qspi.c ****   HAL_StatusTypeDef status = HAL_OK;
 1525              		.loc 1 1202 1 is_stmt 0 view .LVU438
 1526 0000 30B4     		push	{r4, r5}
 1527              	.LCFI22:
ARM GAS  C:\Users\12491\AppData\Local\Temp\ccCAIkbk.s 			page 81


 1528              		.cfi_def_cfa_offset 8
 1529              		.cfi_offset 4, -8
 1530              		.cfi_offset 5, -4
1203:Drivers/STM32H7xx_HAL_Driver/Src/stm32h7xx_hal_qspi.c ****   uint32_t addr_reg = READ_REG(hqspi->Instance->AR);
 1531              		.loc 1 1203 3 is_stmt 1 view .LVU439
 1532              	.LVL98:
1204:Drivers/STM32H7xx_HAL_Driver/Src/stm32h7xx_hal_qspi.c **** 
 1533              		.loc 1 1204 3 view .LVU440
1204:Drivers/STM32H7xx_HAL_Driver/Src/stm32h7xx_hal_qspi.c **** 
 1534              		.loc 1 1204 23 is_stmt 0 view .LVU441
 1535 0002 0468     		ldr	r4, [r0]
1204:Drivers/STM32H7xx_HAL_Driver/Src/stm32h7xx_hal_qspi.c **** 
 1536              		.loc 1 1204 12 view .LVU442
 1537 0004 A569     		ldr	r5, [r4, #24]
 1538              	.LVL99:
1207:Drivers/STM32H7xx_HAL_Driver/Src/stm32h7xx_hal_qspi.c **** 
 1539              		.loc 1 1207 3 is_stmt 1 view .LVU443
1207:Drivers/STM32H7xx_HAL_Driver/Src/stm32h7xx_hal_qspi.c **** 
 1540              		.loc 1 1207 3 view .LVU444
 1541 0006 90F84020 		ldrb	r2, [r0, #64]	@ zero_extendqisi2
 1542 000a D2B2     		uxtb	r2, r2
 1543 000c 012A     		cmp	r2, #1
 1544 000e 37D0     		beq	.L85
 1545 0010 0346     		mov	r3, r0
1207:Drivers/STM32H7xx_HAL_Driver/Src/stm32h7xx_hal_qspi.c **** 
 1546              		.loc 1 1207 3 discriminator 2 view .LVU445
 1547 0012 0122     		movs	r2, #1
 1548 0014 80F84020 		strb	r2, [r0, #64]
1207:Drivers/STM32H7xx_HAL_Driver/Src/stm32h7xx_hal_qspi.c **** 
 1549              		.loc 1 1207 3 discriminator 2 view .LVU446
1209:Drivers/STM32H7xx_HAL_Driver/Src/stm32h7xx_hal_qspi.c ****   {
 1550              		.loc 1 1209 3 view .LVU447
1209:Drivers/STM32H7xx_HAL_Driver/Src/stm32h7xx_hal_qspi.c ****   {
 1551              		.loc 1 1209 11 is_stmt 0 view .LVU448
 1552 0018 90F84100 		ldrb	r0, [r0, #65]	@ zero_extendqisi2
 1553              	.LVL100:
1209:Drivers/STM32H7xx_HAL_Driver/Src/stm32h7xx_hal_qspi.c ****   {
 1554              		.loc 1 1209 11 view .LVU449
 1555 001c C0B2     		uxtb	r0, r0
1209:Drivers/STM32H7xx_HAL_Driver/Src/stm32h7xx_hal_qspi.c ****   {
 1556              		.loc 1 1209 5 view .LVU450
 1557 001e 9042     		cmp	r0, r2
 1558 0020 05D0     		beq	.L87
1249:Drivers/STM32H7xx_HAL_Driver/Src/stm32h7xx_hal_qspi.c **** 
 1559              		.loc 1 1249 5 is_stmt 1 view .LVU451
 1560              	.LVL101:
1252:Drivers/STM32H7xx_HAL_Driver/Src/stm32h7xx_hal_qspi.c ****   }
 1561              		.loc 1 1252 5 view .LVU452
1252:Drivers/STM32H7xx_HAL_Driver/Src/stm32h7xx_hal_qspi.c ****   }
 1562              		.loc 1 1252 5 view .LVU453
 1563 0022 0022     		movs	r2, #0
 1564 0024 83F84020 		strb	r2, [r3, #64]
1249:Drivers/STM32H7xx_HAL_Driver/Src/stm32h7xx_hal_qspi.c **** 
 1565              		.loc 1 1249 12 is_stmt 0 view .LVU454
 1566 0028 0220     		movs	r0, #2
 1567              	.LVL102:
 1568              	.L82:
ARM GAS  C:\Users\12491\AppData\Local\Temp\ccCAIkbk.s 			page 82


1256:Drivers/STM32H7xx_HAL_Driver/Src/stm32h7xx_hal_qspi.c **** 
 1569              		.loc 1 1256 1 view .LVU455
 1570 002a 30BC     		pop	{r4, r5}
 1571              	.LCFI23:
 1572              		.cfi_remember_state
 1573              		.cfi_restore 5
 1574              		.cfi_restore 4
 1575              		.cfi_def_cfa_offset 0
 1576              	.LVL103:
1256:Drivers/STM32H7xx_HAL_Driver/Src/stm32h7xx_hal_qspi.c **** 
 1577              		.loc 1 1256 1 view .LVU456
 1578 002c 7047     		bx	lr
 1579              	.LVL104:
 1580              	.L87:
 1581              	.LCFI24:
 1582              		.cfi_restore_state
1211:Drivers/STM32H7xx_HAL_Driver/Src/stm32h7xx_hal_qspi.c **** 
 1583              		.loc 1 1211 5 is_stmt 1 view .LVU457
1211:Drivers/STM32H7xx_HAL_Driver/Src/stm32h7xx_hal_qspi.c **** 
 1584              		.loc 1 1211 22 is_stmt 0 view .LVU458
 1585 002e 0022     		movs	r2, #0
 1586 0030 5A64     		str	r2, [r3, #68]
1213:Drivers/STM32H7xx_HAL_Driver/Src/stm32h7xx_hal_qspi.c ****     {
 1587              		.loc 1 1213 5 is_stmt 1 view .LVU459
1213:Drivers/STM32H7xx_HAL_Driver/Src/stm32h7xx_hal_qspi.c ****     {
 1588              		.loc 1 1213 7 is_stmt 0 view .LVU460
 1589 0032 E9B1     		cbz	r1, .L84
1216:Drivers/STM32H7xx_HAL_Driver/Src/stm32h7xx_hal_qspi.c **** 
 1590              		.loc 1 1216 7 is_stmt 1 view .LVU461
1216:Drivers/STM32H7xx_HAL_Driver/Src/stm32h7xx_hal_qspi.c **** 
 1591              		.loc 1 1216 20 is_stmt 0 view .LVU462
 1592 0034 2222     		movs	r2, #34
 1593 0036 83F84120 		strb	r2, [r3, #65]
1219:Drivers/STM32H7xx_HAL_Driver/Src/stm32h7xx_hal_qspi.c ****       hqspi->RxXferSize = READ_REG(hqspi->Instance->DLR) + 1U;
 1594              		.loc 1 1219 7 is_stmt 1 view .LVU463
1219:Drivers/STM32H7xx_HAL_Driver/Src/stm32h7xx_hal_qspi.c ****       hqspi->RxXferSize = READ_REG(hqspi->Instance->DLR) + 1U;
 1595              		.loc 1 1219 28 is_stmt 0 view .LVU464
 1596 003a 2269     		ldr	r2, [r4, #16]
1219:Drivers/STM32H7xx_HAL_Driver/Src/stm32h7xx_hal_qspi.c ****       hqspi->RxXferSize = READ_REG(hqspi->Instance->DLR) + 1U;
 1597              		.loc 1 1219 59 view .LVU465
 1598 003c 0132     		adds	r2, r2, #1
1219:Drivers/STM32H7xx_HAL_Driver/Src/stm32h7xx_hal_qspi.c ****       hqspi->RxXferSize = READ_REG(hqspi->Instance->DLR) + 1U;
 1599              		.loc 1 1219 26 view .LVU466
 1600 003e 9A63     		str	r2, [r3, #56]
1220:Drivers/STM32H7xx_HAL_Driver/Src/stm32h7xx_hal_qspi.c ****       hqspi->pRxBuffPtr = pData;
 1601              		.loc 1 1220 7 is_stmt 1 view .LVU467
1220:Drivers/STM32H7xx_HAL_Driver/Src/stm32h7xx_hal_qspi.c ****       hqspi->pRxBuffPtr = pData;
 1602              		.loc 1 1220 27 is_stmt 0 view .LVU468
 1603 0040 2269     		ldr	r2, [r4, #16]
1220:Drivers/STM32H7xx_HAL_Driver/Src/stm32h7xx_hal_qspi.c ****       hqspi->pRxBuffPtr = pData;
 1604              		.loc 1 1220 58 view .LVU469
 1605 0042 0132     		adds	r2, r2, #1
1220:Drivers/STM32H7xx_HAL_Driver/Src/stm32h7xx_hal_qspi.c ****       hqspi->pRxBuffPtr = pData;
 1606              		.loc 1 1220 25 view .LVU470
 1607 0044 5A63     		str	r2, [r3, #52]
1221:Drivers/STM32H7xx_HAL_Driver/Src/stm32h7xx_hal_qspi.c **** 
 1608              		.loc 1 1221 7 is_stmt 1 view .LVU471
ARM GAS  C:\Users\12491\AppData\Local\Temp\ccCAIkbk.s 			page 83


1221:Drivers/STM32H7xx_HAL_Driver/Src/stm32h7xx_hal_qspi.c **** 
 1609              		.loc 1 1221 25 is_stmt 0 view .LVU472
 1610 0046 1963     		str	r1, [r3, #48]
1224:Drivers/STM32H7xx_HAL_Driver/Src/stm32h7xx_hal_qspi.c **** 
 1611              		.loc 1 1224 7 is_stmt 1 view .LVU473
 1612 0048 0322     		movs	r2, #3
 1613 004a E260     		str	r2, [r4, #12]
1227:Drivers/STM32H7xx_HAL_Driver/Src/stm32h7xx_hal_qspi.c **** 
 1614              		.loc 1 1227 7 view .LVU474
 1615 004c 1968     		ldr	r1, [r3]
 1616              	.LVL105:
1227:Drivers/STM32H7xx_HAL_Driver/Src/stm32h7xx_hal_qspi.c **** 
 1617              		.loc 1 1227 7 is_stmt 0 view .LVU475
 1618 004e 4A69     		ldr	r2, [r1, #20]
 1619 0050 22F04062 		bic	r2, r2, #201326592
 1620 0054 42F08062 		orr	r2, r2, #67108864
 1621 0058 4A61     		str	r2, [r1, #20]
1230:Drivers/STM32H7xx_HAL_Driver/Src/stm32h7xx_hal_qspi.c **** 
 1622              		.loc 1 1230 7 is_stmt 1 view .LVU476
 1623 005a 1A68     		ldr	r2, [r3]
 1624 005c 9561     		str	r5, [r2, #24]
1233:Drivers/STM32H7xx_HAL_Driver/Src/stm32h7xx_hal_qspi.c **** 
 1625              		.loc 1 1233 7 view .LVU477
1233:Drivers/STM32H7xx_HAL_Driver/Src/stm32h7xx_hal_qspi.c **** 
 1626              		.loc 1 1233 7 view .LVU478
 1627 005e 0020     		movs	r0, #0
 1628 0060 83F84000 		strb	r0, [r3, #64]
1233:Drivers/STM32H7xx_HAL_Driver/Src/stm32h7xx_hal_qspi.c **** 
 1629              		.loc 1 1233 7 view .LVU479
1236:Drivers/STM32H7xx_HAL_Driver/Src/stm32h7xx_hal_qspi.c ****     }
 1630              		.loc 1 1236 7 view .LVU480
 1631 0064 1A68     		ldr	r2, [r3]
 1632 0066 1368     		ldr	r3, [r2]
 1633              	.LVL106:
1236:Drivers/STM32H7xx_HAL_Driver/Src/stm32h7xx_hal_qspi.c ****     }
 1634              		.loc 1 1236 7 is_stmt 0 view .LVU481
 1635 0068 43F4E023 		orr	r3, r3, #458752
 1636 006c 1360     		str	r3, [r2]
 1637 006e DCE7     		b	.L82
 1638              	.LVL107:
 1639              	.L84:
1240:Drivers/STM32H7xx_HAL_Driver/Src/stm32h7xx_hal_qspi.c ****       status = HAL_ERROR;
 1640              		.loc 1 1240 7 is_stmt 1 view .LVU482
1240:Drivers/STM32H7xx_HAL_Driver/Src/stm32h7xx_hal_qspi.c ****       status = HAL_ERROR;
 1641              		.loc 1 1240 12 is_stmt 0 view .LVU483
 1642 0070 5A6C     		ldr	r2, [r3, #68]
1240:Drivers/STM32H7xx_HAL_Driver/Src/stm32h7xx_hal_qspi.c ****       status = HAL_ERROR;
 1643              		.loc 1 1240 24 view .LVU484
 1644 0072 42F00802 		orr	r2, r2, #8
 1645 0076 5A64     		str	r2, [r3, #68]
1241:Drivers/STM32H7xx_HAL_Driver/Src/stm32h7xx_hal_qspi.c **** 
 1646              		.loc 1 1241 7 is_stmt 1 view .LVU485
 1647              	.LVL108:
1244:Drivers/STM32H7xx_HAL_Driver/Src/stm32h7xx_hal_qspi.c ****     }
 1648              		.loc 1 1244 7 view .LVU486
1244:Drivers/STM32H7xx_HAL_Driver/Src/stm32h7xx_hal_qspi.c ****     }
 1649              		.loc 1 1244 7 view .LVU487
ARM GAS  C:\Users\12491\AppData\Local\Temp\ccCAIkbk.s 			page 84


 1650 0078 0022     		movs	r2, #0
 1651 007a 83F84020 		strb	r2, [r3, #64]
 1652 007e D4E7     		b	.L82
 1653              	.LVL109:
 1654              	.L85:
1207:Drivers/STM32H7xx_HAL_Driver/Src/stm32h7xx_hal_qspi.c **** 
 1655              		.loc 1 1207 3 is_stmt 0 discriminator 1 view .LVU488
 1656 0080 0220     		movs	r0, #2
 1657              	.LVL110:
1207:Drivers/STM32H7xx_HAL_Driver/Src/stm32h7xx_hal_qspi.c **** 
 1658              		.loc 1 1207 3 discriminator 1 view .LVU489
 1659 0082 D2E7     		b	.L82
 1660              		.cfi_endproc
 1661              	.LFE154:
 1663              		.section	.text.HAL_QSPI_Transmit_DMA,"ax",%progbits
 1664              		.align	1
 1665              		.global	HAL_QSPI_Transmit_DMA
 1666              		.syntax unified
 1667              		.thumb
 1668              		.thumb_func
 1670              	HAL_QSPI_Transmit_DMA:
 1671              	.LVL111:
 1672              	.LFB155:
1266:Drivers/STM32H7xx_HAL_Driver/Src/stm32h7xx_hal_qspi.c ****   HAL_StatusTypeDef status = HAL_OK;
 1673              		.loc 1 1266 1 is_stmt 1 view -0
 1674              		.cfi_startproc
 1675              		@ args = 0, pretend = 0, frame = 0
 1676              		@ frame_needed = 0, uses_anonymous_args = 0
1266:Drivers/STM32H7xx_HAL_Driver/Src/stm32h7xx_hal_qspi.c ****   HAL_StatusTypeDef status = HAL_OK;
 1677              		.loc 1 1266 1 is_stmt 0 view .LVU491
 1678 0000 70B5     		push	{r4, r5, r6, lr}
 1679              	.LCFI25:
 1680              		.cfi_def_cfa_offset 16
 1681              		.cfi_offset 4, -16
 1682              		.cfi_offset 5, -12
 1683              		.cfi_offset 6, -8
 1684              		.cfi_offset 14, -4
 1685 0002 82B0     		sub	sp, sp, #8
 1686              	.LCFI26:
 1687              		.cfi_def_cfa_offset 24
 1688 0004 0446     		mov	r4, r0
1267:Drivers/STM32H7xx_HAL_Driver/Src/stm32h7xx_hal_qspi.c ****   uint32_t data_size = (READ_REG(hqspi->Instance->DLR) + 1U);
 1689              		.loc 1 1267 3 is_stmt 1 view .LVU492
 1690              	.LVL112:
1268:Drivers/STM32H7xx_HAL_Driver/Src/stm32h7xx_hal_qspi.c **** 
 1691              		.loc 1 1268 3 view .LVU493
1268:Drivers/STM32H7xx_HAL_Driver/Src/stm32h7xx_hal_qspi.c **** 
 1692              		.loc 1 1268 25 is_stmt 0 view .LVU494
 1693 0006 0068     		ldr	r0, [r0]
 1694              	.LVL113:
1268:Drivers/STM32H7xx_HAL_Driver/Src/stm32h7xx_hal_qspi.c **** 
 1695              		.loc 1 1268 25 view .LVU495
 1696 0008 0269     		ldr	r2, [r0, #16]
 1697              	.LVL114:
1271:Drivers/STM32H7xx_HAL_Driver/Src/stm32h7xx_hal_qspi.c **** 
 1698              		.loc 1 1271 3 is_stmt 1 view .LVU496
1271:Drivers/STM32H7xx_HAL_Driver/Src/stm32h7xx_hal_qspi.c **** 
ARM GAS  C:\Users\12491\AppData\Local\Temp\ccCAIkbk.s 			page 85


 1699              		.loc 1 1271 3 view .LVU497
 1700 000a 94F84030 		ldrb	r3, [r4, #64]	@ zero_extendqisi2
 1701 000e DBB2     		uxtb	r3, r3
 1702 0010 012B     		cmp	r3, #1
 1703 0012 00F08B80 		beq	.L97
 1704 0016 0132     		adds	r2, r2, #1
 1705              	.LVL115:
1271:Drivers/STM32H7xx_HAL_Driver/Src/stm32h7xx_hal_qspi.c **** 
 1706              		.loc 1 1271 3 discriminator 2 view .LVU498
 1707 0018 0123     		movs	r3, #1
 1708 001a 84F84030 		strb	r3, [r4, #64]
1271:Drivers/STM32H7xx_HAL_Driver/Src/stm32h7xx_hal_qspi.c **** 
 1709              		.loc 1 1271 3 discriminator 2 view .LVU499
1273:Drivers/STM32H7xx_HAL_Driver/Src/stm32h7xx_hal_qspi.c ****   {
 1710              		.loc 1 1273 3 view .LVU500
1273:Drivers/STM32H7xx_HAL_Driver/Src/stm32h7xx_hal_qspi.c ****   {
 1711              		.loc 1 1273 11 is_stmt 0 view .LVU501
 1712 001e 94F84150 		ldrb	r5, [r4, #65]	@ zero_extendqisi2
 1713 0022 EDB2     		uxtb	r5, r5
1273:Drivers/STM32H7xx_HAL_Driver/Src/stm32h7xx_hal_qspi.c ****   {
 1714              		.loc 1 1273 5 view .LVU502
 1715 0024 9D42     		cmp	r5, r3
 1716 0026 06D0     		beq	.L99
1365:Drivers/STM32H7xx_HAL_Driver/Src/stm32h7xx_hal_qspi.c **** 
 1717              		.loc 1 1365 5 is_stmt 1 view .LVU503
 1718              	.LVL116:
1368:Drivers/STM32H7xx_HAL_Driver/Src/stm32h7xx_hal_qspi.c ****   }
 1719              		.loc 1 1368 5 view .LVU504
1368:Drivers/STM32H7xx_HAL_Driver/Src/stm32h7xx_hal_qspi.c ****   }
 1720              		.loc 1 1368 5 view .LVU505
 1721 0028 0023     		movs	r3, #0
 1722 002a 84F84030 		strb	r3, [r4, #64]
1365:Drivers/STM32H7xx_HAL_Driver/Src/stm32h7xx_hal_qspi.c **** 
 1723              		.loc 1 1365 12 is_stmt 0 view .LVU506
 1724 002e 0225     		movs	r5, #2
 1725              	.LVL117:
 1726              	.L89:
1372:Drivers/STM32H7xx_HAL_Driver/Src/stm32h7xx_hal_qspi.c **** 
 1727              		.loc 1 1372 1 view .LVU507
 1728 0030 2846     		mov	r0, r5
 1729 0032 02B0     		add	sp, sp, #8
 1730              	.LCFI27:
 1731              		.cfi_remember_state
 1732              		.cfi_def_cfa_offset 16
 1733              		@ sp needed
 1734 0034 70BD     		pop	{r4, r5, r6, pc}
 1735              	.LVL118:
 1736              	.L99:
 1737              	.LCFI28:
 1738              		.cfi_restore_state
1276:Drivers/STM32H7xx_HAL_Driver/Src/stm32h7xx_hal_qspi.c **** 
 1739              		.loc 1 1276 5 is_stmt 1 view .LVU508
1276:Drivers/STM32H7xx_HAL_Driver/Src/stm32h7xx_hal_qspi.c **** 
 1740              		.loc 1 1276 22 is_stmt 0 view .LVU509
 1741 0036 0023     		movs	r3, #0
 1742 0038 6364     		str	r3, [r4, #68]
1278:Drivers/STM32H7xx_HAL_Driver/Src/stm32h7xx_hal_qspi.c ****     {
ARM GAS  C:\Users\12491\AppData\Local\Temp\ccCAIkbk.s 			page 86


 1743              		.loc 1 1278 5 is_stmt 1 view .LVU510
1278:Drivers/STM32H7xx_HAL_Driver/Src/stm32h7xx_hal_qspi.c ****     {
 1744              		.loc 1 1278 7 is_stmt 0 view .LVU511
 1745 003a 0029     		cmp	r1, #0
 1746 003c 6ED0     		beq	.L91
1281:Drivers/STM32H7xx_HAL_Driver/Src/stm32h7xx_hal_qspi.c **** 
 1747              		.loc 1 1281 7 is_stmt 1 view .LVU512
1281:Drivers/STM32H7xx_HAL_Driver/Src/stm32h7xx_hal_qspi.c **** 
 1748              		.loc 1 1281 26 is_stmt 0 view .LVU513
 1749 003e E262     		str	r2, [r4, #44]
1284:Drivers/STM32H7xx_HAL_Driver/Src/stm32h7xx_hal_qspi.c **** 
 1750              		.loc 1 1284 9 is_stmt 1 view .LVU514
1284:Drivers/STM32H7xx_HAL_Driver/Src/stm32h7xx_hal_qspi.c **** 
 1751              		.loc 1 1284 22 is_stmt 0 view .LVU515
 1752 0040 1223     		movs	r3, #18
 1753 0042 84F84130 		strb	r3, [r4, #65]
1287:Drivers/STM32H7xx_HAL_Driver/Src/stm32h7xx_hal_qspi.c **** 
 1754              		.loc 1 1287 9 is_stmt 1 view .LVU516
 1755 0046 0323     		movs	r3, #3
 1756 0048 C360     		str	r3, [r0, #12]
1290:Drivers/STM32H7xx_HAL_Driver/Src/stm32h7xx_hal_qspi.c ****         hqspi->pTxBuffPtr = pData;
 1757              		.loc 1 1290 9 view .LVU517
1290:Drivers/STM32H7xx_HAL_Driver/Src/stm32h7xx_hal_qspi.c ****         hqspi->pTxBuffPtr = pData;
 1758              		.loc 1 1290 34 is_stmt 0 view .LVU518
 1759 004a E36A     		ldr	r3, [r4, #44]
1290:Drivers/STM32H7xx_HAL_Driver/Src/stm32h7xx_hal_qspi.c ****         hqspi->pTxBuffPtr = pData;
 1760              		.loc 1 1290 27 view .LVU519
 1761 004c A362     		str	r3, [r4, #40]
1291:Drivers/STM32H7xx_HAL_Driver/Src/stm32h7xx_hal_qspi.c **** 
 1762              		.loc 1 1291 9 is_stmt 1 view .LVU520
1291:Drivers/STM32H7xx_HAL_Driver/Src/stm32h7xx_hal_qspi.c **** 
 1763              		.loc 1 1291 27 is_stmt 0 view .LVU521
 1764 004e 6162     		str	r1, [r4, #36]
1294:Drivers/STM32H7xx_HAL_Driver/Src/stm32h7xx_hal_qspi.c **** 
 1765              		.loc 1 1294 9 is_stmt 1 view .LVU522
 1766 0050 2268     		ldr	r2, [r4]
 1767              	.LVL119:
1294:Drivers/STM32H7xx_HAL_Driver/Src/stm32h7xx_hal_qspi.c **** 
 1768              		.loc 1 1294 9 is_stmt 0 view .LVU523
 1769 0052 5369     		ldr	r3, [r2, #20]
 1770 0054 23F04063 		bic	r3, r3, #201326592
 1771 0058 5361     		str	r3, [r2, #20]
1297:Drivers/STM32H7xx_HAL_Driver/Src/stm32h7xx_hal_qspi.c **** 
 1772              		.loc 1 1297 9 is_stmt 1 view .LVU524
1297:Drivers/STM32H7xx_HAL_Driver/Src/stm32h7xx_hal_qspi.c **** 
 1773              		.loc 1 1297 14 is_stmt 0 view .LVU525
 1774 005a E36B     		ldr	r3, [r4, #60]
1297:Drivers/STM32H7xx_HAL_Driver/Src/stm32h7xx_hal_qspi.c **** 
 1775              		.loc 1 1297 40 view .LVU526
 1776 005c 344A     		ldr	r2, .L102
 1777 005e 5A64     		str	r2, [r3, #68]
1300:Drivers/STM32H7xx_HAL_Driver/Src/stm32h7xx_hal_qspi.c **** 
 1778              		.loc 1 1300 9 is_stmt 1 view .LVU527
1300:Drivers/STM32H7xx_HAL_Driver/Src/stm32h7xx_hal_qspi.c **** 
 1779              		.loc 1 1300 14 is_stmt 0 view .LVU528
 1780 0060 E36B     		ldr	r3, [r4, #60]
1300:Drivers/STM32H7xx_HAL_Driver/Src/stm32h7xx_hal_qspi.c **** 
ARM GAS  C:\Users\12491\AppData\Local\Temp\ccCAIkbk.s 			page 87


 1781              		.loc 1 1300 41 view .LVU529
 1782 0062 344A     		ldr	r2, .L102+4
 1783 0064 5A65     		str	r2, [r3, #84]
1303:Drivers/STM32H7xx_HAL_Driver/Src/stm32h7xx_hal_qspi.c **** 
 1784              		.loc 1 1303 9 is_stmt 1 view .LVU530
1303:Drivers/STM32H7xx_HAL_Driver/Src/stm32h7xx_hal_qspi.c **** 
 1785              		.loc 1 1303 14 is_stmt 0 view .LVU531
 1786 0066 E36B     		ldr	r3, [r4, #60]
1303:Drivers/STM32H7xx_HAL_Driver/Src/stm32h7xx_hal_qspi.c **** 
 1787              		.loc 1 1303 41 view .LVU532
 1788 0068 0022     		movs	r2, #0
 1789 006a 9A65     		str	r2, [r3, #88]
1306:Drivers/STM32H7xx_HAL_Driver/Src/stm32h7xx_hal_qspi.c **** 
 1790              		.loc 1 1306 9 is_stmt 1 view .LVU533
 1791 006c E36B     		ldr	r3, [r4, #60]
 1792 006e 1A68     		ldr	r2, [r3]
 1793 0070 1069     		ldr	r0, [r2, #16]
 1794 0072 314B     		ldr	r3, .L102+8
 1795 0074 0340     		ands	r3, r3, r0
 1796 0076 1361     		str	r3, [r2, #16]
1309:Drivers/STM32H7xx_HAL_Driver/Src/stm32h7xx_hal_qspi.c ****         {
 1797              		.loc 1 1309 9 view .LVU534
1309:Drivers/STM32H7xx_HAL_Driver/Src/stm32h7xx_hal_qspi.c ****         {
 1798              		.loc 1 1309 18 is_stmt 0 view .LVU535
 1799 0078 E26B     		ldr	r2, [r4, #60]
1309:Drivers/STM32H7xx_HAL_Driver/Src/stm32h7xx_hal_qspi.c ****         {
 1800              		.loc 1 1309 31 view .LVU536
 1801 007a D369     		ldr	r3, [r2, #28]
1309:Drivers/STM32H7xx_HAL_Driver/Src/stm32h7xx_hal_qspi.c ****         {
 1802              		.loc 1 1309 12 view .LVU537
 1803 007c 03BB     		cbnz	r3, .L92
1311:Drivers/STM32H7xx_HAL_Driver/Src/stm32h7xx_hal_qspi.c ****         }
 1804              		.loc 1 1311 11 is_stmt 1 view .LVU538
 1805 007e 1268     		ldr	r2, [r2]
 1806 0080 1069     		ldr	r0, [r2, #16]
 1807 0082 A3F54173 		sub	r3, r3, #772
 1808 0086 0340     		ands	r3, r3, r0
 1809 0088 43F00203 		orr	r3, r3, #2
 1810 008c 1361     		str	r3, [r2, #16]
1267:Drivers/STM32H7xx_HAL_Driver/Src/stm32h7xx_hal_qspi.c ****   uint32_t data_size = (READ_REG(hqspi->Instance->DLR) + 1U);
 1811              		.loc 1 1267 21 is_stmt 0 view .LVU539
 1812 008e 0026     		movs	r6, #0
 1813              	.LVL120:
 1814              	.L93:
1329:Drivers/STM32H7xx_HAL_Driver/Src/stm32h7xx_hal_qspi.c **** 
 1815              		.loc 1 1329 9 is_stmt 1 view .LVU540
 1816 0090 2268     		ldr	r2, [r4]
 1817 0092 1368     		ldr	r3, [r2]
 1818 0094 43F48033 		orr	r3, r3, #65536
 1819 0098 1360     		str	r3, [r2]
1332:Drivers/STM32H7xx_HAL_Driver/Src/stm32h7xx_hal_qspi.c **** 
 1820              		.loc 1 1332 9 view .LVU541
 1821 009a 2268     		ldr	r2, [r4]
 1822 009c 1368     		ldr	r3, [r2]
 1823 009e 43F00403 		orr	r3, r3, #4
 1824 00a2 1360     		str	r3, [r2]
1336:Drivers/STM32H7xx_HAL_Driver/Src/stm32h7xx_hal_qspi.c ****         {
ARM GAS  C:\Users\12491\AppData\Local\Temp\ccCAIkbk.s 			page 88


 1825              		.loc 1 1336 9 view .LVU542
1336:Drivers/STM32H7xx_HAL_Driver/Src/stm32h7xx_hal_qspi.c ****         {
 1826              		.loc 1 1336 78 is_stmt 0 view .LVU543
 1827 00a4 2268     		ldr	r2, [r4]
1336:Drivers/STM32H7xx_HAL_Driver/Src/stm32h7xx_hal_qspi.c ****         {
 1828              		.loc 1 1336 99 view .LVU544
 1829 00a6 A36A     		ldr	r3, [r4, #40]
1336:Drivers/STM32H7xx_HAL_Driver/Src/stm32h7xx_hal_qspi.c ****         {
 1830              		.loc 1 1336 13 view .LVU545
 1831 00a8 0120     		movs	r0, #1
 1832 00aa 0090     		str	r0, [sp]
 1833 00ac 2032     		adds	r2, r2, #32
 1834 00ae E06B     		ldr	r0, [r4, #60]
 1835 00b0 FFF7FEFF 		bl	HAL_MDMA_Start_IT
 1836              	.LVL121:
1336:Drivers/STM32H7xx_HAL_Driver/Src/stm32h7xx_hal_qspi.c ****         {
 1837              		.loc 1 1336 12 discriminator 1 view .LVU546
 1838 00b4 10BB     		cbnz	r0, .L96
1339:Drivers/STM32H7xx_HAL_Driver/Src/stm32h7xx_hal_qspi.c ****         }
 1839              		.loc 1 1339 11 is_stmt 1 view .LVU547
1339:Drivers/STM32H7xx_HAL_Driver/Src/stm32h7xx_hal_qspi.c ****         }
 1840              		.loc 1 1339 11 view .LVU548
 1841 00b6 0023     		movs	r3, #0
 1842 00b8 84F84030 		strb	r3, [r4, #64]
1339:Drivers/STM32H7xx_HAL_Driver/Src/stm32h7xx_hal_qspi.c ****         }
 1843              		.loc 1 1339 11 view .LVU549
 1844 00bc 3546     		mov	r5, r6
 1845 00be B7E7     		b	.L89
 1846              	.LVL122:
 1847              	.L92:
1313:Drivers/STM32H7xx_HAL_Driver/Src/stm32h7xx_hal_qspi.c ****         {
 1848              		.loc 1 1313 14 view .LVU550
1313:Drivers/STM32H7xx_HAL_Driver/Src/stm32h7xx_hal_qspi.c ****         {
 1849              		.loc 1 1313 17 is_stmt 0 view .LVU551
 1850 00c0 102B     		cmp	r3, #16
 1851 00c2 07D0     		beq	.L100
1317:Drivers/STM32H7xx_HAL_Driver/Src/stm32h7xx_hal_qspi.c ****         {
 1852              		.loc 1 1317 14 is_stmt 1 view .LVU552
1317:Drivers/STM32H7xx_HAL_Driver/Src/stm32h7xx_hal_qspi.c ****         {
 1853              		.loc 1 1317 17 is_stmt 0 view .LVU553
 1854 00c4 202B     		cmp	r3, #32
 1855 00c6 0FD0     		beq	.L101
1324:Drivers/STM32H7xx_HAL_Driver/Src/stm32h7xx_hal_qspi.c ****           status = HAL_ERROR;
 1856              		.loc 1 1324 11 is_stmt 1 view .LVU554
1324:Drivers/STM32H7xx_HAL_Driver/Src/stm32h7xx_hal_qspi.c ****           status = HAL_ERROR;
 1857              		.loc 1 1324 16 is_stmt 0 view .LVU555
 1858 00c8 636C     		ldr	r3, [r4, #68]
1324:Drivers/STM32H7xx_HAL_Driver/Src/stm32h7xx_hal_qspi.c ****           status = HAL_ERROR;
 1859              		.loc 1 1324 28 view .LVU556
 1860 00ca 43F00403 		orr	r3, r3, #4
 1861 00ce 6364     		str	r3, [r4, #68]
1325:Drivers/STM32H7xx_HAL_Driver/Src/stm32h7xx_hal_qspi.c ****         }
 1862              		.loc 1 1325 11 is_stmt 1 view .LVU557
 1863              	.LVL123:
1325:Drivers/STM32H7xx_HAL_Driver/Src/stm32h7xx_hal_qspi.c ****         }
 1864              		.loc 1 1325 18 is_stmt 0 view .LVU558
 1865 00d0 2E46     		mov	r6, r5
ARM GAS  C:\Users\12491\AppData\Local\Temp\ccCAIkbk.s 			page 89


 1866 00d2 DDE7     		b	.L93
 1867              	.LVL124:
 1868              	.L100:
1315:Drivers/STM32H7xx_HAL_Driver/Src/stm32h7xx_hal_qspi.c ****         }
 1869              		.loc 1 1315 11 is_stmt 1 view .LVU559
 1870 00d4 1268     		ldr	r2, [r2]
 1871 00d6 1069     		ldr	r0, [r2, #16]
 1872 00d8 A3F54573 		sub	r3, r3, #788
 1873 00dc 0340     		ands	r3, r3, r0
 1874 00de 43F48173 		orr	r3, r3, #258
 1875 00e2 1361     		str	r3, [r2, #16]
1267:Drivers/STM32H7xx_HAL_Driver/Src/stm32h7xx_hal_qspi.c ****   uint32_t data_size = (READ_REG(hqspi->Instance->DLR) + 1U);
 1876              		.loc 1 1267 21 is_stmt 0 view .LVU560
 1877 00e4 0026     		movs	r6, #0
 1878 00e6 D3E7     		b	.L93
 1879              	.L101:
1319:Drivers/STM32H7xx_HAL_Driver/Src/stm32h7xx_hal_qspi.c ****         }
 1880              		.loc 1 1319 11 is_stmt 1 view .LVU561
 1881 00e8 1068     		ldr	r0, [r2]
 1882 00ea 0369     		ldr	r3, [r0, #16]
 1883 00ec 134A     		ldr	r2, .L102+12
 1884 00ee 1A40     		ands	r2, r2, r3
 1885 00f0 40F20223 		movw	r3, #514
 1886 00f4 1343     		orrs	r3, r3, r2
 1887 00f6 0361     		str	r3, [r0, #16]
1267:Drivers/STM32H7xx_HAL_Driver/Src/stm32h7xx_hal_qspi.c ****   uint32_t data_size = (READ_REG(hqspi->Instance->DLR) + 1U);
 1888              		.loc 1 1267 21 is_stmt 0 view .LVU562
 1889 00f8 0026     		movs	r6, #0
 1890 00fa C9E7     		b	.L93
 1891              	.LVL125:
 1892              	.L96:
1344:Drivers/STM32H7xx_HAL_Driver/Src/stm32h7xx_hal_qspi.c **** 
 1893              		.loc 1 1344 11 is_stmt 1 view .LVU563
 1894 00fc 2268     		ldr	r2, [r4]
 1895 00fe 1368     		ldr	r3, [r2]
 1896 0100 23F00403 		bic	r3, r3, #4
 1897 0104 1360     		str	r3, [r2]
1346:Drivers/STM32H7xx_HAL_Driver/Src/stm32h7xx_hal_qspi.c ****           hqspi->ErrorCode |= HAL_QSPI_ERROR_DMA;
 1898              		.loc 1 1346 11 view .LVU564
 1899              	.LVL126:
1347:Drivers/STM32H7xx_HAL_Driver/Src/stm32h7xx_hal_qspi.c ****           hqspi->State = HAL_QSPI_STATE_READY;
 1900              		.loc 1 1347 11 view .LVU565
1347:Drivers/STM32H7xx_HAL_Driver/Src/stm32h7xx_hal_qspi.c ****           hqspi->State = HAL_QSPI_STATE_READY;
 1901              		.loc 1 1347 16 is_stmt 0 view .LVU566
 1902 0106 636C     		ldr	r3, [r4, #68]
1347:Drivers/STM32H7xx_HAL_Driver/Src/stm32h7xx_hal_qspi.c ****           hqspi->State = HAL_QSPI_STATE_READY;
 1903              		.loc 1 1347 28 view .LVU567
 1904 0108 43F00403 		orr	r3, r3, #4
 1905 010c 6364     		str	r3, [r4, #68]
1348:Drivers/STM32H7xx_HAL_Driver/Src/stm32h7xx_hal_qspi.c **** 
 1906              		.loc 1 1348 11 is_stmt 1 view .LVU568
1348:Drivers/STM32H7xx_HAL_Driver/Src/stm32h7xx_hal_qspi.c **** 
 1907              		.loc 1 1348 24 is_stmt 0 view .LVU569
 1908 010e 0123     		movs	r3, #1
 1909 0110 84F84130 		strb	r3, [r4, #65]
1351:Drivers/STM32H7xx_HAL_Driver/Src/stm32h7xx_hal_qspi.c ****         }
 1910              		.loc 1 1351 11 is_stmt 1 view .LVU570
ARM GAS  C:\Users\12491\AppData\Local\Temp\ccCAIkbk.s 			page 90


1351:Drivers/STM32H7xx_HAL_Driver/Src/stm32h7xx_hal_qspi.c ****         }
 1911              		.loc 1 1351 11 view .LVU571
 1912 0114 0023     		movs	r3, #0
 1913 0116 84F84030 		strb	r3, [r4, #64]
 1914 011a 89E7     		b	.L89
 1915              	.LVL127:
 1916              	.L91:
1356:Drivers/STM32H7xx_HAL_Driver/Src/stm32h7xx_hal_qspi.c ****       status = HAL_ERROR;
 1917              		.loc 1 1356 7 view .LVU572
1356:Drivers/STM32H7xx_HAL_Driver/Src/stm32h7xx_hal_qspi.c ****       status = HAL_ERROR;
 1918              		.loc 1 1356 12 is_stmt 0 view .LVU573
 1919 011c 636C     		ldr	r3, [r4, #68]
1356:Drivers/STM32H7xx_HAL_Driver/Src/stm32h7xx_hal_qspi.c ****       status = HAL_ERROR;
 1920              		.loc 1 1356 24 view .LVU574
 1921 011e 43F00803 		orr	r3, r3, #8
 1922 0122 6364     		str	r3, [r4, #68]
1357:Drivers/STM32H7xx_HAL_Driver/Src/stm32h7xx_hal_qspi.c **** 
 1923              		.loc 1 1357 7 is_stmt 1 view .LVU575
 1924              	.LVL128:
1360:Drivers/STM32H7xx_HAL_Driver/Src/stm32h7xx_hal_qspi.c ****     }
 1925              		.loc 1 1360 7 view .LVU576
1360:Drivers/STM32H7xx_HAL_Driver/Src/stm32h7xx_hal_qspi.c ****     }
 1926              		.loc 1 1360 7 view .LVU577
 1927 0124 0023     		movs	r3, #0
 1928 0126 84F84030 		strb	r3, [r4, #64]
 1929 012a 81E7     		b	.L89
 1930              	.LVL129:
 1931              	.L97:
1271:Drivers/STM32H7xx_HAL_Driver/Src/stm32h7xx_hal_qspi.c **** 
 1932              		.loc 1 1271 3 is_stmt 0 discriminator 1 view .LVU578
 1933 012c 0225     		movs	r5, #2
 1934 012e 7FE7     		b	.L89
 1935              	.L103:
 1936              		.align	2
 1937              	.L102:
 1938 0130 00000000 		.word	QSPI_DMATxCplt
 1939 0134 00000000 		.word	QSPI_DMAError
 1940 0138 F3F3FFFF 		.word	-3085
 1941 013c FCFCFFFF 		.word	-772
 1942              		.cfi_endproc
 1943              	.LFE155:
 1945              		.section	.text.HAL_QSPI_Receive_DMA,"ax",%progbits
 1946              		.align	1
 1947              		.global	HAL_QSPI_Receive_DMA
 1948              		.syntax unified
 1949              		.thumb
 1950              		.thumb_func
 1952              	HAL_QSPI_Receive_DMA:
 1953              	.LVL130:
 1954              	.LFB156:
1382:Drivers/STM32H7xx_HAL_Driver/Src/stm32h7xx_hal_qspi.c ****   HAL_StatusTypeDef status = HAL_OK;
 1955              		.loc 1 1382 1 is_stmt 1 view -0
 1956              		.cfi_startproc
 1957              		@ args = 0, pretend = 0, frame = 0
 1958              		@ frame_needed = 0, uses_anonymous_args = 0
1382:Drivers/STM32H7xx_HAL_Driver/Src/stm32h7xx_hal_qspi.c ****   HAL_StatusTypeDef status = HAL_OK;
 1959              		.loc 1 1382 1 is_stmt 0 view .LVU580
ARM GAS  C:\Users\12491\AppData\Local\Temp\ccCAIkbk.s 			page 91


 1960 0000 70B5     		push	{r4, r5, r6, lr}
 1961              	.LCFI29:
 1962              		.cfi_def_cfa_offset 16
 1963              		.cfi_offset 4, -16
 1964              		.cfi_offset 5, -12
 1965              		.cfi_offset 6, -8
 1966              		.cfi_offset 14, -4
 1967 0002 82B0     		sub	sp, sp, #8
 1968              	.LCFI30:
 1969              		.cfi_def_cfa_offset 24
 1970 0004 0446     		mov	r4, r0
1383:Drivers/STM32H7xx_HAL_Driver/Src/stm32h7xx_hal_qspi.c ****   uint32_t addr_reg = READ_REG(hqspi->Instance->AR);
 1971              		.loc 1 1383 3 is_stmt 1 view .LVU581
 1972              	.LVL131:
1384:Drivers/STM32H7xx_HAL_Driver/Src/stm32h7xx_hal_qspi.c ****   uint32_t data_size = (READ_REG(hqspi->Instance->DLR) + 1U);
 1973              		.loc 1 1384 3 view .LVU582
1384:Drivers/STM32H7xx_HAL_Driver/Src/stm32h7xx_hal_qspi.c ****   uint32_t data_size = (READ_REG(hqspi->Instance->DLR) + 1U);
 1974              		.loc 1 1384 23 is_stmt 0 view .LVU583
 1975 0006 0068     		ldr	r0, [r0]
 1976              	.LVL132:
1384:Drivers/STM32H7xx_HAL_Driver/Src/stm32h7xx_hal_qspi.c ****   uint32_t data_size = (READ_REG(hqspi->Instance->DLR) + 1U);
 1977              		.loc 1 1384 12 view .LVU584
 1978 0008 8269     		ldr	r2, [r0, #24]
 1979              	.LVL133:
1385:Drivers/STM32H7xx_HAL_Driver/Src/stm32h7xx_hal_qspi.c **** 
 1980              		.loc 1 1385 3 is_stmt 1 view .LVU585
1385:Drivers/STM32H7xx_HAL_Driver/Src/stm32h7xx_hal_qspi.c **** 
 1981              		.loc 1 1385 25 is_stmt 0 view .LVU586
 1982 000a 0669     		ldr	r6, [r0, #16]
 1983              	.LVL134:
1388:Drivers/STM32H7xx_HAL_Driver/Src/stm32h7xx_hal_qspi.c **** 
 1984              		.loc 1 1388 3 is_stmt 1 view .LVU587
1388:Drivers/STM32H7xx_HAL_Driver/Src/stm32h7xx_hal_qspi.c **** 
 1985              		.loc 1 1388 3 view .LVU588
 1986 000c 94F84030 		ldrb	r3, [r4, #64]	@ zero_extendqisi2
 1987 0010 DBB2     		uxtb	r3, r3
 1988 0012 012B     		cmp	r3, #1
 1989 0014 00F09180 		beq	.L113
 1990 0018 0136     		adds	r6, r6, #1
 1991              	.LVL135:
1388:Drivers/STM32H7xx_HAL_Driver/Src/stm32h7xx_hal_qspi.c **** 
 1992              		.loc 1 1388 3 discriminator 2 view .LVU589
 1993 001a 0123     		movs	r3, #1
 1994 001c 84F84030 		strb	r3, [r4, #64]
1388:Drivers/STM32H7xx_HAL_Driver/Src/stm32h7xx_hal_qspi.c **** 
 1995              		.loc 1 1388 3 discriminator 2 view .LVU590
1390:Drivers/STM32H7xx_HAL_Driver/Src/stm32h7xx_hal_qspi.c ****   {
 1996              		.loc 1 1390 3 view .LVU591
1390:Drivers/STM32H7xx_HAL_Driver/Src/stm32h7xx_hal_qspi.c ****   {
 1997              		.loc 1 1390 11 is_stmt 0 view .LVU592
 1998 0020 94F84150 		ldrb	r5, [r4, #65]	@ zero_extendqisi2
 1999 0024 EDB2     		uxtb	r5, r5
1390:Drivers/STM32H7xx_HAL_Driver/Src/stm32h7xx_hal_qspi.c ****   {
 2000              		.loc 1 1390 5 view .LVU593
 2001 0026 9D42     		cmp	r5, r3
 2002 0028 06D0     		beq	.L115
1482:Drivers/STM32H7xx_HAL_Driver/Src/stm32h7xx_hal_qspi.c **** 
ARM GAS  C:\Users\12491\AppData\Local\Temp\ccCAIkbk.s 			page 92


 2003              		.loc 1 1482 5 is_stmt 1 view .LVU594
 2004              	.LVL136:
1485:Drivers/STM32H7xx_HAL_Driver/Src/stm32h7xx_hal_qspi.c ****   }
 2005              		.loc 1 1485 5 view .LVU595
1485:Drivers/STM32H7xx_HAL_Driver/Src/stm32h7xx_hal_qspi.c ****   }
 2006              		.loc 1 1485 5 view .LVU596
 2007 002a 0023     		movs	r3, #0
 2008 002c 84F84030 		strb	r3, [r4, #64]
1482:Drivers/STM32H7xx_HAL_Driver/Src/stm32h7xx_hal_qspi.c **** 
 2009              		.loc 1 1482 12 is_stmt 0 view .LVU597
 2010 0030 0225     		movs	r5, #2
 2011              	.LVL137:
 2012              	.L105:
1489:Drivers/STM32H7xx_HAL_Driver/Src/stm32h7xx_hal_qspi.c **** 
 2013              		.loc 1 1489 1 view .LVU598
 2014 0032 2846     		mov	r0, r5
 2015 0034 02B0     		add	sp, sp, #8
 2016              	.LCFI31:
 2017              		.cfi_remember_state
 2018              		.cfi_def_cfa_offset 16
 2019              		@ sp needed
 2020 0036 70BD     		pop	{r4, r5, r6, pc}
 2021              	.LVL138:
 2022              	.L115:
 2023              	.LCFI32:
 2024              		.cfi_restore_state
1393:Drivers/STM32H7xx_HAL_Driver/Src/stm32h7xx_hal_qspi.c **** 
 2025              		.loc 1 1393 5 is_stmt 1 view .LVU599
1393:Drivers/STM32H7xx_HAL_Driver/Src/stm32h7xx_hal_qspi.c **** 
 2026              		.loc 1 1393 22 is_stmt 0 view .LVU600
 2027 0038 0023     		movs	r3, #0
 2028 003a 6364     		str	r3, [r4, #68]
1395:Drivers/STM32H7xx_HAL_Driver/Src/stm32h7xx_hal_qspi.c ****     {
 2029              		.loc 1 1395 5 is_stmt 1 view .LVU601
1395:Drivers/STM32H7xx_HAL_Driver/Src/stm32h7xx_hal_qspi.c ****     {
 2030              		.loc 1 1395 7 is_stmt 0 view .LVU602
 2031 003c 0029     		cmp	r1, #0
 2032 003e 74D0     		beq	.L107
1398:Drivers/STM32H7xx_HAL_Driver/Src/stm32h7xx_hal_qspi.c ****         /* Update state */
 2033              		.loc 1 1398 7 is_stmt 1 view .LVU603
1398:Drivers/STM32H7xx_HAL_Driver/Src/stm32h7xx_hal_qspi.c ****         /* Update state */
 2034              		.loc 1 1398 26 is_stmt 0 view .LVU604
 2035 0040 A663     		str	r6, [r4, #56]
1400:Drivers/STM32H7xx_HAL_Driver/Src/stm32h7xx_hal_qspi.c **** 
 2036              		.loc 1 1400 9 is_stmt 1 view .LVU605
1400:Drivers/STM32H7xx_HAL_Driver/Src/stm32h7xx_hal_qspi.c **** 
 2037              		.loc 1 1400 22 is_stmt 0 view .LVU606
 2038 0042 2223     		movs	r3, #34
 2039 0044 84F84130 		strb	r3, [r4, #65]
1403:Drivers/STM32H7xx_HAL_Driver/Src/stm32h7xx_hal_qspi.c **** 
 2040              		.loc 1 1403 9 is_stmt 1 view .LVU607
 2041 0048 0323     		movs	r3, #3
 2042 004a C360     		str	r3, [r0, #12]
1406:Drivers/STM32H7xx_HAL_Driver/Src/stm32h7xx_hal_qspi.c ****         hqspi->pRxBuffPtr = pData;
 2043              		.loc 1 1406 9 view .LVU608
1406:Drivers/STM32H7xx_HAL_Driver/Src/stm32h7xx_hal_qspi.c ****         hqspi->pRxBuffPtr = pData;
 2044              		.loc 1 1406 34 is_stmt 0 view .LVU609
ARM GAS  C:\Users\12491\AppData\Local\Temp\ccCAIkbk.s 			page 93


 2045 004c A36B     		ldr	r3, [r4, #56]
1406:Drivers/STM32H7xx_HAL_Driver/Src/stm32h7xx_hal_qspi.c ****         hqspi->pRxBuffPtr = pData;
 2046              		.loc 1 1406 27 view .LVU610
 2047 004e 6363     		str	r3, [r4, #52]
1407:Drivers/STM32H7xx_HAL_Driver/Src/stm32h7xx_hal_qspi.c **** 
 2048              		.loc 1 1407 9 is_stmt 1 view .LVU611
1407:Drivers/STM32H7xx_HAL_Driver/Src/stm32h7xx_hal_qspi.c **** 
 2049              		.loc 1 1407 27 is_stmt 0 view .LVU612
 2050 0050 2163     		str	r1, [r4, #48]
1410:Drivers/STM32H7xx_HAL_Driver/Src/stm32h7xx_hal_qspi.c **** 
 2051              		.loc 1 1410 9 is_stmt 1 view .LVU613
1410:Drivers/STM32H7xx_HAL_Driver/Src/stm32h7xx_hal_qspi.c **** 
 2052              		.loc 1 1410 14 is_stmt 0 view .LVU614
 2053 0052 E36B     		ldr	r3, [r4, #60]
1410:Drivers/STM32H7xx_HAL_Driver/Src/stm32h7xx_hal_qspi.c **** 
 2054              		.loc 1 1410 40 view .LVU615
 2055 0054 3A48     		ldr	r0, .L118
 2056 0056 5864     		str	r0, [r3, #68]
1413:Drivers/STM32H7xx_HAL_Driver/Src/stm32h7xx_hal_qspi.c **** 
 2057              		.loc 1 1413 9 is_stmt 1 view .LVU616
1413:Drivers/STM32H7xx_HAL_Driver/Src/stm32h7xx_hal_qspi.c **** 
 2058              		.loc 1 1413 14 is_stmt 0 view .LVU617
 2059 0058 E36B     		ldr	r3, [r4, #60]
1413:Drivers/STM32H7xx_HAL_Driver/Src/stm32h7xx_hal_qspi.c **** 
 2060              		.loc 1 1413 41 view .LVU618
 2061 005a 3A48     		ldr	r0, .L118+4
 2062 005c 5865     		str	r0, [r3, #84]
1416:Drivers/STM32H7xx_HAL_Driver/Src/stm32h7xx_hal_qspi.c **** 
 2063              		.loc 1 1416 9 is_stmt 1 view .LVU619
1416:Drivers/STM32H7xx_HAL_Driver/Src/stm32h7xx_hal_qspi.c **** 
 2064              		.loc 1 1416 14 is_stmt 0 view .LVU620
 2065 005e E36B     		ldr	r3, [r4, #60]
1416:Drivers/STM32H7xx_HAL_Driver/Src/stm32h7xx_hal_qspi.c **** 
 2066              		.loc 1 1416 41 view .LVU621
 2067 0060 0020     		movs	r0, #0
 2068 0062 9865     		str	r0, [r3, #88]
1419:Drivers/STM32H7xx_HAL_Driver/Src/stm32h7xx_hal_qspi.c **** 
 2069              		.loc 1 1419 7 is_stmt 1 view .LVU622
 2070 0064 E36B     		ldr	r3, [r4, #60]
 2071 0066 1868     		ldr	r0, [r3]
 2072 0068 0669     		ldr	r6, [r0, #16]
 2073              	.LVL139:
1419:Drivers/STM32H7xx_HAL_Driver/Src/stm32h7xx_hal_qspi.c **** 
 2074              		.loc 1 1419 7 is_stmt 0 view .LVU623
 2075 006a 374B     		ldr	r3, .L118+8
 2076 006c 3340     		ands	r3, r3, r6
 2077 006e 0361     		str	r3, [r0, #16]
1422:Drivers/STM32H7xx_HAL_Driver/Src/stm32h7xx_hal_qspi.c ****       {
 2078              		.loc 1 1422 7 is_stmt 1 view .LVU624
1422:Drivers/STM32H7xx_HAL_Driver/Src/stm32h7xx_hal_qspi.c ****       {
 2079              		.loc 1 1422 16 is_stmt 0 view .LVU625
 2080 0070 E06B     		ldr	r0, [r4, #60]
1422:Drivers/STM32H7xx_HAL_Driver/Src/stm32h7xx_hal_qspi.c ****       {
 2081              		.loc 1 1422 29 view .LVU626
 2082 0072 036A     		ldr	r3, [r0, #32]
1422:Drivers/STM32H7xx_HAL_Driver/Src/stm32h7xx_hal_qspi.c ****       {
 2083              		.loc 1 1422 10 view .LVU627
ARM GAS  C:\Users\12491\AppData\Local\Temp\ccCAIkbk.s 			page 94


 2084 0074 5BBB     		cbnz	r3, .L108
1424:Drivers/STM32H7xx_HAL_Driver/Src/stm32h7xx_hal_qspi.c ****       }
 2085              		.loc 1 1424 9 is_stmt 1 view .LVU628
 2086 0076 0068     		ldr	r0, [r0]
 2087 0078 0669     		ldr	r6, [r0, #16]
 2088 007a A3F60D43 		subw	r3, r3, #3085
 2089 007e 3340     		ands	r3, r3, r6
 2090 0080 43F00803 		orr	r3, r3, #8
 2091 0084 0361     		str	r3, [r0, #16]
1383:Drivers/STM32H7xx_HAL_Driver/Src/stm32h7xx_hal_qspi.c ****   uint32_t addr_reg = READ_REG(hqspi->Instance->AR);
 2092              		.loc 1 1383 21 is_stmt 0 view .LVU629
 2093 0086 0026     		movs	r6, #0
 2094              	.LVL140:
 2095              	.L109:
1441:Drivers/STM32H7xx_HAL_Driver/Src/stm32h7xx_hal_qspi.c **** 
 2096              		.loc 1 1441 11 is_stmt 1 view .LVU630
 2097 0088 2068     		ldr	r0, [r4]
 2098 008a 4369     		ldr	r3, [r0, #20]
 2099 008c 23F04063 		bic	r3, r3, #201326592
 2100 0090 43F08063 		orr	r3, r3, #67108864
 2101 0094 4361     		str	r3, [r0, #20]
1444:Drivers/STM32H7xx_HAL_Driver/Src/stm32h7xx_hal_qspi.c **** 
 2102              		.loc 1 1444 11 view .LVU631
 2103 0096 2368     		ldr	r3, [r4]
 2104 0098 9A61     		str	r2, [r3, #24]
1447:Drivers/STM32H7xx_HAL_Driver/Src/stm32h7xx_hal_qspi.c **** 
 2105              		.loc 1 1447 9 view .LVU632
 2106 009a 2268     		ldr	r2, [r4]
 2107              	.LVL141:
1447:Drivers/STM32H7xx_HAL_Driver/Src/stm32h7xx_hal_qspi.c **** 
 2108              		.loc 1 1447 9 is_stmt 0 view .LVU633
 2109 009c 1368     		ldr	r3, [r2]
 2110              	.LVL142:
1447:Drivers/STM32H7xx_HAL_Driver/Src/stm32h7xx_hal_qspi.c **** 
 2111              		.loc 1 1447 9 view .LVU634
 2112 009e 43F48033 		orr	r3, r3, #65536
 2113 00a2 1360     		str	r3, [r2]
1450:Drivers/STM32H7xx_HAL_Driver/Src/stm32h7xx_hal_qspi.c **** 
 2114              		.loc 1 1450 9 is_stmt 1 view .LVU635
 2115 00a4 2268     		ldr	r2, [r4]
 2116 00a6 1368     		ldr	r3, [r2]
 2117 00a8 43F00403 		orr	r3, r3, #4
 2118 00ac 1360     		str	r3, [r2]
1453:Drivers/STM32H7xx_HAL_Driver/Src/stm32h7xx_hal_qspi.c ****         {
 2119              		.loc 1 1453 9 view .LVU636
1453:Drivers/STM32H7xx_HAL_Driver/Src/stm32h7xx_hal_qspi.c ****         {
 2120              		.loc 1 1453 61 is_stmt 0 view .LVU637
 2121 00ae 2068     		ldr	r0, [r4]
1453:Drivers/STM32H7xx_HAL_Driver/Src/stm32h7xx_hal_qspi.c ****         {
 2122              		.loc 1 1453 99 view .LVU638
 2123 00b0 636B     		ldr	r3, [r4, #52]
1453:Drivers/STM32H7xx_HAL_Driver/Src/stm32h7xx_hal_qspi.c ****         {
 2124              		.loc 1 1453 13 view .LVU639
 2125 00b2 0122     		movs	r2, #1
 2126 00b4 0092     		str	r2, [sp]
 2127 00b6 0A46     		mov	r2, r1
 2128 00b8 00F12001 		add	r1, r0, #32
ARM GAS  C:\Users\12491\AppData\Local\Temp\ccCAIkbk.s 			page 95


 2129              	.LVL143:
1453:Drivers/STM32H7xx_HAL_Driver/Src/stm32h7xx_hal_qspi.c ****         {
 2130              		.loc 1 1453 13 view .LVU640
 2131 00bc E06B     		ldr	r0, [r4, #60]
 2132 00be FFF7FEFF 		bl	HAL_MDMA_Start_IT
 2133              	.LVL144:
1453:Drivers/STM32H7xx_HAL_Driver/Src/stm32h7xx_hal_qspi.c ****         {
 2134              		.loc 1 1453 12 discriminator 1 view .LVU641
 2135 00c2 10BB     		cbnz	r0, .L112
1456:Drivers/STM32H7xx_HAL_Driver/Src/stm32h7xx_hal_qspi.c ****         }
 2136              		.loc 1 1456 11 is_stmt 1 view .LVU642
1456:Drivers/STM32H7xx_HAL_Driver/Src/stm32h7xx_hal_qspi.c ****         }
 2137              		.loc 1 1456 11 view .LVU643
 2138 00c4 0023     		movs	r3, #0
 2139 00c6 84F84030 		strb	r3, [r4, #64]
1456:Drivers/STM32H7xx_HAL_Driver/Src/stm32h7xx_hal_qspi.c ****         }
 2140              		.loc 1 1456 11 view .LVU644
 2141 00ca 3546     		mov	r5, r6
 2142 00cc B1E7     		b	.L105
 2143              	.LVL145:
 2144              	.L108:
1426:Drivers/STM32H7xx_HAL_Driver/Src/stm32h7xx_hal_qspi.c ****       {
 2145              		.loc 1 1426 12 view .LVU645
1426:Drivers/STM32H7xx_HAL_Driver/Src/stm32h7xx_hal_qspi.c ****       {
 2146              		.loc 1 1426 15 is_stmt 0 view .LVU646
 2147 00ce 402B     		cmp	r3, #64
 2148 00d0 07D0     		beq	.L116
1430:Drivers/STM32H7xx_HAL_Driver/Src/stm32h7xx_hal_qspi.c ****       {
 2149              		.loc 1 1430 12 is_stmt 1 view .LVU647
1430:Drivers/STM32H7xx_HAL_Driver/Src/stm32h7xx_hal_qspi.c ****       {
 2150              		.loc 1 1430 15 is_stmt 0 view .LVU648
 2151 00d2 802B     		cmp	r3, #128
 2152 00d4 0FD0     		beq	.L117
1437:Drivers/STM32H7xx_HAL_Driver/Src/stm32h7xx_hal_qspi.c ****         status = HAL_ERROR;
 2153              		.loc 1 1437 9 is_stmt 1 view .LVU649
1437:Drivers/STM32H7xx_HAL_Driver/Src/stm32h7xx_hal_qspi.c ****         status = HAL_ERROR;
 2154              		.loc 1 1437 14 is_stmt 0 view .LVU650
 2155 00d6 636C     		ldr	r3, [r4, #68]
1437:Drivers/STM32H7xx_HAL_Driver/Src/stm32h7xx_hal_qspi.c ****         status = HAL_ERROR;
 2156              		.loc 1 1437 26 view .LVU651
 2157 00d8 43F00403 		orr	r3, r3, #4
 2158 00dc 6364     		str	r3, [r4, #68]
1438:Drivers/STM32H7xx_HAL_Driver/Src/stm32h7xx_hal_qspi.c ****       }
 2159              		.loc 1 1438 9 is_stmt 1 view .LVU652
 2160              	.LVL146:
1438:Drivers/STM32H7xx_HAL_Driver/Src/stm32h7xx_hal_qspi.c ****       }
 2161              		.loc 1 1438 16 is_stmt 0 view .LVU653
 2162 00de 2E46     		mov	r6, r5
 2163 00e0 D2E7     		b	.L109
 2164              	.LVL147:
 2165              	.L116:
1428:Drivers/STM32H7xx_HAL_Driver/Src/stm32h7xx_hal_qspi.c ****       }
 2166              		.loc 1 1428 9 is_stmt 1 view .LVU654
 2167 00e2 0068     		ldr	r0, [r0]
 2168 00e4 0669     		ldr	r6, [r0, #16]
 2169 00e6 A3F64D43 		subw	r3, r3, #3149
 2170 00ea 3340     		ands	r3, r3, r6
ARM GAS  C:\Users\12491\AppData\Local\Temp\ccCAIkbk.s 			page 96


 2171 00ec 43F48163 		orr	r3, r3, #1032
 2172 00f0 0361     		str	r3, [r0, #16]
1383:Drivers/STM32H7xx_HAL_Driver/Src/stm32h7xx_hal_qspi.c ****   uint32_t addr_reg = READ_REG(hqspi->Instance->AR);
 2173              		.loc 1 1383 21 is_stmt 0 view .LVU655
 2174 00f2 0026     		movs	r6, #0
 2175 00f4 C8E7     		b	.L109
 2176              	.L117:
1432:Drivers/STM32H7xx_HAL_Driver/Src/stm32h7xx_hal_qspi.c ****       }
 2177              		.loc 1 1432 9 is_stmt 1 view .LVU656
 2178 00f6 0668     		ldr	r6, [r0]
 2179 00f8 3369     		ldr	r3, [r6, #16]
 2180 00fa 1448     		ldr	r0, .L118+12
 2181 00fc 1840     		ands	r0, r0, r3
 2182 00fe 40F60803 		movw	r3, #2056
 2183 0102 0343     		orrs	r3, r3, r0
 2184 0104 3361     		str	r3, [r6, #16]
1383:Drivers/STM32H7xx_HAL_Driver/Src/stm32h7xx_hal_qspi.c ****   uint32_t addr_reg = READ_REG(hqspi->Instance->AR);
 2185              		.loc 1 1383 21 is_stmt 0 view .LVU657
 2186 0106 0026     		movs	r6, #0
 2187 0108 BEE7     		b	.L109
 2188              	.LVL148:
 2189              	.L112:
1461:Drivers/STM32H7xx_HAL_Driver/Src/stm32h7xx_hal_qspi.c **** 
 2190              		.loc 1 1461 11 is_stmt 1 view .LVU658
 2191 010a 2268     		ldr	r2, [r4]
 2192 010c 1368     		ldr	r3, [r2]
 2193 010e 23F00403 		bic	r3, r3, #4
 2194 0112 1360     		str	r3, [r2]
1463:Drivers/STM32H7xx_HAL_Driver/Src/stm32h7xx_hal_qspi.c ****           hqspi->ErrorCode |= HAL_QSPI_ERROR_DMA;
 2195              		.loc 1 1463 11 view .LVU659
 2196              	.LVL149:
1464:Drivers/STM32H7xx_HAL_Driver/Src/stm32h7xx_hal_qspi.c ****           hqspi->State = HAL_QSPI_STATE_READY;
 2197              		.loc 1 1464 11 view .LVU660
1464:Drivers/STM32H7xx_HAL_Driver/Src/stm32h7xx_hal_qspi.c ****           hqspi->State = HAL_QSPI_STATE_READY;
 2198              		.loc 1 1464 16 is_stmt 0 view .LVU661
 2199 0114 636C     		ldr	r3, [r4, #68]
1464:Drivers/STM32H7xx_HAL_Driver/Src/stm32h7xx_hal_qspi.c ****           hqspi->State = HAL_QSPI_STATE_READY;
 2200              		.loc 1 1464 28 view .LVU662
 2201 0116 43F00403 		orr	r3, r3, #4
 2202 011a 6364     		str	r3, [r4, #68]
1465:Drivers/STM32H7xx_HAL_Driver/Src/stm32h7xx_hal_qspi.c **** 
 2203              		.loc 1 1465 11 is_stmt 1 view .LVU663
1465:Drivers/STM32H7xx_HAL_Driver/Src/stm32h7xx_hal_qspi.c **** 
 2204              		.loc 1 1465 24 is_stmt 0 view .LVU664
 2205 011c 0123     		movs	r3, #1
 2206 011e 84F84130 		strb	r3, [r4, #65]
1468:Drivers/STM32H7xx_HAL_Driver/Src/stm32h7xx_hal_qspi.c ****         }
 2207              		.loc 1 1468 11 is_stmt 1 view .LVU665
1468:Drivers/STM32H7xx_HAL_Driver/Src/stm32h7xx_hal_qspi.c ****         }
 2208              		.loc 1 1468 11 view .LVU666
 2209 0122 0023     		movs	r3, #0
 2210 0124 84F84030 		strb	r3, [r4, #64]
 2211 0128 83E7     		b	.L105
 2212              	.LVL150:
 2213              	.L107:
1473:Drivers/STM32H7xx_HAL_Driver/Src/stm32h7xx_hal_qspi.c ****       status = HAL_ERROR;
 2214              		.loc 1 1473 7 view .LVU667
ARM GAS  C:\Users\12491\AppData\Local\Temp\ccCAIkbk.s 			page 97


1473:Drivers/STM32H7xx_HAL_Driver/Src/stm32h7xx_hal_qspi.c ****       status = HAL_ERROR;
 2215              		.loc 1 1473 12 is_stmt 0 view .LVU668
 2216 012a 636C     		ldr	r3, [r4, #68]
1473:Drivers/STM32H7xx_HAL_Driver/Src/stm32h7xx_hal_qspi.c ****       status = HAL_ERROR;
 2217              		.loc 1 1473 24 view .LVU669
 2218 012c 43F00803 		orr	r3, r3, #8
 2219 0130 6364     		str	r3, [r4, #68]
1474:Drivers/STM32H7xx_HAL_Driver/Src/stm32h7xx_hal_qspi.c **** 
 2220              		.loc 1 1474 7 is_stmt 1 view .LVU670
 2221              	.LVL151:
1477:Drivers/STM32H7xx_HAL_Driver/Src/stm32h7xx_hal_qspi.c ****     }
 2222              		.loc 1 1477 7 view .LVU671
1477:Drivers/STM32H7xx_HAL_Driver/Src/stm32h7xx_hal_qspi.c ****     }
 2223              		.loc 1 1477 7 view .LVU672
 2224 0132 0023     		movs	r3, #0
 2225 0134 84F84030 		strb	r3, [r4, #64]
 2226 0138 7BE7     		b	.L105
 2227              	.LVL152:
 2228              	.L113:
1388:Drivers/STM32H7xx_HAL_Driver/Src/stm32h7xx_hal_qspi.c **** 
 2229              		.loc 1 1388 3 is_stmt 0 discriminator 1 view .LVU673
 2230 013a 0225     		movs	r5, #2
 2231 013c 79E7     		b	.L105
 2232              	.L119:
 2233 013e 00BF     		.align	2
 2234              	.L118:
 2235 0140 00000000 		.word	QSPI_DMARxCplt
 2236 0144 00000000 		.word	QSPI_DMAError
 2237 0148 FCFCFFFF 		.word	-772
 2238 014c F3F3FFFF 		.word	-3085
 2239              		.cfi_endproc
 2240              	.LFE156:
 2242              		.section	.text.HAL_QSPI_AutoPolling,"ax",%progbits
 2243              		.align	1
 2244              		.global	HAL_QSPI_AutoPolling
 2245              		.syntax unified
 2246              		.thumb
 2247              		.thumb_func
 2249              	HAL_QSPI_AutoPolling:
 2250              	.LVL153:
 2251              	.LFB157:
1501:Drivers/STM32H7xx_HAL_Driver/Src/stm32h7xx_hal_qspi.c ****   HAL_StatusTypeDef status;
 2252              		.loc 1 1501 1 is_stmt 1 view -0
 2253              		.cfi_startproc
 2254              		@ args = 0, pretend = 0, frame = 0
 2255              		@ frame_needed = 0, uses_anonymous_args = 0
1501:Drivers/STM32H7xx_HAL_Driver/Src/stm32h7xx_hal_qspi.c ****   HAL_StatusTypeDef status;
 2256              		.loc 1 1501 1 is_stmt 0 view .LVU675
 2257 0000 2DE9F041 		push	{r4, r5, r6, r7, r8, lr}
 2258              	.LCFI33:
 2259              		.cfi_def_cfa_offset 24
 2260              		.cfi_offset 4, -24
 2261              		.cfi_offset 5, -20
 2262              		.cfi_offset 6, -16
 2263              		.cfi_offset 7, -12
 2264              		.cfi_offset 8, -8
 2265              		.cfi_offset 14, -4
ARM GAS  C:\Users\12491\AppData\Local\Temp\ccCAIkbk.s 			page 98


 2266 0004 82B0     		sub	sp, sp, #8
 2267              	.LCFI34:
 2268              		.cfi_def_cfa_offset 32
 2269 0006 0446     		mov	r4, r0
 2270 0008 8846     		mov	r8, r1
 2271 000a 1546     		mov	r5, r2
 2272 000c 1F46     		mov	r7, r3
1502:Drivers/STM32H7xx_HAL_Driver/Src/stm32h7xx_hal_qspi.c ****   uint32_t tickstart = HAL_GetTick();
 2273              		.loc 1 1502 3 is_stmt 1 view .LVU676
1503:Drivers/STM32H7xx_HAL_Driver/Src/stm32h7xx_hal_qspi.c **** 
 2274              		.loc 1 1503 3 view .LVU677
1503:Drivers/STM32H7xx_HAL_Driver/Src/stm32h7xx_hal_qspi.c **** 
 2275              		.loc 1 1503 24 is_stmt 0 view .LVU678
 2276 000e FFF7FEFF 		bl	HAL_GetTick
 2277              	.LVL154:
1506:Drivers/STM32H7xx_HAL_Driver/Src/stm32h7xx_hal_qspi.c ****   if (cmd->InstructionMode != QSPI_INSTRUCTION_NONE)
 2278              		.loc 1 1506 3 is_stmt 1 view .LVU679
1507:Drivers/STM32H7xx_HAL_Driver/Src/stm32h7xx_hal_qspi.c ****   {
 2279              		.loc 1 1507 3 view .LVU680
1509:Drivers/STM32H7xx_HAL_Driver/Src/stm32h7xx_hal_qspi.c ****   }
 2280              		.loc 1 1509 5 view .LVU681
1512:Drivers/STM32H7xx_HAL_Driver/Src/stm32h7xx_hal_qspi.c ****   if (cmd->AddressMode != QSPI_ADDRESS_NONE)
 2281              		.loc 1 1512 3 view .LVU682
1513:Drivers/STM32H7xx_HAL_Driver/Src/stm32h7xx_hal_qspi.c ****   {
 2282              		.loc 1 1513 3 view .LVU683
1515:Drivers/STM32H7xx_HAL_Driver/Src/stm32h7xx_hal_qspi.c ****   }
 2283              		.loc 1 1515 5 view .LVU684
1518:Drivers/STM32H7xx_HAL_Driver/Src/stm32h7xx_hal_qspi.c ****   if (cmd->AlternateByteMode != QSPI_ALTERNATE_BYTES_NONE)
 2284              		.loc 1 1518 3 view .LVU685
1519:Drivers/STM32H7xx_HAL_Driver/Src/stm32h7xx_hal_qspi.c ****   {
 2285              		.loc 1 1519 3 view .LVU686
1521:Drivers/STM32H7xx_HAL_Driver/Src/stm32h7xx_hal_qspi.c ****   }
 2286              		.loc 1 1521 5 view .LVU687
1524:Drivers/STM32H7xx_HAL_Driver/Src/stm32h7xx_hal_qspi.c ****   assert_param(IS_QSPI_DATA_MODE(cmd->DataMode));
 2287              		.loc 1 1524 3 view .LVU688
1525:Drivers/STM32H7xx_HAL_Driver/Src/stm32h7xx_hal_qspi.c **** 
 2288              		.loc 1 1525 3 view .LVU689
1527:Drivers/STM32H7xx_HAL_Driver/Src/stm32h7xx_hal_qspi.c ****   assert_param(IS_QSPI_DDR_HHC(cmd->DdrHoldHalfCycle));
 2289              		.loc 1 1527 3 view .LVU690
1528:Drivers/STM32H7xx_HAL_Driver/Src/stm32h7xx_hal_qspi.c ****   assert_param(IS_QSPI_SIOO_MODE(cmd->SIOOMode));
 2290              		.loc 1 1528 3 view .LVU691
1529:Drivers/STM32H7xx_HAL_Driver/Src/stm32h7xx_hal_qspi.c **** 
 2291              		.loc 1 1529 3 view .LVU692
1531:Drivers/STM32H7xx_HAL_Driver/Src/stm32h7xx_hal_qspi.c ****   assert_param(IS_QSPI_STATUS_BYTES_SIZE(cfg->StatusBytesSize));
 2292              		.loc 1 1531 3 view .LVU693
1532:Drivers/STM32H7xx_HAL_Driver/Src/stm32h7xx_hal_qspi.c ****   assert_param(IS_QSPI_MATCH_MODE(cfg->MatchMode));
 2293              		.loc 1 1532 3 view .LVU694
1533:Drivers/STM32H7xx_HAL_Driver/Src/stm32h7xx_hal_qspi.c **** 
 2294              		.loc 1 1533 3 view .LVU695
1536:Drivers/STM32H7xx_HAL_Driver/Src/stm32h7xx_hal_qspi.c **** 
 2295              		.loc 1 1536 3 view .LVU696
1536:Drivers/STM32H7xx_HAL_Driver/Src/stm32h7xx_hal_qspi.c **** 
 2296              		.loc 1 1536 3 view .LVU697
 2297 0012 94F840C0 		ldrb	ip, [r4, #64]	@ zero_extendqisi2
 2298 0016 5FFA8CFC 		uxtb	ip, ip
 2299 001a BCF1010F 		cmp	ip, #1
 2300 001e 48D0     		beq	.L123
ARM GAS  C:\Users\12491\AppData\Local\Temp\ccCAIkbk.s 			page 99


 2301 0020 0646     		mov	r6, r0
1536:Drivers/STM32H7xx_HAL_Driver/Src/stm32h7xx_hal_qspi.c **** 
 2302              		.loc 1 1536 3 discriminator 2 view .LVU698
 2303 0022 0123     		movs	r3, #1
 2304 0024 84F84030 		strb	r3, [r4, #64]
1536:Drivers/STM32H7xx_HAL_Driver/Src/stm32h7xx_hal_qspi.c **** 
 2305              		.loc 1 1536 3 discriminator 2 view .LVU699
1538:Drivers/STM32H7xx_HAL_Driver/Src/stm32h7xx_hal_qspi.c ****   {
 2306              		.loc 1 1538 3 view .LVU700
1538:Drivers/STM32H7xx_HAL_Driver/Src/stm32h7xx_hal_qspi.c ****   {
 2307              		.loc 1 1538 11 is_stmt 0 view .LVU701
 2308 0028 94F841C0 		ldrb	ip, [r4, #65]	@ zero_extendqisi2
 2309 002c 5FFA8CFC 		uxtb	ip, ip
1538:Drivers/STM32H7xx_HAL_Driver/Src/stm32h7xx_hal_qspi.c ****   {
 2310              		.loc 1 1538 5 view .LVU702
 2311 0030 9C45     		cmp	ip, r3
 2312 0032 06D0     		beq	.L126
1582:Drivers/STM32H7xx_HAL_Driver/Src/stm32h7xx_hal_qspi.c ****   }
 2313              		.loc 1 1582 12 view .LVU703
 2314 0034 0220     		movs	r0, #2
 2315              	.LVL155:
 2316              	.L122:
1586:Drivers/STM32H7xx_HAL_Driver/Src/stm32h7xx_hal_qspi.c **** 
 2317              		.loc 1 1586 3 is_stmt 1 view .LVU704
1586:Drivers/STM32H7xx_HAL_Driver/Src/stm32h7xx_hal_qspi.c **** 
 2318              		.loc 1 1586 3 view .LVU705
 2319 0036 0023     		movs	r3, #0
 2320 0038 84F84030 		strb	r3, [r4, #64]
1586:Drivers/STM32H7xx_HAL_Driver/Src/stm32h7xx_hal_qspi.c **** 
 2321              		.loc 1 1586 3 view .LVU706
1589:Drivers/STM32H7xx_HAL_Driver/Src/stm32h7xx_hal_qspi.c **** }
 2322              		.loc 1 1589 3 view .LVU707
 2323              	.LVL156:
 2324              	.L121:
1590:Drivers/STM32H7xx_HAL_Driver/Src/stm32h7xx_hal_qspi.c **** 
 2325              		.loc 1 1590 1 is_stmt 0 view .LVU708
 2326 003c 02B0     		add	sp, sp, #8
 2327              	.LCFI35:
 2328              		.cfi_remember_state
 2329              		.cfi_def_cfa_offset 24
 2330              		@ sp needed
 2331 003e BDE8F081 		pop	{r4, r5, r6, r7, r8, pc}
 2332              	.LVL157:
 2333              	.L126:
 2334              	.LCFI36:
 2335              		.cfi_restore_state
1540:Drivers/STM32H7xx_HAL_Driver/Src/stm32h7xx_hal_qspi.c **** 
 2336              		.loc 1 1540 5 is_stmt 1 view .LVU709
1540:Drivers/STM32H7xx_HAL_Driver/Src/stm32h7xx_hal_qspi.c **** 
 2337              		.loc 1 1540 22 is_stmt 0 view .LVU710
 2338 0042 0022     		movs	r2, #0
 2339 0044 6264     		str	r2, [r4, #68]
1543:Drivers/STM32H7xx_HAL_Driver/Src/stm32h7xx_hal_qspi.c **** 
 2340              		.loc 1 1543 5 is_stmt 1 view .LVU711
1543:Drivers/STM32H7xx_HAL_Driver/Src/stm32h7xx_hal_qspi.c **** 
 2341              		.loc 1 1543 18 is_stmt 0 view .LVU712
 2342 0046 4223     		movs	r3, #66
ARM GAS  C:\Users\12491\AppData\Local\Temp\ccCAIkbk.s 			page 100


 2343 0048 84F84130 		strb	r3, [r4, #65]
1546:Drivers/STM32H7xx_HAL_Driver/Src/stm32h7xx_hal_qspi.c **** 
 2344              		.loc 1 1546 5 is_stmt 1 view .LVU713
1546:Drivers/STM32H7xx_HAL_Driver/Src/stm32h7xx_hal_qspi.c **** 
 2345              		.loc 1 1546 14 is_stmt 0 view .LVU714
 2346 004c 0097     		str	r7, [sp]
 2347 004e 0346     		mov	r3, r0
 2348 0050 2021     		movs	r1, #32
 2349 0052 2046     		mov	r0, r4
 2350              	.LVL158:
1546:Drivers/STM32H7xx_HAL_Driver/Src/stm32h7xx_hal_qspi.c **** 
 2351              		.loc 1 1546 14 view .LVU715
 2352 0054 FFF7FEFF 		bl	QSPI_WaitFlagStateUntilTimeout
 2353              	.LVL159:
1548:Drivers/STM32H7xx_HAL_Driver/Src/stm32h7xx_hal_qspi.c ****     {
 2354              		.loc 1 1548 5 is_stmt 1 view .LVU716
1548:Drivers/STM32H7xx_HAL_Driver/Src/stm32h7xx_hal_qspi.c ****     {
 2355              		.loc 1 1548 8 is_stmt 0 view .LVU717
 2356 0058 0028     		cmp	r0, #0
 2357 005a ECD1     		bne	.L122
1551:Drivers/STM32H7xx_HAL_Driver/Src/stm32h7xx_hal_qspi.c **** 
 2358              		.loc 1 1551 7 is_stmt 1 view .LVU718
 2359 005c 2368     		ldr	r3, [r4]
 2360 005e 2A68     		ldr	r2, [r5]
 2361 0060 9A62     		str	r2, [r3, #40]
1554:Drivers/STM32H7xx_HAL_Driver/Src/stm32h7xx_hal_qspi.c **** 
 2362              		.loc 1 1554 7 view .LVU719
 2363 0062 2368     		ldr	r3, [r4]
 2364 0064 6A68     		ldr	r2, [r5, #4]
 2365 0066 5A62     		str	r2, [r3, #36]
1557:Drivers/STM32H7xx_HAL_Driver/Src/stm32h7xx_hal_qspi.c **** 
 2366              		.loc 1 1557 7 view .LVU720
 2367 0068 2368     		ldr	r3, [r4]
 2368 006a AA68     		ldr	r2, [r5, #8]
 2369 006c DA62     		str	r2, [r3, #44]
1561:Drivers/STM32H7xx_HAL_Driver/Src/stm32h7xx_hal_qspi.c ****                (cfg->MatchMode | QSPI_AUTOMATIC_STOP_ENABLE));
 2370              		.loc 1 1561 7 view .LVU721
 2371 006e 2268     		ldr	r2, [r4]
 2372 0070 1368     		ldr	r3, [r2]
 2373 0072 23F44003 		bic	r3, r3, #12582912
 2374 0076 2969     		ldr	r1, [r5, #16]
 2375 0078 0B43     		orrs	r3, r3, r1
 2376 007a 43F48003 		orr	r3, r3, #4194304
 2377 007e 1360     		str	r3, [r2]
1565:Drivers/STM32H7xx_HAL_Driver/Src/stm32h7xx_hal_qspi.c ****       QSPI_Config(hqspi, cmd, QSPI_FUNCTIONAL_MODE_AUTO_POLLING);
 2378              		.loc 1 1565 7 view .LVU722
1565:Drivers/STM32H7xx_HAL_Driver/Src/stm32h7xx_hal_qspi.c ****       QSPI_Config(hqspi, cmd, QSPI_FUNCTIONAL_MODE_AUTO_POLLING);
 2379              		.loc 1 1565 24 is_stmt 0 view .LVU723
 2380 0080 EB68     		ldr	r3, [r5, #12]
1565:Drivers/STM32H7xx_HAL_Driver/Src/stm32h7xx_hal_qspi.c ****       QSPI_Config(hqspi, cmd, QSPI_FUNCTIONAL_MODE_AUTO_POLLING);
 2381              		.loc 1 1565 19 view .LVU724
 2382 0082 C8F82830 		str	r3, [r8, #40]
1566:Drivers/STM32H7xx_HAL_Driver/Src/stm32h7xx_hal_qspi.c **** 
 2383              		.loc 1 1566 7 is_stmt 1 view .LVU725
 2384 0086 4FF00062 		mov	r2, #134217728
 2385 008a 4146     		mov	r1, r8
 2386 008c 2046     		mov	r0, r4
ARM GAS  C:\Users\12491\AppData\Local\Temp\ccCAIkbk.s 			page 101


 2387              	.LVL160:
1566:Drivers/STM32H7xx_HAL_Driver/Src/stm32h7xx_hal_qspi.c **** 
 2388              		.loc 1 1566 7 is_stmt 0 view .LVU726
 2389 008e FFF7FEFF 		bl	QSPI_Config
 2390              	.LVL161:
1569:Drivers/STM32H7xx_HAL_Driver/Src/stm32h7xx_hal_qspi.c **** 
 2391              		.loc 1 1569 7 is_stmt 1 view .LVU727
1569:Drivers/STM32H7xx_HAL_Driver/Src/stm32h7xx_hal_qspi.c **** 
 2392              		.loc 1 1569 16 is_stmt 0 view .LVU728
 2393 0092 0097     		str	r7, [sp]
 2394 0094 3346     		mov	r3, r6
 2395 0096 0122     		movs	r2, #1
 2396 0098 0821     		movs	r1, #8
 2397 009a 2046     		mov	r0, r4
 2398 009c FFF7FEFF 		bl	QSPI_WaitFlagStateUntilTimeout
 2399              	.LVL162:
1571:Drivers/STM32H7xx_HAL_Driver/Src/stm32h7xx_hal_qspi.c ****       {
 2400              		.loc 1 1571 7 is_stmt 1 view .LVU729
1571:Drivers/STM32H7xx_HAL_Driver/Src/stm32h7xx_hal_qspi.c ****       {
 2401              		.loc 1 1571 10 is_stmt 0 view .LVU730
 2402 00a0 0028     		cmp	r0, #0
 2403 00a2 C8D1     		bne	.L122
1573:Drivers/STM32H7xx_HAL_Driver/Src/stm32h7xx_hal_qspi.c **** 
 2404              		.loc 1 1573 9 is_stmt 1 view .LVU731
 2405 00a4 2368     		ldr	r3, [r4]
 2406 00a6 0822     		movs	r2, #8
 2407 00a8 DA60     		str	r2, [r3, #12]
1576:Drivers/STM32H7xx_HAL_Driver/Src/stm32h7xx_hal_qspi.c ****       }
 2408              		.loc 1 1576 9 view .LVU732
1576:Drivers/STM32H7xx_HAL_Driver/Src/stm32h7xx_hal_qspi.c ****       }
 2409              		.loc 1 1576 22 is_stmt 0 view .LVU733
 2410 00aa 0123     		movs	r3, #1
 2411 00ac 84F84130 		strb	r3, [r4, #65]
 2412 00b0 C1E7     		b	.L122
 2413              	.LVL163:
 2414              	.L123:
1536:Drivers/STM32H7xx_HAL_Driver/Src/stm32h7xx_hal_qspi.c **** 
 2415              		.loc 1 1536 3 discriminator 1 view .LVU734
 2416 00b2 0220     		movs	r0, #2
 2417              	.LVL164:
1536:Drivers/STM32H7xx_HAL_Driver/Src/stm32h7xx_hal_qspi.c **** 
 2418              		.loc 1 1536 3 discriminator 1 view .LVU735
 2419 00b4 C2E7     		b	.L121
 2420              		.cfi_endproc
 2421              	.LFE157:
 2423              		.section	.text.HAL_QSPI_AutoPolling_IT,"ax",%progbits
 2424              		.align	1
 2425              		.global	HAL_QSPI_AutoPolling_IT
 2426              		.syntax unified
 2427              		.thumb
 2428              		.thumb_func
 2430              	HAL_QSPI_AutoPolling_IT:
 2431              	.LVL165:
 2432              	.LFB158:
1601:Drivers/STM32H7xx_HAL_Driver/Src/stm32h7xx_hal_qspi.c ****   HAL_StatusTypeDef status;
 2433              		.loc 1 1601 1 is_stmt 1 view -0
 2434              		.cfi_startproc
ARM GAS  C:\Users\12491\AppData\Local\Temp\ccCAIkbk.s 			page 102


 2435              		@ args = 0, pretend = 0, frame = 0
 2436              		@ frame_needed = 0, uses_anonymous_args = 0
1601:Drivers/STM32H7xx_HAL_Driver/Src/stm32h7xx_hal_qspi.c ****   HAL_StatusTypeDef status;
 2437              		.loc 1 1601 1 is_stmt 0 view .LVU737
 2438 0000 F0B5     		push	{r4, r5, r6, r7, lr}
 2439              	.LCFI37:
 2440              		.cfi_def_cfa_offset 20
 2441              		.cfi_offset 4, -20
 2442              		.cfi_offset 5, -16
 2443              		.cfi_offset 6, -12
 2444              		.cfi_offset 7, -8
 2445              		.cfi_offset 14, -4
 2446 0002 83B0     		sub	sp, sp, #12
 2447              	.LCFI38:
 2448              		.cfi_def_cfa_offset 32
 2449 0004 0446     		mov	r4, r0
 2450 0006 0E46     		mov	r6, r1
 2451 0008 1546     		mov	r5, r2
1602:Drivers/STM32H7xx_HAL_Driver/Src/stm32h7xx_hal_qspi.c ****   uint32_t tickstart = HAL_GetTick();
 2452              		.loc 1 1602 3 is_stmt 1 view .LVU738
1603:Drivers/STM32H7xx_HAL_Driver/Src/stm32h7xx_hal_qspi.c **** 
 2453              		.loc 1 1603 3 view .LVU739
1603:Drivers/STM32H7xx_HAL_Driver/Src/stm32h7xx_hal_qspi.c **** 
 2454              		.loc 1 1603 24 is_stmt 0 view .LVU740
 2455 000a FFF7FEFF 		bl	HAL_GetTick
 2456              	.LVL166:
1606:Drivers/STM32H7xx_HAL_Driver/Src/stm32h7xx_hal_qspi.c ****   if (cmd->InstructionMode != QSPI_INSTRUCTION_NONE)
 2457              		.loc 1 1606 3 is_stmt 1 view .LVU741
1607:Drivers/STM32H7xx_HAL_Driver/Src/stm32h7xx_hal_qspi.c ****   {
 2458              		.loc 1 1607 3 view .LVU742
1609:Drivers/STM32H7xx_HAL_Driver/Src/stm32h7xx_hal_qspi.c ****   }
 2459              		.loc 1 1609 5 view .LVU743
1612:Drivers/STM32H7xx_HAL_Driver/Src/stm32h7xx_hal_qspi.c ****   if (cmd->AddressMode != QSPI_ADDRESS_NONE)
 2460              		.loc 1 1612 3 view .LVU744
1613:Drivers/STM32H7xx_HAL_Driver/Src/stm32h7xx_hal_qspi.c ****   {
 2461              		.loc 1 1613 3 view .LVU745
1615:Drivers/STM32H7xx_HAL_Driver/Src/stm32h7xx_hal_qspi.c ****   }
 2462              		.loc 1 1615 5 view .LVU746
1618:Drivers/STM32H7xx_HAL_Driver/Src/stm32h7xx_hal_qspi.c ****   if (cmd->AlternateByteMode != QSPI_ALTERNATE_BYTES_NONE)
 2463              		.loc 1 1618 3 view .LVU747
1619:Drivers/STM32H7xx_HAL_Driver/Src/stm32h7xx_hal_qspi.c ****   {
 2464              		.loc 1 1619 3 view .LVU748
1621:Drivers/STM32H7xx_HAL_Driver/Src/stm32h7xx_hal_qspi.c ****   }
 2465              		.loc 1 1621 5 view .LVU749
1624:Drivers/STM32H7xx_HAL_Driver/Src/stm32h7xx_hal_qspi.c ****   assert_param(IS_QSPI_DATA_MODE(cmd->DataMode));
 2466              		.loc 1 1624 3 view .LVU750
1625:Drivers/STM32H7xx_HAL_Driver/Src/stm32h7xx_hal_qspi.c **** 
 2467              		.loc 1 1625 3 view .LVU751
1627:Drivers/STM32H7xx_HAL_Driver/Src/stm32h7xx_hal_qspi.c ****   assert_param(IS_QSPI_DDR_HHC(cmd->DdrHoldHalfCycle));
 2468              		.loc 1 1627 3 view .LVU752
1628:Drivers/STM32H7xx_HAL_Driver/Src/stm32h7xx_hal_qspi.c ****   assert_param(IS_QSPI_SIOO_MODE(cmd->SIOOMode));
 2469              		.loc 1 1628 3 view .LVU753
1629:Drivers/STM32H7xx_HAL_Driver/Src/stm32h7xx_hal_qspi.c **** 
 2470              		.loc 1 1629 3 view .LVU754
1631:Drivers/STM32H7xx_HAL_Driver/Src/stm32h7xx_hal_qspi.c ****   assert_param(IS_QSPI_STATUS_BYTES_SIZE(cfg->StatusBytesSize));
 2471              		.loc 1 1631 3 view .LVU755
1632:Drivers/STM32H7xx_HAL_Driver/Src/stm32h7xx_hal_qspi.c ****   assert_param(IS_QSPI_MATCH_MODE(cfg->MatchMode));
ARM GAS  C:\Users\12491\AppData\Local\Temp\ccCAIkbk.s 			page 103


 2472              		.loc 1 1632 3 view .LVU756
1633:Drivers/STM32H7xx_HAL_Driver/Src/stm32h7xx_hal_qspi.c ****   assert_param(IS_QSPI_AUTOMATIC_STOP(cfg->AutomaticStop));
 2473              		.loc 1 1633 3 view .LVU757
1634:Drivers/STM32H7xx_HAL_Driver/Src/stm32h7xx_hal_qspi.c **** 
 2474              		.loc 1 1634 3 view .LVU758
1637:Drivers/STM32H7xx_HAL_Driver/Src/stm32h7xx_hal_qspi.c **** 
 2475              		.loc 1 1637 3 view .LVU759
1637:Drivers/STM32H7xx_HAL_Driver/Src/stm32h7xx_hal_qspi.c **** 
 2476              		.loc 1 1637 3 view .LVU760
 2477 000e 94F840C0 		ldrb	ip, [r4, #64]	@ zero_extendqisi2
 2478 0012 5FFA8CFC 		uxtb	ip, ip
 2479 0016 BCF1010F 		cmp	ip, #1
 2480 001a 46D0     		beq	.L131
1637:Drivers/STM32H7xx_HAL_Driver/Src/stm32h7xx_hal_qspi.c **** 
 2481              		.loc 1 1637 3 discriminator 2 view .LVU761
 2482 001c 0123     		movs	r3, #1
 2483 001e 84F84030 		strb	r3, [r4, #64]
1637:Drivers/STM32H7xx_HAL_Driver/Src/stm32h7xx_hal_qspi.c **** 
 2484              		.loc 1 1637 3 discriminator 2 view .LVU762
1639:Drivers/STM32H7xx_HAL_Driver/Src/stm32h7xx_hal_qspi.c ****   {
 2485              		.loc 1 1639 3 view .LVU763
1639:Drivers/STM32H7xx_HAL_Driver/Src/stm32h7xx_hal_qspi.c ****   {
 2486              		.loc 1 1639 11 is_stmt 0 view .LVU764
 2487 0022 94F84120 		ldrb	r2, [r4, #65]	@ zero_extendqisi2
 2488 0026 D2B2     		uxtb	r2, r2
1639:Drivers/STM32H7xx_HAL_Driver/Src/stm32h7xx_hal_qspi.c ****   {
 2489              		.loc 1 1639 5 view .LVU765
 2490 0028 9A42     		cmp	r2, r3
 2491 002a 06D0     		beq	.L133
1686:Drivers/STM32H7xx_HAL_Driver/Src/stm32h7xx_hal_qspi.c **** 
 2492              		.loc 1 1686 5 is_stmt 1 view .LVU766
 2493              	.LVL167:
1689:Drivers/STM32H7xx_HAL_Driver/Src/stm32h7xx_hal_qspi.c ****   }
 2494              		.loc 1 1689 5 view .LVU767
1689:Drivers/STM32H7xx_HAL_Driver/Src/stm32h7xx_hal_qspi.c ****   }
 2495              		.loc 1 1689 5 view .LVU768
 2496 002c 0023     		movs	r3, #0
 2497 002e 84F84030 		strb	r3, [r4, #64]
1686:Drivers/STM32H7xx_HAL_Driver/Src/stm32h7xx_hal_qspi.c **** 
 2498              		.loc 1 1686 12 is_stmt 0 view .LVU769
 2499 0032 0227     		movs	r7, #2
 2500              	.LVL168:
 2501              	.L128:
1694:Drivers/STM32H7xx_HAL_Driver/Src/stm32h7xx_hal_qspi.c **** 
 2502              		.loc 1 1694 1 view .LVU770
 2503 0034 3846     		mov	r0, r7
 2504 0036 03B0     		add	sp, sp, #12
 2505              	.LCFI39:
 2506              		.cfi_remember_state
 2507              		.cfi_def_cfa_offset 20
 2508              		@ sp needed
 2509 0038 F0BD     		pop	{r4, r5, r6, r7, pc}
 2510              	.LVL169:
 2511              	.L133:
 2512              	.LCFI40:
 2513              		.cfi_restore_state
1641:Drivers/STM32H7xx_HAL_Driver/Src/stm32h7xx_hal_qspi.c **** 
ARM GAS  C:\Users\12491\AppData\Local\Temp\ccCAIkbk.s 			page 104


 2514              		.loc 1 1641 5 is_stmt 1 view .LVU771
1641:Drivers/STM32H7xx_HAL_Driver/Src/stm32h7xx_hal_qspi.c **** 
 2515              		.loc 1 1641 22 is_stmt 0 view .LVU772
 2516 003a 0022     		movs	r2, #0
 2517 003c 6264     		str	r2, [r4, #68]
1644:Drivers/STM32H7xx_HAL_Driver/Src/stm32h7xx_hal_qspi.c **** 
 2518              		.loc 1 1644 5 is_stmt 1 view .LVU773
1644:Drivers/STM32H7xx_HAL_Driver/Src/stm32h7xx_hal_qspi.c **** 
 2519              		.loc 1 1644 18 is_stmt 0 view .LVU774
 2520 003e 4223     		movs	r3, #66
 2521 0040 84F84130 		strb	r3, [r4, #65]
1647:Drivers/STM32H7xx_HAL_Driver/Src/stm32h7xx_hal_qspi.c **** 
 2522              		.loc 1 1647 5 is_stmt 1 view .LVU775
1647:Drivers/STM32H7xx_HAL_Driver/Src/stm32h7xx_hal_qspi.c **** 
 2523              		.loc 1 1647 14 is_stmt 0 view .LVU776
 2524 0044 A36C     		ldr	r3, [r4, #72]
 2525 0046 0093     		str	r3, [sp]
 2526 0048 0346     		mov	r3, r0
 2527 004a 2021     		movs	r1, #32
 2528 004c 2046     		mov	r0, r4
 2529              	.LVL170:
1647:Drivers/STM32H7xx_HAL_Driver/Src/stm32h7xx_hal_qspi.c **** 
 2530              		.loc 1 1647 14 view .LVU777
 2531 004e FFF7FEFF 		bl	QSPI_WaitFlagStateUntilTimeout
 2532              	.LVL171:
1649:Drivers/STM32H7xx_HAL_Driver/Src/stm32h7xx_hal_qspi.c ****     {
 2533              		.loc 1 1649 5 is_stmt 1 view .LVU778
1649:Drivers/STM32H7xx_HAL_Driver/Src/stm32h7xx_hal_qspi.c ****     {
 2534              		.loc 1 1649 8 is_stmt 0 view .LVU779
 2535 0052 0746     		mov	r7, r0
 2536 0054 18B1     		cbz	r0, .L134
1681:Drivers/STM32H7xx_HAL_Driver/Src/stm32h7xx_hal_qspi.c ****     }
 2537              		.loc 1 1681 7 is_stmt 1 view .LVU780
1681:Drivers/STM32H7xx_HAL_Driver/Src/stm32h7xx_hal_qspi.c ****     }
 2538              		.loc 1 1681 7 view .LVU781
 2539 0056 0023     		movs	r3, #0
 2540 0058 84F84030 		strb	r3, [r4, #64]
 2541 005c EAE7     		b	.L128
 2542              	.L134:
1652:Drivers/STM32H7xx_HAL_Driver/Src/stm32h7xx_hal_qspi.c **** 
 2543              		.loc 1 1652 7 view .LVU782
 2544 005e 2368     		ldr	r3, [r4]
 2545 0060 2A68     		ldr	r2, [r5]
 2546 0062 9A62     		str	r2, [r3, #40]
1655:Drivers/STM32H7xx_HAL_Driver/Src/stm32h7xx_hal_qspi.c **** 
 2547              		.loc 1 1655 7 view .LVU783
 2548 0064 2368     		ldr	r3, [r4]
 2549 0066 6A68     		ldr	r2, [r5, #4]
 2550 0068 5A62     		str	r2, [r3, #36]
1658:Drivers/STM32H7xx_HAL_Driver/Src/stm32h7xx_hal_qspi.c **** 
 2551              		.loc 1 1658 7 view .LVU784
 2552 006a 2368     		ldr	r3, [r4]
 2553 006c AA68     		ldr	r2, [r5, #8]
 2554 006e DA62     		str	r2, [r3, #44]
1661:Drivers/STM32H7xx_HAL_Driver/Src/stm32h7xx_hal_qspi.c ****                (cfg->MatchMode | cfg->AutomaticStop));
 2555              		.loc 1 1661 7 view .LVU785
 2556 0070 2168     		ldr	r1, [r4]
ARM GAS  C:\Users\12491\AppData\Local\Temp\ccCAIkbk.s 			page 105


 2557 0072 0B68     		ldr	r3, [r1]
 2558 0074 23F44003 		bic	r3, r3, #12582912
 2559 0078 2A69     		ldr	r2, [r5, #16]
 2560 007a 6869     		ldr	r0, [r5, #20]
 2561              	.LVL172:
1661:Drivers/STM32H7xx_HAL_Driver/Src/stm32h7xx_hal_qspi.c ****                (cfg->MatchMode | cfg->AutomaticStop));
 2562              		.loc 1 1661 7 is_stmt 0 view .LVU786
 2563 007c 0243     		orrs	r2, r2, r0
 2564 007e 1343     		orrs	r3, r3, r2
 2565 0080 0B60     		str	r3, [r1]
1665:Drivers/STM32H7xx_HAL_Driver/Src/stm32h7xx_hal_qspi.c **** 
 2566              		.loc 1 1665 7 is_stmt 1 view .LVU787
 2567 0082 2368     		ldr	r3, [r4]
 2568 0084 0922     		movs	r2, #9
 2569 0086 DA60     		str	r2, [r3, #12]
1668:Drivers/STM32H7xx_HAL_Driver/Src/stm32h7xx_hal_qspi.c ****       QSPI_Config(hqspi, cmd, QSPI_FUNCTIONAL_MODE_AUTO_POLLING);
 2570              		.loc 1 1668 7 view .LVU788
1668:Drivers/STM32H7xx_HAL_Driver/Src/stm32h7xx_hal_qspi.c ****       QSPI_Config(hqspi, cmd, QSPI_FUNCTIONAL_MODE_AUTO_POLLING);
 2571              		.loc 1 1668 24 is_stmt 0 view .LVU789
 2572 0088 EB68     		ldr	r3, [r5, #12]
1668:Drivers/STM32H7xx_HAL_Driver/Src/stm32h7xx_hal_qspi.c ****       QSPI_Config(hqspi, cmd, QSPI_FUNCTIONAL_MODE_AUTO_POLLING);
 2573              		.loc 1 1668 19 view .LVU790
 2574 008a B362     		str	r3, [r6, #40]
1669:Drivers/STM32H7xx_HAL_Driver/Src/stm32h7xx_hal_qspi.c **** 
 2575              		.loc 1 1669 7 is_stmt 1 view .LVU791
 2576 008c 4FF00062 		mov	r2, #134217728
 2577 0090 3146     		mov	r1, r6
 2578 0092 2046     		mov	r0, r4
 2579 0094 FFF7FEFF 		bl	QSPI_Config
 2580              	.LVL173:
1672:Drivers/STM32H7xx_HAL_Driver/Src/stm32h7xx_hal_qspi.c **** 
 2581              		.loc 1 1672 7 view .LVU792
1672:Drivers/STM32H7xx_HAL_Driver/Src/stm32h7xx_hal_qspi.c **** 
 2582              		.loc 1 1672 7 view .LVU793
 2583 0098 0023     		movs	r3, #0
 2584 009a 84F84030 		strb	r3, [r4, #64]
1672:Drivers/STM32H7xx_HAL_Driver/Src/stm32h7xx_hal_qspi.c **** 
 2585              		.loc 1 1672 7 view .LVU794
1675:Drivers/STM32H7xx_HAL_Driver/Src/stm32h7xx_hal_qspi.c **** 
 2586              		.loc 1 1675 7 view .LVU795
 2587 009e 2268     		ldr	r2, [r4]
 2588 00a0 1368     		ldr	r3, [r2]
 2589 00a2 43F41023 		orr	r3, r3, #589824
 2590 00a6 1360     		str	r3, [r2]
 2591 00a8 C4E7     		b	.L128
 2592              	.LVL174:
 2593              	.L131:
1637:Drivers/STM32H7xx_HAL_Driver/Src/stm32h7xx_hal_qspi.c **** 
 2594              		.loc 1 1637 3 is_stmt 0 discriminator 1 view .LVU796
 2595 00aa 0227     		movs	r7, #2
 2596 00ac C2E7     		b	.L128
 2597              		.cfi_endproc
 2598              	.LFE158:
 2600              		.section	.text.HAL_QSPI_MemoryMapped,"ax",%progbits
 2601              		.align	1
 2602              		.global	HAL_QSPI_MemoryMapped
 2603              		.syntax unified
ARM GAS  C:\Users\12491\AppData\Local\Temp\ccCAIkbk.s 			page 106


 2604              		.thumb
 2605              		.thumb_func
 2607              	HAL_QSPI_MemoryMapped:
 2608              	.LVL175:
 2609              	.LFB159:
1705:Drivers/STM32H7xx_HAL_Driver/Src/stm32h7xx_hal_qspi.c ****   HAL_StatusTypeDef status;
 2610              		.loc 1 1705 1 is_stmt 1 view -0
 2611              		.cfi_startproc
 2612              		@ args = 0, pretend = 0, frame = 0
 2613              		@ frame_needed = 0, uses_anonymous_args = 0
1705:Drivers/STM32H7xx_HAL_Driver/Src/stm32h7xx_hal_qspi.c ****   HAL_StatusTypeDef status;
 2614              		.loc 1 1705 1 is_stmt 0 view .LVU798
 2615 0000 F0B5     		push	{r4, r5, r6, r7, lr}
 2616              	.LCFI41:
 2617              		.cfi_def_cfa_offset 20
 2618              		.cfi_offset 4, -20
 2619              		.cfi_offset 5, -16
 2620              		.cfi_offset 6, -12
 2621              		.cfi_offset 7, -8
 2622              		.cfi_offset 14, -4
 2623 0002 83B0     		sub	sp, sp, #12
 2624              	.LCFI42:
 2625              		.cfi_def_cfa_offset 32
 2626 0004 0446     		mov	r4, r0
 2627 0006 0E46     		mov	r6, r1
 2628 0008 1546     		mov	r5, r2
1706:Drivers/STM32H7xx_HAL_Driver/Src/stm32h7xx_hal_qspi.c ****   uint32_t tickstart = HAL_GetTick();
 2629              		.loc 1 1706 3 is_stmt 1 view .LVU799
1707:Drivers/STM32H7xx_HAL_Driver/Src/stm32h7xx_hal_qspi.c **** 
 2630              		.loc 1 1707 3 view .LVU800
1707:Drivers/STM32H7xx_HAL_Driver/Src/stm32h7xx_hal_qspi.c **** 
 2631              		.loc 1 1707 24 is_stmt 0 view .LVU801
 2632 000a FFF7FEFF 		bl	HAL_GetTick
 2633              	.LVL176:
1710:Drivers/STM32H7xx_HAL_Driver/Src/stm32h7xx_hal_qspi.c ****   if (cmd->InstructionMode != QSPI_INSTRUCTION_NONE)
 2634              		.loc 1 1710 3 is_stmt 1 view .LVU802
1711:Drivers/STM32H7xx_HAL_Driver/Src/stm32h7xx_hal_qspi.c ****   {
 2635              		.loc 1 1711 3 view .LVU803
1713:Drivers/STM32H7xx_HAL_Driver/Src/stm32h7xx_hal_qspi.c ****   }
 2636              		.loc 1 1713 3 view .LVU804
1716:Drivers/STM32H7xx_HAL_Driver/Src/stm32h7xx_hal_qspi.c ****   if (cmd->AddressMode != QSPI_ADDRESS_NONE)
 2637              		.loc 1 1716 3 view .LVU805
1717:Drivers/STM32H7xx_HAL_Driver/Src/stm32h7xx_hal_qspi.c ****   {
 2638              		.loc 1 1717 3 view .LVU806
1719:Drivers/STM32H7xx_HAL_Driver/Src/stm32h7xx_hal_qspi.c ****   }
 2639              		.loc 1 1719 5 view .LVU807
1722:Drivers/STM32H7xx_HAL_Driver/Src/stm32h7xx_hal_qspi.c ****   if (cmd->AlternateByteMode != QSPI_ALTERNATE_BYTES_NONE)
 2640              		.loc 1 1722 3 view .LVU808
1723:Drivers/STM32H7xx_HAL_Driver/Src/stm32h7xx_hal_qspi.c ****   {
 2641              		.loc 1 1723 3 view .LVU809
1725:Drivers/STM32H7xx_HAL_Driver/Src/stm32h7xx_hal_qspi.c ****   }
 2642              		.loc 1 1725 5 view .LVU810
1728:Drivers/STM32H7xx_HAL_Driver/Src/stm32h7xx_hal_qspi.c ****   assert_param(IS_QSPI_DATA_MODE(cmd->DataMode));
 2643              		.loc 1 1728 3 view .LVU811
1729:Drivers/STM32H7xx_HAL_Driver/Src/stm32h7xx_hal_qspi.c **** 
 2644              		.loc 1 1729 3 view .LVU812
1731:Drivers/STM32H7xx_HAL_Driver/Src/stm32h7xx_hal_qspi.c ****   assert_param(IS_QSPI_DDR_HHC(cmd->DdrHoldHalfCycle));
ARM GAS  C:\Users\12491\AppData\Local\Temp\ccCAIkbk.s 			page 107


 2645              		.loc 1 1731 3 view .LVU813
1732:Drivers/STM32H7xx_HAL_Driver/Src/stm32h7xx_hal_qspi.c ****   assert_param(IS_QSPI_SIOO_MODE(cmd->SIOOMode));
 2646              		.loc 1 1732 3 view .LVU814
1733:Drivers/STM32H7xx_HAL_Driver/Src/stm32h7xx_hal_qspi.c **** 
 2647              		.loc 1 1733 3 view .LVU815
1735:Drivers/STM32H7xx_HAL_Driver/Src/stm32h7xx_hal_qspi.c **** 
 2648              		.loc 1 1735 3 view .LVU816
1738:Drivers/STM32H7xx_HAL_Driver/Src/stm32h7xx_hal_qspi.c **** 
 2649              		.loc 1 1738 3 view .LVU817
1738:Drivers/STM32H7xx_HAL_Driver/Src/stm32h7xx_hal_qspi.c **** 
 2650              		.loc 1 1738 3 view .LVU818
 2651 000e 94F840C0 		ldrb	ip, [r4, #64]	@ zero_extendqisi2
 2652 0012 5FFA8CFC 		uxtb	ip, ip
 2653 0016 BCF1010F 		cmp	ip, #1
 2654 001a 3BD0     		beq	.L139
1738:Drivers/STM32H7xx_HAL_Driver/Src/stm32h7xx_hal_qspi.c **** 
 2655              		.loc 1 1738 3 discriminator 2 view .LVU819
 2656 001c 0123     		movs	r3, #1
 2657 001e 84F84030 		strb	r3, [r4, #64]
1738:Drivers/STM32H7xx_HAL_Driver/Src/stm32h7xx_hal_qspi.c **** 
 2658              		.loc 1 1738 3 discriminator 2 view .LVU820
1740:Drivers/STM32H7xx_HAL_Driver/Src/stm32h7xx_hal_qspi.c ****   {
 2659              		.loc 1 1740 3 view .LVU821
1740:Drivers/STM32H7xx_HAL_Driver/Src/stm32h7xx_hal_qspi.c ****   {
 2660              		.loc 1 1740 11 is_stmt 0 view .LVU822
 2661 0022 94F841C0 		ldrb	ip, [r4, #65]	@ zero_extendqisi2
 2662 0026 5FFA8CFC 		uxtb	ip, ip
1740:Drivers/STM32H7xx_HAL_Driver/Src/stm32h7xx_hal_qspi.c ****   {
 2663              		.loc 1 1740 5 view .LVU823
 2664 002a 9C45     		cmp	ip, r3
 2665 002c 06D0     		beq	.L142
1775:Drivers/STM32H7xx_HAL_Driver/Src/stm32h7xx_hal_qspi.c ****   }
 2666              		.loc 1 1775 12 view .LVU824
 2667 002e 0227     		movs	r7, #2
 2668              	.LVL177:
 2669              	.L137:
1779:Drivers/STM32H7xx_HAL_Driver/Src/stm32h7xx_hal_qspi.c **** 
 2670              		.loc 1 1779 3 is_stmt 1 view .LVU825
1779:Drivers/STM32H7xx_HAL_Driver/Src/stm32h7xx_hal_qspi.c **** 
 2671              		.loc 1 1779 3 view .LVU826
 2672 0030 0023     		movs	r3, #0
 2673 0032 84F84030 		strb	r3, [r4, #64]
1779:Drivers/STM32H7xx_HAL_Driver/Src/stm32h7xx_hal_qspi.c **** 
 2674              		.loc 1 1779 3 view .LVU827
1782:Drivers/STM32H7xx_HAL_Driver/Src/stm32h7xx_hal_qspi.c **** }
 2675              		.loc 1 1782 3 view .LVU828
 2676              	.LVL178:
 2677              	.L136:
1783:Drivers/STM32H7xx_HAL_Driver/Src/stm32h7xx_hal_qspi.c **** 
 2678              		.loc 1 1783 1 is_stmt 0 view .LVU829
 2679 0036 3846     		mov	r0, r7
 2680 0038 03B0     		add	sp, sp, #12
 2681              	.LCFI43:
 2682              		.cfi_remember_state
 2683              		.cfi_def_cfa_offset 20
 2684              		@ sp needed
 2685 003a F0BD     		pop	{r4, r5, r6, r7, pc}
ARM GAS  C:\Users\12491\AppData\Local\Temp\ccCAIkbk.s 			page 108


 2686              	.LVL179:
 2687              	.L142:
 2688              	.LCFI44:
 2689              		.cfi_restore_state
1742:Drivers/STM32H7xx_HAL_Driver/Src/stm32h7xx_hal_qspi.c **** 
 2690              		.loc 1 1742 5 is_stmt 1 view .LVU830
1742:Drivers/STM32H7xx_HAL_Driver/Src/stm32h7xx_hal_qspi.c **** 
 2691              		.loc 1 1742 22 is_stmt 0 view .LVU831
 2692 003c 0022     		movs	r2, #0
 2693 003e 6264     		str	r2, [r4, #68]
1745:Drivers/STM32H7xx_HAL_Driver/Src/stm32h7xx_hal_qspi.c **** 
 2694              		.loc 1 1745 5 is_stmt 1 view .LVU832
1745:Drivers/STM32H7xx_HAL_Driver/Src/stm32h7xx_hal_qspi.c **** 
 2695              		.loc 1 1745 18 is_stmt 0 view .LVU833
 2696 0040 8223     		movs	r3, #130
 2697 0042 84F84130 		strb	r3, [r4, #65]
1748:Drivers/STM32H7xx_HAL_Driver/Src/stm32h7xx_hal_qspi.c **** 
 2698              		.loc 1 1748 5 is_stmt 1 view .LVU834
1748:Drivers/STM32H7xx_HAL_Driver/Src/stm32h7xx_hal_qspi.c **** 
 2699              		.loc 1 1748 14 is_stmt 0 view .LVU835
 2700 0046 A36C     		ldr	r3, [r4, #72]
 2701 0048 0093     		str	r3, [sp]
 2702 004a 0346     		mov	r3, r0
 2703 004c 2021     		movs	r1, #32
 2704 004e 2046     		mov	r0, r4
 2705              	.LVL180:
1748:Drivers/STM32H7xx_HAL_Driver/Src/stm32h7xx_hal_qspi.c **** 
 2706              		.loc 1 1748 14 view .LVU836
 2707 0050 FFF7FEFF 		bl	QSPI_WaitFlagStateUntilTimeout
 2708              	.LVL181:
1750:Drivers/STM32H7xx_HAL_Driver/Src/stm32h7xx_hal_qspi.c ****     {
 2709              		.loc 1 1750 5 is_stmt 1 view .LVU837
1750:Drivers/STM32H7xx_HAL_Driver/Src/stm32h7xx_hal_qspi.c ****     {
 2710              		.loc 1 1750 8 is_stmt 0 view .LVU838
 2711 0054 0746     		mov	r7, r0
 2712 0056 0028     		cmp	r0, #0
 2713 0058 EAD1     		bne	.L137
1753:Drivers/STM32H7xx_HAL_Driver/Src/stm32h7xx_hal_qspi.c **** 
 2714              		.loc 1 1753 5 is_stmt 1 view .LVU839
 2715 005a 2268     		ldr	r2, [r4]
 2716 005c 1368     		ldr	r3, [r2]
 2717 005e 23F00803 		bic	r3, r3, #8
 2718 0062 6968     		ldr	r1, [r5, #4]
 2719 0064 0B43     		orrs	r3, r3, r1
 2720 0066 1360     		str	r3, [r2]
1755:Drivers/STM32H7xx_HAL_Driver/Src/stm32h7xx_hal_qspi.c ****       {
 2721              		.loc 1 1755 5 view .LVU840
1755:Drivers/STM32H7xx_HAL_Driver/Src/stm32h7xx_hal_qspi.c ****       {
 2722              		.loc 1 1755 12 is_stmt 0 view .LVU841
 2723 0068 6B68     		ldr	r3, [r5, #4]
1755:Drivers/STM32H7xx_HAL_Driver/Src/stm32h7xx_hal_qspi.c ****       {
 2724              		.loc 1 1755 8 view .LVU842
 2725 006a 082B     		cmp	r3, #8
 2726 006c 06D0     		beq	.L143
 2727              	.L138:
1770:Drivers/STM32H7xx_HAL_Driver/Src/stm32h7xx_hal_qspi.c ****     }
 2728              		.loc 1 1770 7 is_stmt 1 view .LVU843
ARM GAS  C:\Users\12491\AppData\Local\Temp\ccCAIkbk.s 			page 109


 2729 006e 4FF04062 		mov	r2, #201326592
 2730 0072 3146     		mov	r1, r6
 2731 0074 2046     		mov	r0, r4
 2732              	.LVL182:
1770:Drivers/STM32H7xx_HAL_Driver/Src/stm32h7xx_hal_qspi.c ****     }
 2733              		.loc 1 1770 7 is_stmt 0 view .LVU844
 2734 0076 FFF7FEFF 		bl	QSPI_Config
 2735              	.LVL183:
 2736 007a D9E7     		b	.L137
 2737              	.LVL184:
 2738              	.L143:
1757:Drivers/STM32H7xx_HAL_Driver/Src/stm32h7xx_hal_qspi.c **** 
 2739              		.loc 1 1757 9 is_stmt 1 view .LVU845
1760:Drivers/STM32H7xx_HAL_Driver/Src/stm32h7xx_hal_qspi.c **** 
 2740              		.loc 1 1760 9 view .LVU846
 2741 007c 2368     		ldr	r3, [r4]
 2742 007e 2A68     		ldr	r2, [r5]
 2743 0080 1A63     		str	r2, [r3, #48]
1763:Drivers/STM32H7xx_HAL_Driver/Src/stm32h7xx_hal_qspi.c **** 
 2744              		.loc 1 1763 9 view .LVU847
 2745 0082 2368     		ldr	r3, [r4]
 2746 0084 1022     		movs	r2, #16
 2747 0086 DA60     		str	r2, [r3, #12]
1766:Drivers/STM32H7xx_HAL_Driver/Src/stm32h7xx_hal_qspi.c ****       }
 2748              		.loc 1 1766 9 view .LVU848
 2749 0088 2268     		ldr	r2, [r4]
 2750 008a 1368     		ldr	r3, [r2]
 2751 008c 43F48013 		orr	r3, r3, #1048576
 2752 0090 1360     		str	r3, [r2]
 2753 0092 ECE7     		b	.L138
 2754              	.LVL185:
 2755              	.L139:
1738:Drivers/STM32H7xx_HAL_Driver/Src/stm32h7xx_hal_qspi.c **** 
 2756              		.loc 1 1738 3 is_stmt 0 discriminator 1 view .LVU849
 2757 0094 0227     		movs	r7, #2
 2758 0096 CEE7     		b	.L136
 2759              		.cfi_endproc
 2760              	.LFE159:
 2762              		.section	.text.HAL_QSPI_ErrorCallback,"ax",%progbits
 2763              		.align	1
 2764              		.weak	HAL_QSPI_ErrorCallback
 2765              		.syntax unified
 2766              		.thumb
 2767              		.thumb_func
 2769              	HAL_QSPI_ErrorCallback:
 2770              	.LVL186:
 2771              	.LFB160:
1791:Drivers/STM32H7xx_HAL_Driver/Src/stm32h7xx_hal_qspi.c ****   /* Prevent unused argument(s) compilation warning */
 2772              		.loc 1 1791 1 is_stmt 1 view -0
 2773              		.cfi_startproc
 2774              		@ args = 0, pretend = 0, frame = 0
 2775              		@ frame_needed = 0, uses_anonymous_args = 0
 2776              		@ link register save eliminated.
1793:Drivers/STM32H7xx_HAL_Driver/Src/stm32h7xx_hal_qspi.c **** 
 2777              		.loc 1 1793 3 view .LVU851
1798:Drivers/STM32H7xx_HAL_Driver/Src/stm32h7xx_hal_qspi.c **** 
 2778              		.loc 1 1798 1 is_stmt 0 view .LVU852
ARM GAS  C:\Users\12491\AppData\Local\Temp\ccCAIkbk.s 			page 110


 2779 0000 7047     		bx	lr
 2780              		.cfi_endproc
 2781              	.LFE160:
 2783              		.section	.text.QSPI_DMAAbortCplt,"ax",%progbits
 2784              		.align	1
 2785              		.syntax unified
 2786              		.thumb
 2787              		.thumb_func
 2789              	QSPI_DMAAbortCplt:
 2790              	.LVL187:
 2791              	.LFB179:
2441:Drivers/STM32H7xx_HAL_Driver/Src/stm32h7xx_hal_qspi.c ****   QSPI_HandleTypeDef* hqspi = ( QSPI_HandleTypeDef* )(hmdma->Parent);
 2792              		.loc 1 2441 1 is_stmt 1 view -0
 2793              		.cfi_startproc
 2794              		@ args = 0, pretend = 0, frame = 0
 2795              		@ frame_needed = 0, uses_anonymous_args = 0
2441:Drivers/STM32H7xx_HAL_Driver/Src/stm32h7xx_hal_qspi.c ****   QSPI_HandleTypeDef* hqspi = ( QSPI_HandleTypeDef* )(hmdma->Parent);
 2796              		.loc 1 2441 1 is_stmt 0 view .LVU854
 2797 0000 08B5     		push	{r3, lr}
 2798              	.LCFI45:
 2799              		.cfi_def_cfa_offset 8
 2800              		.cfi_offset 3, -8
 2801              		.cfi_offset 14, -4
2442:Drivers/STM32H7xx_HAL_Driver/Src/stm32h7xx_hal_qspi.c **** 
 2802              		.loc 1 2442 3 is_stmt 1 view .LVU855
2442:Drivers/STM32H7xx_HAL_Driver/Src/stm32h7xx_hal_qspi.c **** 
 2803              		.loc 1 2442 23 is_stmt 0 view .LVU856
 2804 0002 006C     		ldr	r0, [r0, #64]
 2805              	.LVL188:
2444:Drivers/STM32H7xx_HAL_Driver/Src/stm32h7xx_hal_qspi.c ****   hqspi->TxXferCount = 0U;
 2806              		.loc 1 2444 3 is_stmt 1 view .LVU857
2444:Drivers/STM32H7xx_HAL_Driver/Src/stm32h7xx_hal_qspi.c ****   hqspi->TxXferCount = 0U;
 2807              		.loc 1 2444 22 is_stmt 0 view .LVU858
 2808 0004 0023     		movs	r3, #0
 2809 0006 8363     		str	r3, [r0, #56]
2445:Drivers/STM32H7xx_HAL_Driver/Src/stm32h7xx_hal_qspi.c **** 
 2810              		.loc 1 2445 3 is_stmt 1 view .LVU859
2445:Drivers/STM32H7xx_HAL_Driver/Src/stm32h7xx_hal_qspi.c **** 
 2811              		.loc 1 2445 22 is_stmt 0 view .LVU860
 2812 0008 C362     		str	r3, [r0, #44]
2447:Drivers/STM32H7xx_HAL_Driver/Src/stm32h7xx_hal_qspi.c ****   {
 2813              		.loc 1 2447 3 is_stmt 1 view .LVU861
2447:Drivers/STM32H7xx_HAL_Driver/Src/stm32h7xx_hal_qspi.c ****   {
 2814              		.loc 1 2447 11 is_stmt 0 view .LVU862
 2815 000a 90F84130 		ldrb	r3, [r0, #65]	@ zero_extendqisi2
 2816 000e DBB2     		uxtb	r3, r3
2447:Drivers/STM32H7xx_HAL_Driver/Src/stm32h7xx_hal_qspi.c ****   {
 2817              		.loc 1 2447 5 view .LVU863
 2818 0010 082B     		cmp	r3, #8
 2819 0012 0DD1     		bne	.L146
2451:Drivers/STM32H7xx_HAL_Driver/Src/stm32h7xx_hal_qspi.c **** 
 2820              		.loc 1 2451 5 is_stmt 1 view .LVU864
 2821 0014 0368     		ldr	r3, [r0]
 2822 0016 0222     		movs	r2, #2
 2823 0018 DA60     		str	r2, [r3, #12]
2454:Drivers/STM32H7xx_HAL_Driver/Src/stm32h7xx_hal_qspi.c **** 
 2824              		.loc 1 2454 5 view .LVU865
ARM GAS  C:\Users\12491\AppData\Local\Temp\ccCAIkbk.s 			page 111


 2825 001a 0268     		ldr	r2, [r0]
 2826 001c 1368     		ldr	r3, [r2]
 2827 001e 43F40033 		orr	r3, r3, #131072
 2828 0022 1360     		str	r3, [r2]
2457:Drivers/STM32H7xx_HAL_Driver/Src/stm32h7xx_hal_qspi.c ****   }
 2829              		.loc 1 2457 5 view .LVU866
 2830 0024 0268     		ldr	r2, [r0]
 2831 0026 1368     		ldr	r3, [r2]
 2832 0028 43F00203 		orr	r3, r3, #2
 2833 002c 1360     		str	r3, [r2]
 2834              	.LVL189:
 2835              	.L145:
2472:Drivers/STM32H7xx_HAL_Driver/Src/stm32h7xx_hal_qspi.c **** 
 2836              		.loc 1 2472 1 is_stmt 0 view .LVU867
 2837 002e 08BD     		pop	{r3, pc}
 2838              	.LVL190:
 2839              	.L146:
2463:Drivers/STM32H7xx_HAL_Driver/Src/stm32h7xx_hal_qspi.c **** 
 2840              		.loc 1 2463 5 is_stmt 1 view .LVU868
2463:Drivers/STM32H7xx_HAL_Driver/Src/stm32h7xx_hal_qspi.c **** 
 2841              		.loc 1 2463 18 is_stmt 0 view .LVU869
 2842 0030 0123     		movs	r3, #1
 2843 0032 80F84130 		strb	r3, [r0, #65]
2469:Drivers/STM32H7xx_HAL_Driver/Src/stm32h7xx_hal_qspi.c **** #endif
 2844              		.loc 1 2469 5 is_stmt 1 view .LVU870
 2845 0036 FFF7FEFF 		bl	HAL_QSPI_ErrorCallback
 2846              	.LVL191:
2472:Drivers/STM32H7xx_HAL_Driver/Src/stm32h7xx_hal_qspi.c **** 
 2847              		.loc 1 2472 1 is_stmt 0 view .LVU871
 2848 003a F8E7     		b	.L145
 2849              		.cfi_endproc
 2850              	.LFE179:
 2852              		.section	.text.HAL_QSPI_AbortCpltCallback,"ax",%progbits
 2853              		.align	1
 2854              		.weak	HAL_QSPI_AbortCpltCallback
 2855              		.syntax unified
 2856              		.thumb
 2857              		.thumb_func
 2859              	HAL_QSPI_AbortCpltCallback:
 2860              	.LVL192:
 2861              	.LFB161:
1806:Drivers/STM32H7xx_HAL_Driver/Src/stm32h7xx_hal_qspi.c ****   /* Prevent unused argument(s) compilation warning */
 2862              		.loc 1 1806 1 is_stmt 1 view -0
 2863              		.cfi_startproc
 2864              		@ args = 0, pretend = 0, frame = 0
 2865              		@ frame_needed = 0, uses_anonymous_args = 0
 2866              		@ link register save eliminated.
1808:Drivers/STM32H7xx_HAL_Driver/Src/stm32h7xx_hal_qspi.c **** 
 2867              		.loc 1 1808 3 view .LVU873
1813:Drivers/STM32H7xx_HAL_Driver/Src/stm32h7xx_hal_qspi.c **** 
 2868              		.loc 1 1813 1 is_stmt 0 view .LVU874
 2869 0000 7047     		bx	lr
 2870              		.cfi_endproc
 2871              	.LFE161:
 2873              		.section	.text.HAL_QSPI_CmdCpltCallback,"ax",%progbits
 2874              		.align	1
 2875              		.weak	HAL_QSPI_CmdCpltCallback
ARM GAS  C:\Users\12491\AppData\Local\Temp\ccCAIkbk.s 			page 112


 2876              		.syntax unified
 2877              		.thumb
 2878              		.thumb_func
 2880              	HAL_QSPI_CmdCpltCallback:
 2881              	.LVL193:
 2882              	.LFB162:
1821:Drivers/STM32H7xx_HAL_Driver/Src/stm32h7xx_hal_qspi.c ****   /* Prevent unused argument(s) compilation warning */
 2883              		.loc 1 1821 1 is_stmt 1 view -0
 2884              		.cfi_startproc
 2885              		@ args = 0, pretend = 0, frame = 0
 2886              		@ frame_needed = 0, uses_anonymous_args = 0
 2887              		@ link register save eliminated.
1823:Drivers/STM32H7xx_HAL_Driver/Src/stm32h7xx_hal_qspi.c **** 
 2888              		.loc 1 1823 3 view .LVU876
1828:Drivers/STM32H7xx_HAL_Driver/Src/stm32h7xx_hal_qspi.c **** 
 2889              		.loc 1 1828 1 is_stmt 0 view .LVU877
 2890 0000 7047     		bx	lr
 2891              		.cfi_endproc
 2892              	.LFE162:
 2894              		.section	.text.HAL_QSPI_RxCpltCallback,"ax",%progbits
 2895              		.align	1
 2896              		.weak	HAL_QSPI_RxCpltCallback
 2897              		.syntax unified
 2898              		.thumb
 2899              		.thumb_func
 2901              	HAL_QSPI_RxCpltCallback:
 2902              	.LVL194:
 2903              	.LFB163:
1836:Drivers/STM32H7xx_HAL_Driver/Src/stm32h7xx_hal_qspi.c ****   /* Prevent unused argument(s) compilation warning */
 2904              		.loc 1 1836 1 is_stmt 1 view -0
 2905              		.cfi_startproc
 2906              		@ args = 0, pretend = 0, frame = 0
 2907              		@ frame_needed = 0, uses_anonymous_args = 0
 2908              		@ link register save eliminated.
1838:Drivers/STM32H7xx_HAL_Driver/Src/stm32h7xx_hal_qspi.c **** 
 2909              		.loc 1 1838 3 view .LVU879
1843:Drivers/STM32H7xx_HAL_Driver/Src/stm32h7xx_hal_qspi.c **** 
 2910              		.loc 1 1843 1 is_stmt 0 view .LVU880
 2911 0000 7047     		bx	lr
 2912              		.cfi_endproc
 2913              	.LFE163:
 2915              		.section	.text.HAL_QSPI_TxCpltCallback,"ax",%progbits
 2916              		.align	1
 2917              		.weak	HAL_QSPI_TxCpltCallback
 2918              		.syntax unified
 2919              		.thumb
 2920              		.thumb_func
 2922              	HAL_QSPI_TxCpltCallback:
 2923              	.LVL195:
 2924              	.LFB164:
1851:Drivers/STM32H7xx_HAL_Driver/Src/stm32h7xx_hal_qspi.c ****   /* Prevent unused argument(s) compilation warning */
 2925              		.loc 1 1851 1 is_stmt 1 view -0
 2926              		.cfi_startproc
 2927              		@ args = 0, pretend = 0, frame = 0
 2928              		@ frame_needed = 0, uses_anonymous_args = 0
 2929              		@ link register save eliminated.
1853:Drivers/STM32H7xx_HAL_Driver/Src/stm32h7xx_hal_qspi.c **** 
ARM GAS  C:\Users\12491\AppData\Local\Temp\ccCAIkbk.s 			page 113


 2930              		.loc 1 1853 3 view .LVU882
1858:Drivers/STM32H7xx_HAL_Driver/Src/stm32h7xx_hal_qspi.c **** 
 2931              		.loc 1 1858 1 is_stmt 0 view .LVU883
 2932 0000 7047     		bx	lr
 2933              		.cfi_endproc
 2934              	.LFE164:
 2936              		.section	.text.HAL_QSPI_FifoThresholdCallback,"ax",%progbits
 2937              		.align	1
 2938              		.weak	HAL_QSPI_FifoThresholdCallback
 2939              		.syntax unified
 2940              		.thumb
 2941              		.thumb_func
 2943              	HAL_QSPI_FifoThresholdCallback:
 2944              	.LVL196:
 2945              	.LFB165:
1867:Drivers/STM32H7xx_HAL_Driver/Src/stm32h7xx_hal_qspi.c ****   /* Prevent unused argument(s) compilation warning */
 2946              		.loc 1 1867 1 is_stmt 1 view -0
 2947              		.cfi_startproc
 2948              		@ args = 0, pretend = 0, frame = 0
 2949              		@ frame_needed = 0, uses_anonymous_args = 0
 2950              		@ link register save eliminated.
1869:Drivers/STM32H7xx_HAL_Driver/Src/stm32h7xx_hal_qspi.c **** 
 2951              		.loc 1 1869 3 view .LVU885
1874:Drivers/STM32H7xx_HAL_Driver/Src/stm32h7xx_hal_qspi.c **** 
 2952              		.loc 1 1874 1 is_stmt 0 view .LVU886
 2953 0000 7047     		bx	lr
 2954              		.cfi_endproc
 2955              	.LFE165:
 2957              		.section	.text.HAL_QSPI_StatusMatchCallback,"ax",%progbits
 2958              		.align	1
 2959              		.weak	HAL_QSPI_StatusMatchCallback
 2960              		.syntax unified
 2961              		.thumb
 2962              		.thumb_func
 2964              	HAL_QSPI_StatusMatchCallback:
 2965              	.LVL197:
 2966              	.LFB166:
1882:Drivers/STM32H7xx_HAL_Driver/Src/stm32h7xx_hal_qspi.c ****   /* Prevent unused argument(s) compilation warning */
 2967              		.loc 1 1882 1 is_stmt 1 view -0
 2968              		.cfi_startproc
 2969              		@ args = 0, pretend = 0, frame = 0
 2970              		@ frame_needed = 0, uses_anonymous_args = 0
 2971              		@ link register save eliminated.
1884:Drivers/STM32H7xx_HAL_Driver/Src/stm32h7xx_hal_qspi.c **** 
 2972              		.loc 1 1884 3 view .LVU888
1889:Drivers/STM32H7xx_HAL_Driver/Src/stm32h7xx_hal_qspi.c **** 
 2973              		.loc 1 1889 1 is_stmt 0 view .LVU889
 2974 0000 7047     		bx	lr
 2975              		.cfi_endproc
 2976              	.LFE166:
 2978              		.section	.text.HAL_QSPI_TimeOutCallback,"ax",%progbits
 2979              		.align	1
 2980              		.weak	HAL_QSPI_TimeOutCallback
 2981              		.syntax unified
 2982              		.thumb
 2983              		.thumb_func
 2985              	HAL_QSPI_TimeOutCallback:
ARM GAS  C:\Users\12491\AppData\Local\Temp\ccCAIkbk.s 			page 114


 2986              	.LVL198:
 2987              	.LFB167:
1897:Drivers/STM32H7xx_HAL_Driver/Src/stm32h7xx_hal_qspi.c ****   /* Prevent unused argument(s) compilation warning */
 2988              		.loc 1 1897 1 is_stmt 1 view -0
 2989              		.cfi_startproc
 2990              		@ args = 0, pretend = 0, frame = 0
 2991              		@ frame_needed = 0, uses_anonymous_args = 0
 2992              		@ link register save eliminated.
1899:Drivers/STM32H7xx_HAL_Driver/Src/stm32h7xx_hal_qspi.c **** 
 2993              		.loc 1 1899 3 view .LVU891
1904:Drivers/STM32H7xx_HAL_Driver/Src/stm32h7xx_hal_qspi.c **** #if (USE_HAL_QSPI_REGISTER_CALLBACKS == 1)
 2994              		.loc 1 1904 1 is_stmt 0 view .LVU892
 2995 0000 7047     		bx	lr
 2996              		.cfi_endproc
 2997              	.LFE167:
 2999              		.section	.text.HAL_QSPI_IRQHandler,"ax",%progbits
 3000              		.align	1
 3001              		.global	HAL_QSPI_IRQHandler
 3002              		.syntax unified
 3003              		.thumb
 3004              		.thumb_func
 3006              	HAL_QSPI_IRQHandler:
 3007              	.LVL199:
 3008              	.LFB148:
 493:Drivers/STM32H7xx_HAL_Driver/Src/stm32h7xx_hal_qspi.c ****   __IO uint32_t *data_reg;
 3009              		.loc 1 493 1 is_stmt 1 view -0
 3010              		.cfi_startproc
 3011              		@ args = 0, pretend = 0, frame = 0
 3012              		@ frame_needed = 0, uses_anonymous_args = 0
 493:Drivers/STM32H7xx_HAL_Driver/Src/stm32h7xx_hal_qspi.c ****   __IO uint32_t *data_reg;
 3013              		.loc 1 493 1 is_stmt 0 view .LVU894
 3014 0000 10B5     		push	{r4, lr}
 3015              	.LCFI46:
 3016              		.cfi_def_cfa_offset 8
 3017              		.cfi_offset 4, -8
 3018              		.cfi_offset 14, -4
 3019 0002 0446     		mov	r4, r0
 494:Drivers/STM32H7xx_HAL_Driver/Src/stm32h7xx_hal_qspi.c ****   uint32_t flag = READ_REG(hqspi->Instance->SR);
 3020              		.loc 1 494 3 is_stmt 1 view .LVU895
 495:Drivers/STM32H7xx_HAL_Driver/Src/stm32h7xx_hal_qspi.c ****   uint32_t itsource = READ_REG(hqspi->Instance->CR);
 3021              		.loc 1 495 3 view .LVU896
 495:Drivers/STM32H7xx_HAL_Driver/Src/stm32h7xx_hal_qspi.c ****   uint32_t itsource = READ_REG(hqspi->Instance->CR);
 3022              		.loc 1 495 19 is_stmt 0 view .LVU897
 3023 0004 0368     		ldr	r3, [r0]
 495:Drivers/STM32H7xx_HAL_Driver/Src/stm32h7xx_hal_qspi.c ****   uint32_t itsource = READ_REG(hqspi->Instance->CR);
 3024              		.loc 1 495 12 view .LVU898
 3025 0006 9A68     		ldr	r2, [r3, #8]
 3026              	.LVL200:
 496:Drivers/STM32H7xx_HAL_Driver/Src/stm32h7xx_hal_qspi.c **** 
 3027              		.loc 1 496 3 is_stmt 1 view .LVU899
 496:Drivers/STM32H7xx_HAL_Driver/Src/stm32h7xx_hal_qspi.c **** 
 3028              		.loc 1 496 12 is_stmt 0 view .LVU900
 3029 0008 1968     		ldr	r1, [r3]
 3030              	.LVL201:
 499:Drivers/STM32H7xx_HAL_Driver/Src/stm32h7xx_hal_qspi.c ****   {
 3031              		.loc 1 499 3 is_stmt 1 view .LVU901
 499:Drivers/STM32H7xx_HAL_Driver/Src/stm32h7xx_hal_qspi.c ****   {
ARM GAS  C:\Users\12491\AppData\Local\Temp\ccCAIkbk.s 			page 115


 3032              		.loc 1 499 5 is_stmt 0 view .LVU902
 3033 000a 12F0040F 		tst	r2, #4
 3034 000e 3FD0     		beq	.L157
 499:Drivers/STM32H7xx_HAL_Driver/Src/stm32h7xx_hal_qspi.c ****   {
 3035              		.loc 1 499 36 discriminator 1 view .LVU903
 3036 0010 11F4802F 		tst	r1, #262144
 3037 0014 3CD0     		beq	.L157
 501:Drivers/STM32H7xx_HAL_Driver/Src/stm32h7xx_hal_qspi.c **** 
 3038              		.loc 1 501 5 is_stmt 1 view .LVU904
 3039              	.LVL202:
 503:Drivers/STM32H7xx_HAL_Driver/Src/stm32h7xx_hal_qspi.c ****     {
 3040              		.loc 1 503 5 view .LVU905
 503:Drivers/STM32H7xx_HAL_Driver/Src/stm32h7xx_hal_qspi.c ****     {
 3041              		.loc 1 503 13 is_stmt 0 view .LVU906
 3042 0016 90F84120 		ldrb	r2, [r0, #65]	@ zero_extendqisi2
 3043              	.LVL203:
 503:Drivers/STM32H7xx_HAL_Driver/Src/stm32h7xx_hal_qspi.c ****     {
 3044              		.loc 1 503 13 view .LVU907
 3045 001a D2B2     		uxtb	r2, r2
 503:Drivers/STM32H7xx_HAL_Driver/Src/stm32h7xx_hal_qspi.c ****     {
 3046              		.loc 1 503 7 view .LVU908
 3047 001c 122A     		cmp	r2, #18
 3048 001e 12D0     		beq	.L158
 524:Drivers/STM32H7xx_HAL_Driver/Src/stm32h7xx_hal_qspi.c ****     {
 3049              		.loc 1 524 10 is_stmt 1 view .LVU909
 524:Drivers/STM32H7xx_HAL_Driver/Src/stm32h7xx_hal_qspi.c ****     {
 3050              		.loc 1 524 18 is_stmt 0 view .LVU910
 3051 0020 90F84120 		ldrb	r2, [r0, #65]	@ zero_extendqisi2
 3052 0024 D2B2     		uxtb	r2, r2
 524:Drivers/STM32H7xx_HAL_Driver/Src/stm32h7xx_hal_qspi.c ****     {
 3053              		.loc 1 524 12 view .LVU911
 3054 0026 222A     		cmp	r2, #34
 3055 0028 1FD0     		beq	.L163
 3056              	.LVL204:
 3057              	.L161:
 548:Drivers/STM32H7xx_HAL_Driver/Src/stm32h7xx_hal_qspi.c **** 
 3058              		.loc 1 548 5 is_stmt 1 view .LVU912
 554:Drivers/STM32H7xx_HAL_Driver/Src/stm32h7xx_hal_qspi.c **** #endif
 3059              		.loc 1 554 5 view .LVU913
 3060 002a 2046     		mov	r0, r4
 3061              	.LVL205:
 554:Drivers/STM32H7xx_HAL_Driver/Src/stm32h7xx_hal_qspi.c **** #endif
 3062              		.loc 1 554 5 is_stmt 0 view .LVU914
 3063 002c FFF7FEFF 		bl	HAL_QSPI_FifoThresholdCallback
 3064              	.LVL206:
 3065              	.L156:
 774:Drivers/STM32H7xx_HAL_Driver/Src/stm32h7xx_hal_qspi.c **** 
 3066              		.loc 1 774 1 view .LVU915
 3067 0030 10BD     		pop	{r4, pc}
 3068              	.LVL207:
 3069              	.L182:
 511:Drivers/STM32H7xx_HAL_Driver/Src/stm32h7xx_hal_qspi.c ****           hqspi->pTxBuffPtr++;
 3070              		.loc 1 511 11 is_stmt 1 view .LVU916
 511:Drivers/STM32H7xx_HAL_Driver/Src/stm32h7xx_hal_qspi.c ****           hqspi->pTxBuffPtr++;
 3071              		.loc 1 511 47 is_stmt 0 view .LVU917
 3072 0032 626A     		ldr	r2, [r4, #36]
 511:Drivers/STM32H7xx_HAL_Driver/Src/stm32h7xx_hal_qspi.c ****           hqspi->pTxBuffPtr++;
ARM GAS  C:\Users\12491\AppData\Local\Temp\ccCAIkbk.s 			page 116


 3073              		.loc 1 511 41 view .LVU918
 3074 0034 1278     		ldrb	r2, [r2]	@ zero_extendqisi2
 511:Drivers/STM32H7xx_HAL_Driver/Src/stm32h7xx_hal_qspi.c ****           hqspi->pTxBuffPtr++;
 3075              		.loc 1 511 39 view .LVU919
 3076 0036 83F82020 		strb	r2, [r3, #32]
 512:Drivers/STM32H7xx_HAL_Driver/Src/stm32h7xx_hal_qspi.c ****           hqspi->TxXferCount--;
 3077              		.loc 1 512 11 is_stmt 1 view .LVU920
 512:Drivers/STM32H7xx_HAL_Driver/Src/stm32h7xx_hal_qspi.c ****           hqspi->TxXferCount--;
 3078              		.loc 1 512 16 is_stmt 0 view .LVU921
 3079 003a 626A     		ldr	r2, [r4, #36]
 512:Drivers/STM32H7xx_HAL_Driver/Src/stm32h7xx_hal_qspi.c ****           hqspi->TxXferCount--;
 3080              		.loc 1 512 28 view .LVU922
 3081 003c 0132     		adds	r2, r2, #1
 3082 003e 6262     		str	r2, [r4, #36]
 513:Drivers/STM32H7xx_HAL_Driver/Src/stm32h7xx_hal_qspi.c ****         }
 3083              		.loc 1 513 11 is_stmt 1 view .LVU923
 513:Drivers/STM32H7xx_HAL_Driver/Src/stm32h7xx_hal_qspi.c ****         }
 3084              		.loc 1 513 16 is_stmt 0 view .LVU924
 3085 0040 E26A     		ldr	r2, [r4, #44]
 513:Drivers/STM32H7xx_HAL_Driver/Src/stm32h7xx_hal_qspi.c ****         }
 3086              		.loc 1 513 29 view .LVU925
 3087 0042 013A     		subs	r2, r2, #1
 3088 0044 E262     		str	r2, [r4, #44]
 3089              	.L158:
 506:Drivers/STM32H7xx_HAL_Driver/Src/stm32h7xx_hal_qspi.c ****       {
 3090              		.loc 1 506 54 is_stmt 1 view .LVU926
 506:Drivers/STM32H7xx_HAL_Driver/Src/stm32h7xx_hal_qspi.c ****       {
 3091              		.loc 1 506 13 is_stmt 0 view .LVU927
 3092 0046 2268     		ldr	r2, [r4]
 3093 0048 9168     		ldr	r1, [r2, #8]
 506:Drivers/STM32H7xx_HAL_Driver/Src/stm32h7xx_hal_qspi.c ****       {
 3094              		.loc 1 506 54 view .LVU928
 3095 004a 11F0040F 		tst	r1, #4
 3096 004e ECD0     		beq	.L161
 508:Drivers/STM32H7xx_HAL_Driver/Src/stm32h7xx_hal_qspi.c ****         {
 3097              		.loc 1 508 9 is_stmt 1 view .LVU929
 508:Drivers/STM32H7xx_HAL_Driver/Src/stm32h7xx_hal_qspi.c ****         {
 3098              		.loc 1 508 18 is_stmt 0 view .LVU930
 3099 0050 E16A     		ldr	r1, [r4, #44]
 508:Drivers/STM32H7xx_HAL_Driver/Src/stm32h7xx_hal_qspi.c ****         {
 3100              		.loc 1 508 12 view .LVU931
 3101 0052 0029     		cmp	r1, #0
 3102 0054 EDD1     		bne	.L182
 519:Drivers/STM32H7xx_HAL_Driver/Src/stm32h7xx_hal_qspi.c ****           break;
 3103              		.loc 1 519 11 is_stmt 1 view .LVU932
 3104 0056 1368     		ldr	r3, [r2]
 3105              	.LVL208:
 519:Drivers/STM32H7xx_HAL_Driver/Src/stm32h7xx_hal_qspi.c ****           break;
 3106              		.loc 1 519 11 is_stmt 0 view .LVU933
 3107 0058 23F48023 		bic	r3, r3, #262144
 3108 005c 1360     		str	r3, [r2]
 520:Drivers/STM32H7xx_HAL_Driver/Src/stm32h7xx_hal_qspi.c ****         }
 3109              		.loc 1 520 11 is_stmt 1 view .LVU934
 3110 005e E4E7     		b	.L161
 3111              	.LVL209:
 3112              	.L164:
 540:Drivers/STM32H7xx_HAL_Driver/Src/stm32h7xx_hal_qspi.c ****           break;
ARM GAS  C:\Users\12491\AppData\Local\Temp\ccCAIkbk.s 			page 117


 3113              		.loc 1 540 11 view .LVU935
 3114 0060 1368     		ldr	r3, [r2]
 3115              	.LVL210:
 540:Drivers/STM32H7xx_HAL_Driver/Src/stm32h7xx_hal_qspi.c ****           break;
 3116              		.loc 1 540 11 is_stmt 0 view .LVU936
 3117 0062 23F48023 		bic	r3, r3, #262144
 3118 0066 1360     		str	r3, [r2]
 541:Drivers/STM32H7xx_HAL_Driver/Src/stm32h7xx_hal_qspi.c ****         }
 3119              		.loc 1 541 11 is_stmt 1 view .LVU937
 3120 0068 DFE7     		b	.L161
 3121              	.LVL211:
 3122              	.L163:
 527:Drivers/STM32H7xx_HAL_Driver/Src/stm32h7xx_hal_qspi.c ****       {
 3123              		.loc 1 527 54 view .LVU938
 527:Drivers/STM32H7xx_HAL_Driver/Src/stm32h7xx_hal_qspi.c ****       {
 3124              		.loc 1 527 13 is_stmt 0 view .LVU939
 3125 006a 2268     		ldr	r2, [r4]
 3126 006c 9168     		ldr	r1, [r2, #8]
 527:Drivers/STM32H7xx_HAL_Driver/Src/stm32h7xx_hal_qspi.c ****       {
 3127              		.loc 1 527 54 view .LVU940
 3128 006e 11F0040F 		tst	r1, #4
 3129 0072 DAD0     		beq	.L161
 529:Drivers/STM32H7xx_HAL_Driver/Src/stm32h7xx_hal_qspi.c ****         {
 3130              		.loc 1 529 9 is_stmt 1 view .LVU941
 529:Drivers/STM32H7xx_HAL_Driver/Src/stm32h7xx_hal_qspi.c ****         {
 3131              		.loc 1 529 18 is_stmt 0 view .LVU942
 3132 0074 A16B     		ldr	r1, [r4, #56]
 529:Drivers/STM32H7xx_HAL_Driver/Src/stm32h7xx_hal_qspi.c ****         {
 3133              		.loc 1 529 12 view .LVU943
 3134 0076 0029     		cmp	r1, #0
 3135 0078 F2D0     		beq	.L164
 532:Drivers/STM32H7xx_HAL_Driver/Src/stm32h7xx_hal_qspi.c ****           hqspi->pRxBuffPtr++;
 3136              		.loc 1 532 11 is_stmt 1 view .LVU944
 532:Drivers/STM32H7xx_HAL_Driver/Src/stm32h7xx_hal_qspi.c ****           hqspi->pRxBuffPtr++;
 3137              		.loc 1 532 17 is_stmt 0 view .LVU945
 3138 007a 226B     		ldr	r2, [r4, #48]
 532:Drivers/STM32H7xx_HAL_Driver/Src/stm32h7xx_hal_qspi.c ****           hqspi->pRxBuffPtr++;
 3139              		.loc 1 532 32 view .LVU946
 3140 007c 93F82010 		ldrb	r1, [r3, #32]	@ zero_extendqisi2
 532:Drivers/STM32H7xx_HAL_Driver/Src/stm32h7xx_hal_qspi.c ****           hqspi->pRxBuffPtr++;
 3141              		.loc 1 532 30 view .LVU947
 3142 0080 1170     		strb	r1, [r2]
 533:Drivers/STM32H7xx_HAL_Driver/Src/stm32h7xx_hal_qspi.c ****           hqspi->RxXferCount--;
 3143              		.loc 1 533 11 is_stmt 1 view .LVU948
 533:Drivers/STM32H7xx_HAL_Driver/Src/stm32h7xx_hal_qspi.c ****           hqspi->RxXferCount--;
 3144              		.loc 1 533 16 is_stmt 0 view .LVU949
 3145 0082 226B     		ldr	r2, [r4, #48]
 533:Drivers/STM32H7xx_HAL_Driver/Src/stm32h7xx_hal_qspi.c ****           hqspi->RxXferCount--;
 3146              		.loc 1 533 28 view .LVU950
 3147 0084 0132     		adds	r2, r2, #1
 3148 0086 2263     		str	r2, [r4, #48]
 534:Drivers/STM32H7xx_HAL_Driver/Src/stm32h7xx_hal_qspi.c ****         }
 3149              		.loc 1 534 11 is_stmt 1 view .LVU951
 534:Drivers/STM32H7xx_HAL_Driver/Src/stm32h7xx_hal_qspi.c ****         }
 3150              		.loc 1 534 16 is_stmt 0 view .LVU952
 3151 0088 A26B     		ldr	r2, [r4, #56]
 534:Drivers/STM32H7xx_HAL_Driver/Src/stm32h7xx_hal_qspi.c ****         }
ARM GAS  C:\Users\12491\AppData\Local\Temp\ccCAIkbk.s 			page 118


 3152              		.loc 1 534 29 view .LVU953
 3153 008a 013A     		subs	r2, r2, #1
 3154 008c A263     		str	r2, [r4, #56]
 3155 008e ECE7     		b	.L163
 3156              	.LVL212:
 3157              	.L157:
 559:Drivers/STM32H7xx_HAL_Driver/Src/stm32h7xx_hal_qspi.c ****   {
 3158              		.loc 1 559 8 is_stmt 1 view .LVU954
 559:Drivers/STM32H7xx_HAL_Driver/Src/stm32h7xx_hal_qspi.c ****   {
 3159              		.loc 1 559 10 is_stmt 0 view .LVU955
 3160 0090 12F0020F 		tst	r2, #2
 3161 0094 76D0     		beq	.L167
 559:Drivers/STM32H7xx_HAL_Driver/Src/stm32h7xx_hal_qspi.c ****   {
 3162              		.loc 1 559 41 discriminator 1 view .LVU956
 3163 0096 11F4003F 		tst	r1, #131072
 3164 009a 73D0     		beq	.L167
 562:Drivers/STM32H7xx_HAL_Driver/Src/stm32h7xx_hal_qspi.c **** 
 3165              		.loc 1 562 5 is_stmt 1 view .LVU957
 3166 009c 0222     		movs	r2, #2
 3167              	.LVL213:
 562:Drivers/STM32H7xx_HAL_Driver/Src/stm32h7xx_hal_qspi.c **** 
 3168              		.loc 1 562 5 is_stmt 0 view .LVU958
 3169 009e DA60     		str	r2, [r3, #12]
 565:Drivers/STM32H7xx_HAL_Driver/Src/stm32h7xx_hal_qspi.c **** 
 3170              		.loc 1 565 5 is_stmt 1 view .LVU959
 3171 00a0 2268     		ldr	r2, [r4]
 3172 00a2 1368     		ldr	r3, [r2]
 3173 00a4 23F4E023 		bic	r3, r3, #458752
 3174 00a8 1360     		str	r3, [r2]
 568:Drivers/STM32H7xx_HAL_Driver/Src/stm32h7xx_hal_qspi.c ****     {
 3175              		.loc 1 568 5 view .LVU960
 568:Drivers/STM32H7xx_HAL_Driver/Src/stm32h7xx_hal_qspi.c ****     {
 3176              		.loc 1 568 13 is_stmt 0 view .LVU961
 3177 00aa 94F84130 		ldrb	r3, [r4, #65]	@ zero_extendqisi2
 3178 00ae DBB2     		uxtb	r3, r3
 568:Drivers/STM32H7xx_HAL_Driver/Src/stm32h7xx_hal_qspi.c ****     {
 3179              		.loc 1 568 7 view .LVU962
 3180 00b0 122B     		cmp	r3, #18
 3181 00b2 1DD0     		beq	.L183
 591:Drivers/STM32H7xx_HAL_Driver/Src/stm32h7xx_hal_qspi.c ****     {
 3182              		.loc 1 591 10 is_stmt 1 view .LVU963
 591:Drivers/STM32H7xx_HAL_Driver/Src/stm32h7xx_hal_qspi.c ****     {
 3183              		.loc 1 591 18 is_stmt 0 view .LVU964
 3184 00b4 94F84130 		ldrb	r3, [r4, #65]	@ zero_extendqisi2
 3185 00b8 DBB2     		uxtb	r3, r3
 591:Drivers/STM32H7xx_HAL_Driver/Src/stm32h7xx_hal_qspi.c ****     {
 3186              		.loc 1 591 12 view .LVU965
 3187 00ba 222B     		cmp	r3, #34
 3188 00bc 2ED0     		beq	.L184
 633:Drivers/STM32H7xx_HAL_Driver/Src/stm32h7xx_hal_qspi.c ****     {
 3189              		.loc 1 633 10 is_stmt 1 view .LVU966
 633:Drivers/STM32H7xx_HAL_Driver/Src/stm32h7xx_hal_qspi.c ****     {
 3190              		.loc 1 633 18 is_stmt 0 view .LVU967
 3191 00be 94F84130 		ldrb	r3, [r4, #65]	@ zero_extendqisi2
 3192 00c2 DBB2     		uxtb	r3, r3
 633:Drivers/STM32H7xx_HAL_Driver/Src/stm32h7xx_hal_qspi.c ****     {
 3193              		.loc 1 633 12 view .LVU968
ARM GAS  C:\Users\12491\AppData\Local\Temp\ccCAIkbk.s 			page 119


 3194 00c4 022B     		cmp	r3, #2
 3195 00c6 52D0     		beq	.L185
 645:Drivers/STM32H7xx_HAL_Driver/Src/stm32h7xx_hal_qspi.c ****     {
 3196              		.loc 1 645 10 is_stmt 1 view .LVU969
 645:Drivers/STM32H7xx_HAL_Driver/Src/stm32h7xx_hal_qspi.c ****     {
 3197              		.loc 1 645 18 is_stmt 0 view .LVU970
 3198 00c8 94F84130 		ldrb	r3, [r4, #65]	@ zero_extendqisi2
 3199 00cc DBB2     		uxtb	r3, r3
 645:Drivers/STM32H7xx_HAL_Driver/Src/stm32h7xx_hal_qspi.c ****     {
 3200              		.loc 1 645 12 view .LVU971
 3201 00ce 082B     		cmp	r3, #8
 3202 00d0 AED1     		bne	.L156
 648:Drivers/STM32H7xx_HAL_Driver/Src/stm32h7xx_hal_qspi.c **** 
 3203              		.loc 1 648 7 is_stmt 1 view .LVU972
 3204 00d2 2268     		ldr	r2, [r4]
 3205 00d4 5369     		ldr	r3, [r2, #20]
 3206 00d6 23F04063 		bic	r3, r3, #201326592
 3207 00da 5361     		str	r3, [r2, #20]
 651:Drivers/STM32H7xx_HAL_Driver/Src/stm32h7xx_hal_qspi.c **** 
 3208              		.loc 1 651 7 view .LVU973
 651:Drivers/STM32H7xx_HAL_Driver/Src/stm32h7xx_hal_qspi.c **** 
 3209              		.loc 1 651 20 is_stmt 0 view .LVU974
 3210 00dc 0123     		movs	r3, #1
 3211 00de 84F84130 		strb	r3, [r4, #65]
 653:Drivers/STM32H7xx_HAL_Driver/Src/stm32h7xx_hal_qspi.c ****       {
 3212              		.loc 1 653 7 is_stmt 1 view .LVU975
 653:Drivers/STM32H7xx_HAL_Driver/Src/stm32h7xx_hal_qspi.c ****       {
 3213              		.loc 1 653 16 is_stmt 0 view .LVU976
 3214 00e2 636C     		ldr	r3, [r4, #68]
 653:Drivers/STM32H7xx_HAL_Driver/Src/stm32h7xx_hal_qspi.c ****       {
 3215              		.loc 1 653 10 view .LVU977
 3216 00e4 002B     		cmp	r3, #0
 3217 00e6 49D1     		bne	.L175
 661:Drivers/STM32H7xx_HAL_Driver/Src/stm32h7xx_hal_qspi.c **** #endif
 3218              		.loc 1 661 9 is_stmt 1 view .LVU978
 3219 00e8 2046     		mov	r0, r4
 3220              	.LVL214:
 661:Drivers/STM32H7xx_HAL_Driver/Src/stm32h7xx_hal_qspi.c **** #endif
 3221              		.loc 1 661 9 is_stmt 0 view .LVU979
 3222 00ea FFF7FEFF 		bl	HAL_QSPI_AbortCpltCallback
 3223              	.LVL215:
 661:Drivers/STM32H7xx_HAL_Driver/Src/stm32h7xx_hal_qspi.c **** #endif
 3224              		.loc 1 661 9 view .LVU980
 3225 00ee 9FE7     		b	.L156
 3226              	.LVL216:
 3227              	.L183:
 570:Drivers/STM32H7xx_HAL_Driver/Src/stm32h7xx_hal_qspi.c ****       {
 3228              		.loc 1 570 7 is_stmt 1 view .LVU981
 570:Drivers/STM32H7xx_HAL_Driver/Src/stm32h7xx_hal_qspi.c ****       {
 3229              		.loc 1 570 17 is_stmt 0 view .LVU982
 3230 00f0 2368     		ldr	r3, [r4]
 570:Drivers/STM32H7xx_HAL_Driver/Src/stm32h7xx_hal_qspi.c ****       {
 3231              		.loc 1 570 27 view .LVU983
 3232 00f2 1A68     		ldr	r2, [r3]
 570:Drivers/STM32H7xx_HAL_Driver/Src/stm32h7xx_hal_qspi.c ****       {
 3233              		.loc 1 570 10 view .LVU984
 3234 00f4 12F0040F 		tst	r2, #4
ARM GAS  C:\Users\12491\AppData\Local\Temp\ccCAIkbk.s 			page 120


 3235 00f8 09D0     		beq	.L169
 574:Drivers/STM32H7xx_HAL_Driver/Src/stm32h7xx_hal_qspi.c **** 
 3236              		.loc 1 574 9 is_stmt 1 view .LVU985
 3237 00fa 1A68     		ldr	r2, [r3]
 3238 00fc 22F00402 		bic	r2, r2, #4
 3239 0100 1A60     		str	r2, [r3]
 577:Drivers/STM32H7xx_HAL_Driver/Src/stm32h7xx_hal_qspi.c ****       }
 3240              		.loc 1 577 9 view .LVU986
 3241 0102 E36B     		ldr	r3, [r4, #60]
 3242 0104 1A68     		ldr	r2, [r3]
 3243 0106 D368     		ldr	r3, [r2, #12]
 3244 0108 23F00103 		bic	r3, r3, #1
 3245 010c D360     		str	r3, [r2, #12]
 3246              	.L169:
 582:Drivers/STM32H7xx_HAL_Driver/Src/stm32h7xx_hal_qspi.c **** 
 3247              		.loc 1 582 7 view .LVU987
 582:Drivers/STM32H7xx_HAL_Driver/Src/stm32h7xx_hal_qspi.c **** 
 3248              		.loc 1 582 20 is_stmt 0 view .LVU988
 3249 010e 0123     		movs	r3, #1
 3250 0110 84F84130 		strb	r3, [r4, #65]
 588:Drivers/STM32H7xx_HAL_Driver/Src/stm32h7xx_hal_qspi.c **** #endif
 3251              		.loc 1 588 7 is_stmt 1 view .LVU989
 3252 0114 2046     		mov	r0, r4
 3253              	.LVL217:
 588:Drivers/STM32H7xx_HAL_Driver/Src/stm32h7xx_hal_qspi.c **** #endif
 3254              		.loc 1 588 7 is_stmt 0 view .LVU990
 3255 0116 FFF7FEFF 		bl	HAL_QSPI_TxCpltCallback
 3256              	.LVL218:
 588:Drivers/STM32H7xx_HAL_Driver/Src/stm32h7xx_hal_qspi.c **** #endif
 3257              		.loc 1 588 7 view .LVU991
 3258 011a 89E7     		b	.L156
 3259              	.LVL219:
 3260              	.L184:
 593:Drivers/STM32H7xx_HAL_Driver/Src/stm32h7xx_hal_qspi.c ****       {
 3261              		.loc 1 593 7 is_stmt 1 view .LVU992
 593:Drivers/STM32H7xx_HAL_Driver/Src/stm32h7xx_hal_qspi.c ****       {
 3262              		.loc 1 593 17 is_stmt 0 view .LVU993
 3263 011c 2168     		ldr	r1, [r4]
 3264              	.LVL220:
 593:Drivers/STM32H7xx_HAL_Driver/Src/stm32h7xx_hal_qspi.c ****       {
 3265              		.loc 1 593 27 view .LVU994
 3266 011e 0B68     		ldr	r3, [r1]
 593:Drivers/STM32H7xx_HAL_Driver/Src/stm32h7xx_hal_qspi.c ****       {
 3267              		.loc 1 593 10 view .LVU995
 3268 0120 13F0040F 		tst	r3, #4
 3269 0124 10D0     		beq	.L171
 597:Drivers/STM32H7xx_HAL_Driver/Src/stm32h7xx_hal_qspi.c **** 
 3270              		.loc 1 597 9 is_stmt 1 view .LVU996
 3271 0126 0B68     		ldr	r3, [r1]
 3272 0128 23F00403 		bic	r3, r3, #4
 3273 012c 0B60     		str	r3, [r1]
 600:Drivers/STM32H7xx_HAL_Driver/Src/stm32h7xx_hal_qspi.c ****       }
 3274              		.loc 1 600 9 view .LVU997
 3275 012e E36B     		ldr	r3, [r4, #60]
 3276 0130 1A68     		ldr	r2, [r3]
 3277 0132 D368     		ldr	r3, [r2, #12]
 3278 0134 23F00103 		bic	r3, r3, #1
ARM GAS  C:\Users\12491\AppData\Local\Temp\ccCAIkbk.s 			page 121


 3279 0138 D360     		str	r3, [r2, #12]
 3280              	.L172:
 624:Drivers/STM32H7xx_HAL_Driver/Src/stm32h7xx_hal_qspi.c **** 
 3281              		.loc 1 624 7 view .LVU998
 624:Drivers/STM32H7xx_HAL_Driver/Src/stm32h7xx_hal_qspi.c **** 
 3282              		.loc 1 624 20 is_stmt 0 view .LVU999
 3283 013a 0123     		movs	r3, #1
 3284 013c 84F84130 		strb	r3, [r4, #65]
 630:Drivers/STM32H7xx_HAL_Driver/Src/stm32h7xx_hal_qspi.c **** #endif
 3285              		.loc 1 630 7 is_stmt 1 view .LVU1000
 3286 0140 2046     		mov	r0, r4
 3287              	.LVL221:
 630:Drivers/STM32H7xx_HAL_Driver/Src/stm32h7xx_hal_qspi.c **** #endif
 3288              		.loc 1 630 7 is_stmt 0 view .LVU1001
 3289 0142 FFF7FEFF 		bl	HAL_QSPI_RxCpltCallback
 3290              	.LVL222:
 3291 0146 73E7     		b	.L156
 3292              	.LVL223:
 3293              	.L171:
 605:Drivers/STM32H7xx_HAL_Driver/Src/stm32h7xx_hal_qspi.c ****         {
 3294              		.loc 1 605 64 is_stmt 1 view .LVU1002
 605:Drivers/STM32H7xx_HAL_Driver/Src/stm32h7xx_hal_qspi.c ****         {
 3295              		.loc 1 605 15 is_stmt 0 view .LVU1003
 3296 0148 2368     		ldr	r3, [r4]
 3297 014a 9B68     		ldr	r3, [r3, #8]
 605:Drivers/STM32H7xx_HAL_Driver/Src/stm32h7xx_hal_qspi.c ****         {
 3298              		.loc 1 605 64 view .LVU1004
 3299 014c 13F47C5F 		tst	r3, #16128
 3300 0150 F3D0     		beq	.L172
 607:Drivers/STM32H7xx_HAL_Driver/Src/stm32h7xx_hal_qspi.c ****           {
 3301              		.loc 1 607 11 is_stmt 1 view .LVU1005
 607:Drivers/STM32H7xx_HAL_Driver/Src/stm32h7xx_hal_qspi.c ****           {
 3302              		.loc 1 607 20 is_stmt 0 view .LVU1006
 3303 0152 A36B     		ldr	r3, [r4, #56]
 607:Drivers/STM32H7xx_HAL_Driver/Src/stm32h7xx_hal_qspi.c ****           {
 3304              		.loc 1 607 14 view .LVU1007
 3305 0154 002B     		cmp	r3, #0
 3306 0156 F0D0     		beq	.L172
 610:Drivers/STM32H7xx_HAL_Driver/Src/stm32h7xx_hal_qspi.c ****             hqspi->pRxBuffPtr++;
 3307              		.loc 1 610 13 is_stmt 1 view .LVU1008
 610:Drivers/STM32H7xx_HAL_Driver/Src/stm32h7xx_hal_qspi.c ****             hqspi->pRxBuffPtr++;
 3308              		.loc 1 610 19 is_stmt 0 view .LVU1009
 3309 0158 236B     		ldr	r3, [r4, #48]
 610:Drivers/STM32H7xx_HAL_Driver/Src/stm32h7xx_hal_qspi.c ****             hqspi->pRxBuffPtr++;
 3310              		.loc 1 610 34 view .LVU1010
 3311 015a 91F82020 		ldrb	r2, [r1, #32]	@ zero_extendqisi2
 610:Drivers/STM32H7xx_HAL_Driver/Src/stm32h7xx_hal_qspi.c ****             hqspi->pRxBuffPtr++;
 3312              		.loc 1 610 32 view .LVU1011
 3313 015e 1A70     		strb	r2, [r3]
 611:Drivers/STM32H7xx_HAL_Driver/Src/stm32h7xx_hal_qspi.c ****             hqspi->RxXferCount--;
 3314              		.loc 1 611 13 is_stmt 1 view .LVU1012
 611:Drivers/STM32H7xx_HAL_Driver/Src/stm32h7xx_hal_qspi.c ****             hqspi->RxXferCount--;
 3315              		.loc 1 611 18 is_stmt 0 view .LVU1013
 3316 0160 236B     		ldr	r3, [r4, #48]
 611:Drivers/STM32H7xx_HAL_Driver/Src/stm32h7xx_hal_qspi.c ****             hqspi->RxXferCount--;
 3317              		.loc 1 611 30 view .LVU1014
 3318 0162 0133     		adds	r3, r3, #1
ARM GAS  C:\Users\12491\AppData\Local\Temp\ccCAIkbk.s 			page 122


 3319 0164 2363     		str	r3, [r4, #48]
 612:Drivers/STM32H7xx_HAL_Driver/Src/stm32h7xx_hal_qspi.c ****           }
 3320              		.loc 1 612 13 is_stmt 1 view .LVU1015
 612:Drivers/STM32H7xx_HAL_Driver/Src/stm32h7xx_hal_qspi.c ****           }
 3321              		.loc 1 612 18 is_stmt 0 view .LVU1016
 3322 0166 A36B     		ldr	r3, [r4, #56]
 612:Drivers/STM32H7xx_HAL_Driver/Src/stm32h7xx_hal_qspi.c ****           }
 3323              		.loc 1 612 31 view .LVU1017
 3324 0168 013B     		subs	r3, r3, #1
 3325 016a A363     		str	r3, [r4, #56]
 3326 016c ECE7     		b	.L171
 3327              	.LVL224:
 3328              	.L185:
 636:Drivers/STM32H7xx_HAL_Driver/Src/stm32h7xx_hal_qspi.c **** 
 3329              		.loc 1 636 7 is_stmt 1 view .LVU1018
 636:Drivers/STM32H7xx_HAL_Driver/Src/stm32h7xx_hal_qspi.c **** 
 3330              		.loc 1 636 20 is_stmt 0 view .LVU1019
 3331 016e 0123     		movs	r3, #1
 3332 0170 84F84130 		strb	r3, [r4, #65]
 642:Drivers/STM32H7xx_HAL_Driver/Src/stm32h7xx_hal_qspi.c **** #endif
 3333              		.loc 1 642 7 is_stmt 1 view .LVU1020
 3334 0174 2046     		mov	r0, r4
 3335              	.LVL225:
 642:Drivers/STM32H7xx_HAL_Driver/Src/stm32h7xx_hal_qspi.c **** #endif
 3336              		.loc 1 642 7 is_stmt 0 view .LVU1021
 3337 0176 FFF7FEFF 		bl	HAL_QSPI_CmdCpltCallback
 3338              	.LVL226:
 642:Drivers/STM32H7xx_HAL_Driver/Src/stm32h7xx_hal_qspi.c **** #endif
 3339              		.loc 1 642 7 view .LVU1022
 3340 017a 59E7     		b	.L156
 3341              	.LVL227:
 3342              	.L175:
 672:Drivers/STM32H7xx_HAL_Driver/Src/stm32h7xx_hal_qspi.c **** #endif
 3343              		.loc 1 672 9 is_stmt 1 view .LVU1023
 3344 017c 2046     		mov	r0, r4
 3345              	.LVL228:
 672:Drivers/STM32H7xx_HAL_Driver/Src/stm32h7xx_hal_qspi.c **** #endif
 3346              		.loc 1 672 9 is_stmt 0 view .LVU1024
 3347 017e FFF7FEFF 		bl	HAL_QSPI_ErrorCallback
 3348              	.LVL229:
 672:Drivers/STM32H7xx_HAL_Driver/Src/stm32h7xx_hal_qspi.c **** #endif
 3349              		.loc 1 672 9 view .LVU1025
 3350 0182 55E7     		b	.L156
 3351              	.LVL230:
 3352              	.L167:
 683:Drivers/STM32H7xx_HAL_Driver/Src/stm32h7xx_hal_qspi.c ****   {
 3353              		.loc 1 683 8 is_stmt 1 view .LVU1026
 683:Drivers/STM32H7xx_HAL_Driver/Src/stm32h7xx_hal_qspi.c ****   {
 3354              		.loc 1 683 10 is_stmt 0 view .LVU1027
 3355 0184 12F0080F 		tst	r2, #8
 3356 0188 14D0     		beq	.L176
 683:Drivers/STM32H7xx_HAL_Driver/Src/stm32h7xx_hal_qspi.c ****   {
 3357              		.loc 1 683 41 discriminator 1 view .LVU1028
 3358 018a 11F4002F 		tst	r1, #524288
 3359 018e 11D0     		beq	.L176
 686:Drivers/STM32H7xx_HAL_Driver/Src/stm32h7xx_hal_qspi.c **** 
 3360              		.loc 1 686 5 is_stmt 1 view .LVU1029
ARM GAS  C:\Users\12491\AppData\Local\Temp\ccCAIkbk.s 			page 123


 3361 0190 0822     		movs	r2, #8
 3362              	.LVL231:
 686:Drivers/STM32H7xx_HAL_Driver/Src/stm32h7xx_hal_qspi.c **** 
 3363              		.loc 1 686 5 is_stmt 0 view .LVU1030
 3364 0192 DA60     		str	r2, [r3, #12]
 689:Drivers/STM32H7xx_HAL_Driver/Src/stm32h7xx_hal_qspi.c ****     {
 3365              		.loc 1 689 5 is_stmt 1 view .LVU1031
 689:Drivers/STM32H7xx_HAL_Driver/Src/stm32h7xx_hal_qspi.c ****     {
 3366              		.loc 1 689 8 is_stmt 0 view .LVU1032
 3367 0194 2368     		ldr	r3, [r4]
 3368 0196 1A68     		ldr	r2, [r3]
 689:Drivers/STM32H7xx_HAL_Driver/Src/stm32h7xx_hal_qspi.c ****     {
 3369              		.loc 1 689 7 view .LVU1033
 3370 0198 12F4800F 		tst	r2, #4194304
 3371 019c 06D0     		beq	.L177
 692:Drivers/STM32H7xx_HAL_Driver/Src/stm32h7xx_hal_qspi.c **** 
 3372              		.loc 1 692 7 is_stmt 1 view .LVU1034
 3373 019e 1A68     		ldr	r2, [r3]
 3374 01a0 22F41022 		bic	r2, r2, #589824
 3375 01a4 1A60     		str	r2, [r3]
 695:Drivers/STM32H7xx_HAL_Driver/Src/stm32h7xx_hal_qspi.c ****     }
 3376              		.loc 1 695 7 view .LVU1035
 695:Drivers/STM32H7xx_HAL_Driver/Src/stm32h7xx_hal_qspi.c ****     }
 3377              		.loc 1 695 20 is_stmt 0 view .LVU1036
 3378 01a6 0123     		movs	r3, #1
 3379 01a8 84F84130 		strb	r3, [r4, #65]
 3380              	.L177:
 702:Drivers/STM32H7xx_HAL_Driver/Src/stm32h7xx_hal_qspi.c **** #endif
 3381              		.loc 1 702 5 is_stmt 1 view .LVU1037
 3382 01ac 2046     		mov	r0, r4
 3383              	.LVL232:
 702:Drivers/STM32H7xx_HAL_Driver/Src/stm32h7xx_hal_qspi.c **** #endif
 3384              		.loc 1 702 5 is_stmt 0 view .LVU1038
 3385 01ae FFF7FEFF 		bl	HAL_QSPI_StatusMatchCallback
 3386              	.LVL233:
 702:Drivers/STM32H7xx_HAL_Driver/Src/stm32h7xx_hal_qspi.c **** #endif
 3387              		.loc 1 702 5 view .LVU1039
 3388 01b2 3DE7     		b	.L156
 3389              	.LVL234:
 3390              	.L176:
 707:Drivers/STM32H7xx_HAL_Driver/Src/stm32h7xx_hal_qspi.c ****   {
 3391              		.loc 1 707 8 is_stmt 1 view .LVU1040
 707:Drivers/STM32H7xx_HAL_Driver/Src/stm32h7xx_hal_qspi.c ****   {
 3392              		.loc 1 707 10 is_stmt 0 view .LVU1041
 3393 01b4 12F0010F 		tst	r2, #1
 3394 01b8 31D0     		beq	.L178
 707:Drivers/STM32H7xx_HAL_Driver/Src/stm32h7xx_hal_qspi.c ****   {
 3395              		.loc 1 707 41 discriminator 1 view .LVU1042
 3396 01ba 11F4803F 		tst	r1, #65536
 3397 01be 2ED0     		beq	.L178
 710:Drivers/STM32H7xx_HAL_Driver/Src/stm32h7xx_hal_qspi.c **** 
 3398              		.loc 1 710 5 is_stmt 1 view .LVU1043
 3399 01c0 0122     		movs	r2, #1
 3400              	.LVL235:
 710:Drivers/STM32H7xx_HAL_Driver/Src/stm32h7xx_hal_qspi.c **** 
 3401              		.loc 1 710 5 is_stmt 0 view .LVU1044
 3402 01c2 DA60     		str	r2, [r3, #12]
ARM GAS  C:\Users\12491\AppData\Local\Temp\ccCAIkbk.s 			page 124


 713:Drivers/STM32H7xx_HAL_Driver/Src/stm32h7xx_hal_qspi.c **** 
 3403              		.loc 1 713 5 is_stmt 1 view .LVU1045
 3404 01c4 2268     		ldr	r2, [r4]
 3405 01c6 1368     		ldr	r3, [r2]
 3406 01c8 23F47023 		bic	r3, r3, #983040
 3407 01cc 1360     		str	r3, [r2]
 716:Drivers/STM32H7xx_HAL_Driver/Src/stm32h7xx_hal_qspi.c **** 
 3408              		.loc 1 716 5 view .LVU1046
 716:Drivers/STM32H7xx_HAL_Driver/Src/stm32h7xx_hal_qspi.c **** 
 3409              		.loc 1 716 10 is_stmt 0 view .LVU1047
 3410 01ce 636C     		ldr	r3, [r4, #68]
 716:Drivers/STM32H7xx_HAL_Driver/Src/stm32h7xx_hal_qspi.c **** 
 3411              		.loc 1 716 22 view .LVU1048
 3412 01d0 43F00203 		orr	r3, r3, #2
 3413 01d4 6364     		str	r3, [r4, #68]
 718:Drivers/STM32H7xx_HAL_Driver/Src/stm32h7xx_hal_qspi.c ****     {
 3414              		.loc 1 718 5 is_stmt 1 view .LVU1049
 718:Drivers/STM32H7xx_HAL_Driver/Src/stm32h7xx_hal_qspi.c ****     {
 3415              		.loc 1 718 15 is_stmt 0 view .LVU1050
 3416 01d6 2368     		ldr	r3, [r4]
 718:Drivers/STM32H7xx_HAL_Driver/Src/stm32h7xx_hal_qspi.c ****     {
 3417              		.loc 1 718 25 view .LVU1051
 3418 01d8 1A68     		ldr	r2, [r3]
 718:Drivers/STM32H7xx_HAL_Driver/Src/stm32h7xx_hal_qspi.c ****     {
 3419              		.loc 1 718 8 view .LVU1052
 3420 01da 12F0040F 		tst	r2, #4
 3421 01de 17D0     		beq	.L179
 722:Drivers/STM32H7xx_HAL_Driver/Src/stm32h7xx_hal_qspi.c **** 
 3422              		.loc 1 722 7 is_stmt 1 view .LVU1053
 3423 01e0 1A68     		ldr	r2, [r3]
 3424 01e2 22F00402 		bic	r2, r2, #4
 3425 01e6 1A60     		str	r2, [r3]
 725:Drivers/STM32H7xx_HAL_Driver/Src/stm32h7xx_hal_qspi.c ****       if (HAL_MDMA_Abort_IT(hqspi->hmdma) != HAL_OK)
 3426              		.loc 1 725 7 view .LVU1054
 725:Drivers/STM32H7xx_HAL_Driver/Src/stm32h7xx_hal_qspi.c ****       if (HAL_MDMA_Abort_IT(hqspi->hmdma) != HAL_OK)
 3427              		.loc 1 725 12 is_stmt 0 view .LVU1055
 3428 01e8 E36B     		ldr	r3, [r4, #60]
 725:Drivers/STM32H7xx_HAL_Driver/Src/stm32h7xx_hal_qspi.c ****       if (HAL_MDMA_Abort_IT(hqspi->hmdma) != HAL_OK)
 3429              		.loc 1 725 39 view .LVU1056
 3430 01ea 144A     		ldr	r2, .L186
 3431 01ec 9A65     		str	r2, [r3, #88]
 726:Drivers/STM32H7xx_HAL_Driver/Src/stm32h7xx_hal_qspi.c ****       {
 3432              		.loc 1 726 7 is_stmt 1 view .LVU1057
 726:Drivers/STM32H7xx_HAL_Driver/Src/stm32h7xx_hal_qspi.c ****       {
 3433              		.loc 1 726 11 is_stmt 0 view .LVU1058
 3434 01ee E06B     		ldr	r0, [r4, #60]
 3435              	.LVL236:
 726:Drivers/STM32H7xx_HAL_Driver/Src/stm32h7xx_hal_qspi.c ****       {
 3436              		.loc 1 726 11 view .LVU1059
 3437 01f0 FFF7FEFF 		bl	HAL_MDMA_Abort_IT
 3438              	.LVL237:
 726:Drivers/STM32H7xx_HAL_Driver/Src/stm32h7xx_hal_qspi.c ****       {
 3439              		.loc 1 726 10 discriminator 1 view .LVU1060
 3440 01f4 0028     		cmp	r0, #0
 3441 01f6 3FF41BAF 		beq	.L156
 729:Drivers/STM32H7xx_HAL_Driver/Src/stm32h7xx_hal_qspi.c **** 
 3442              		.loc 1 729 9 is_stmt 1 view .LVU1061
ARM GAS  C:\Users\12491\AppData\Local\Temp\ccCAIkbk.s 			page 125


 729:Drivers/STM32H7xx_HAL_Driver/Src/stm32h7xx_hal_qspi.c **** 
 3443              		.loc 1 729 14 is_stmt 0 view .LVU1062
 3444 01fa 636C     		ldr	r3, [r4, #68]
 729:Drivers/STM32H7xx_HAL_Driver/Src/stm32h7xx_hal_qspi.c **** 
 3445              		.loc 1 729 26 view .LVU1063
 3446 01fc 43F00403 		orr	r3, r3, #4
 3447 0200 6364     		str	r3, [r4, #68]
 732:Drivers/STM32H7xx_HAL_Driver/Src/stm32h7xx_hal_qspi.c **** 
 3448              		.loc 1 732 9 is_stmt 1 view .LVU1064
 732:Drivers/STM32H7xx_HAL_Driver/Src/stm32h7xx_hal_qspi.c **** 
 3449              		.loc 1 732 22 is_stmt 0 view .LVU1065
 3450 0202 0123     		movs	r3, #1
 3451 0204 84F84130 		strb	r3, [r4, #65]
 738:Drivers/STM32H7xx_HAL_Driver/Src/stm32h7xx_hal_qspi.c **** #endif
 3452              		.loc 1 738 9 is_stmt 1 view .LVU1066
 3453 0208 2046     		mov	r0, r4
 3454 020a FFF7FEFF 		bl	HAL_QSPI_ErrorCallback
 3455              	.LVL238:
 3456 020e 0FE7     		b	.L156
 3457              	.LVL239:
 3458              	.L179:
 745:Drivers/STM32H7xx_HAL_Driver/Src/stm32h7xx_hal_qspi.c **** 
 3459              		.loc 1 745 7 view .LVU1067
 745:Drivers/STM32H7xx_HAL_Driver/Src/stm32h7xx_hal_qspi.c **** 
 3460              		.loc 1 745 20 is_stmt 0 view .LVU1068
 3461 0210 0123     		movs	r3, #1
 3462 0212 84F84130 		strb	r3, [r4, #65]
 751:Drivers/STM32H7xx_HAL_Driver/Src/stm32h7xx_hal_qspi.c **** #endif
 3463              		.loc 1 751 7 is_stmt 1 view .LVU1069
 3464 0216 2046     		mov	r0, r4
 3465              	.LVL240:
 751:Drivers/STM32H7xx_HAL_Driver/Src/stm32h7xx_hal_qspi.c **** #endif
 3466              		.loc 1 751 7 is_stmt 0 view .LVU1070
 3467 0218 FFF7FEFF 		bl	HAL_QSPI_ErrorCallback
 3468              	.LVL241:
 751:Drivers/STM32H7xx_HAL_Driver/Src/stm32h7xx_hal_qspi.c **** #endif
 3469              		.loc 1 751 7 view .LVU1071
 3470 021c 08E7     		b	.L156
 3471              	.LVL242:
 3472              	.L178:
 757:Drivers/STM32H7xx_HAL_Driver/Src/stm32h7xx_hal_qspi.c ****   {
 3473              		.loc 1 757 8 is_stmt 1 view .LVU1072
 757:Drivers/STM32H7xx_HAL_Driver/Src/stm32h7xx_hal_qspi.c ****   {
 3474              		.loc 1 757 10 is_stmt 0 view .LVU1073
 3475 021e 12F0100F 		tst	r2, #16
 3476 0222 3FF405AF 		beq	.L156
 757:Drivers/STM32H7xx_HAL_Driver/Src/stm32h7xx_hal_qspi.c ****   {
 3477              		.loc 1 757 41 discriminator 1 view .LVU1074
 3478 0226 11F4801F 		tst	r1, #1048576
 3479 022a 3FF401AF 		beq	.L156
 760:Drivers/STM32H7xx_HAL_Driver/Src/stm32h7xx_hal_qspi.c **** 
 3480              		.loc 1 760 5 is_stmt 1 view .LVU1075
 3481 022e 1022     		movs	r2, #16
 3482              	.LVL243:
 760:Drivers/STM32H7xx_HAL_Driver/Src/stm32h7xx_hal_qspi.c **** 
 3483              		.loc 1 760 5 is_stmt 0 view .LVU1076
 3484 0230 DA60     		str	r2, [r3, #12]
ARM GAS  C:\Users\12491\AppData\Local\Temp\ccCAIkbk.s 			page 126


 766:Drivers/STM32H7xx_HAL_Driver/Src/stm32h7xx_hal_qspi.c **** #endif
 3485              		.loc 1 766 5 is_stmt 1 view .LVU1077
 3486 0232 2046     		mov	r0, r4
 3487              	.LVL244:
 766:Drivers/STM32H7xx_HAL_Driver/Src/stm32h7xx_hal_qspi.c **** #endif
 3488              		.loc 1 766 5 is_stmt 0 view .LVU1078
 3489 0234 FFF7FEFF 		bl	HAL_QSPI_TimeOutCallback
 3490              	.LVL245:
 773:Drivers/STM32H7xx_HAL_Driver/Src/stm32h7xx_hal_qspi.c **** }
 3491              		.loc 1 773 3 is_stmt 1 view .LVU1079
 774:Drivers/STM32H7xx_HAL_Driver/Src/stm32h7xx_hal_qspi.c **** 
 3492              		.loc 1 774 1 is_stmt 0 view .LVU1080
 3493 0238 FAE6     		b	.L156
 3494              	.L187:
 3495 023a 00BF     		.align	2
 3496              	.L186:
 3497 023c 00000000 		.word	QSPI_DMAAbortCplt
 3498              		.cfi_endproc
 3499              	.LFE148:
 3501              		.section	.text.HAL_QSPI_GetState,"ax",%progbits
 3502              		.align	1
 3503              		.global	HAL_QSPI_GetState
 3504              		.syntax unified
 3505              		.thumb
 3506              		.thumb_func
 3508              	HAL_QSPI_GetState:
 3509              	.LVL246:
 3510              	.LFB168:
2139:Drivers/STM32H7xx_HAL_Driver/Src/stm32h7xx_hal_qspi.c ****   /* Return QSPI handle state */
 3511              		.loc 1 2139 1 is_stmt 1 view -0
 3512              		.cfi_startproc
 3513              		@ args = 0, pretend = 0, frame = 0
 3514              		@ frame_needed = 0, uses_anonymous_args = 0
 3515              		@ link register save eliminated.
2141:Drivers/STM32H7xx_HAL_Driver/Src/stm32h7xx_hal_qspi.c **** }
 3516              		.loc 1 2141 3 view .LVU1082
2141:Drivers/STM32H7xx_HAL_Driver/Src/stm32h7xx_hal_qspi.c **** }
 3517              		.loc 1 2141 15 is_stmt 0 view .LVU1083
 3518 0000 90F84100 		ldrb	r0, [r0, #65]	@ zero_extendqisi2
 3519              	.LVL247:
2142:Drivers/STM32H7xx_HAL_Driver/Src/stm32h7xx_hal_qspi.c **** 
 3520              		.loc 1 2142 1 view .LVU1084
 3521 0004 7047     		bx	lr
 3522              		.cfi_endproc
 3523              	.LFE168:
 3525              		.section	.text.HAL_QSPI_GetError,"ax",%progbits
 3526              		.align	1
 3527              		.global	HAL_QSPI_GetError
 3528              		.syntax unified
 3529              		.thumb
 3530              		.thumb_func
 3532              	HAL_QSPI_GetError:
 3533              	.LVL248:
 3534              	.LFB169:
2150:Drivers/STM32H7xx_HAL_Driver/Src/stm32h7xx_hal_qspi.c ****   return hqspi->ErrorCode;
 3535              		.loc 1 2150 1 is_stmt 1 view -0
 3536              		.cfi_startproc
ARM GAS  C:\Users\12491\AppData\Local\Temp\ccCAIkbk.s 			page 127


 3537              		@ args = 0, pretend = 0, frame = 0
 3538              		@ frame_needed = 0, uses_anonymous_args = 0
 3539              		@ link register save eliminated.
2151:Drivers/STM32H7xx_HAL_Driver/Src/stm32h7xx_hal_qspi.c **** }
 3540              		.loc 1 2151 3 view .LVU1086
2151:Drivers/STM32H7xx_HAL_Driver/Src/stm32h7xx_hal_qspi.c **** }
 3541              		.loc 1 2151 15 is_stmt 0 view .LVU1087
 3542 0000 406C     		ldr	r0, [r0, #68]
 3543              	.LVL249:
2152:Drivers/STM32H7xx_HAL_Driver/Src/stm32h7xx_hal_qspi.c **** 
 3544              		.loc 1 2152 1 view .LVU1088
 3545 0002 7047     		bx	lr
 3546              		.cfi_endproc
 3547              	.LFE169:
 3549              		.section	.text.HAL_QSPI_Abort,"ax",%progbits
 3550              		.align	1
 3551              		.global	HAL_QSPI_Abort
 3552              		.syntax unified
 3553              		.thumb
 3554              		.thumb_func
 3556              	HAL_QSPI_Abort:
 3557              	.LVL250:
 3558              	.LFB170:
2160:Drivers/STM32H7xx_HAL_Driver/Src/stm32h7xx_hal_qspi.c ****   HAL_StatusTypeDef status = HAL_OK;
 3559              		.loc 1 2160 1 is_stmt 1 view -0
 3560              		.cfi_startproc
 3561              		@ args = 0, pretend = 0, frame = 0
 3562              		@ frame_needed = 0, uses_anonymous_args = 0
2160:Drivers/STM32H7xx_HAL_Driver/Src/stm32h7xx_hal_qspi.c ****   HAL_StatusTypeDef status = HAL_OK;
 3563              		.loc 1 2160 1 is_stmt 0 view .LVU1090
 3564 0000 30B5     		push	{r4, r5, lr}
 3565              	.LCFI47:
 3566              		.cfi_def_cfa_offset 12
 3567              		.cfi_offset 4, -12
 3568              		.cfi_offset 5, -8
 3569              		.cfi_offset 14, -4
 3570 0002 83B0     		sub	sp, sp, #12
 3571              	.LCFI48:
 3572              		.cfi_def_cfa_offset 24
 3573 0004 0446     		mov	r4, r0
2161:Drivers/STM32H7xx_HAL_Driver/Src/stm32h7xx_hal_qspi.c ****   uint32_t tickstart = HAL_GetTick();
 3574              		.loc 1 2161 3 is_stmt 1 view .LVU1091
 3575              	.LVL251:
2162:Drivers/STM32H7xx_HAL_Driver/Src/stm32h7xx_hal_qspi.c **** 
 3576              		.loc 1 2162 3 view .LVU1092
2162:Drivers/STM32H7xx_HAL_Driver/Src/stm32h7xx_hal_qspi.c **** 
 3577              		.loc 1 2162 24 is_stmt 0 view .LVU1093
 3578 0006 FFF7FEFF 		bl	HAL_GetTick
 3579              	.LVL252:
2162:Drivers/STM32H7xx_HAL_Driver/Src/stm32h7xx_hal_qspi.c **** 
 3580              		.loc 1 2162 24 view .LVU1094
 3581 000a 0546     		mov	r5, r0
 3582              	.LVL253:
2165:Drivers/STM32H7xx_HAL_Driver/Src/stm32h7xx_hal_qspi.c ****   {
 3583              		.loc 1 2165 3 is_stmt 1 view .LVU1095
2165:Drivers/STM32H7xx_HAL_Driver/Src/stm32h7xx_hal_qspi.c ****   {
 3584              		.loc 1 2165 23 is_stmt 0 view .LVU1096
ARM GAS  C:\Users\12491\AppData\Local\Temp\ccCAIkbk.s 			page 128


 3585 000c 94F84120 		ldrb	r2, [r4, #65]	@ zero_extendqisi2
2165:Drivers/STM32H7xx_HAL_Driver/Src/stm32h7xx_hal_qspi.c ****   {
 3586              		.loc 1 2165 6 view .LVU1097
 3587 0010 12F00200 		ands	r0, r2, #2
 3588              	.LVL254:
2165:Drivers/STM32H7xx_HAL_Driver/Src/stm32h7xx_hal_qspi.c ****   {
 3589              		.loc 1 2165 6 view .LVU1098
 3590 0014 10D0     		beq	.L191
2168:Drivers/STM32H7xx_HAL_Driver/Src/stm32h7xx_hal_qspi.c **** 
 3591              		.loc 1 2168 5 is_stmt 1 view .LVU1099
2168:Drivers/STM32H7xx_HAL_Driver/Src/stm32h7xx_hal_qspi.c **** 
 3592              		.loc 1 2168 5 view .LVU1100
 3593 0016 0023     		movs	r3, #0
 3594 0018 84F84030 		strb	r3, [r4, #64]
2168:Drivers/STM32H7xx_HAL_Driver/Src/stm32h7xx_hal_qspi.c **** 
 3595              		.loc 1 2168 5 view .LVU1101
2170:Drivers/STM32H7xx_HAL_Driver/Src/stm32h7xx_hal_qspi.c ****     {
 3596              		.loc 1 2170 5 view .LVU1102
2170:Drivers/STM32H7xx_HAL_Driver/Src/stm32h7xx_hal_qspi.c ****     {
 3597              		.loc 1 2170 15 is_stmt 0 view .LVU1103
 3598 001c 2368     		ldr	r3, [r4]
2170:Drivers/STM32H7xx_HAL_Driver/Src/stm32h7xx_hal_qspi.c ****     {
 3599              		.loc 1 2170 25 view .LVU1104
 3600 001e 1A68     		ldr	r2, [r3]
2170:Drivers/STM32H7xx_HAL_Driver/Src/stm32h7xx_hal_qspi.c ****     {
 3601              		.loc 1 2170 8 view .LVU1105
 3602 0020 12F0040F 		tst	r2, #4
 3603 0024 0AD1     		bne	.L196
2161:Drivers/STM32H7xx_HAL_Driver/Src/stm32h7xx_hal_qspi.c ****   uint32_t tickstart = HAL_GetTick();
 3604              		.loc 1 2161 21 view .LVU1106
 3605 0026 0020     		movs	r0, #0
 3606              	.LVL255:
 3607              	.L192:
2184:Drivers/STM32H7xx_HAL_Driver/Src/stm32h7xx_hal_qspi.c ****     {
 3608              		.loc 1 2184 5 is_stmt 1 view .LVU1107
2184:Drivers/STM32H7xx_HAL_Driver/Src/stm32h7xx_hal_qspi.c ****     {
 3609              		.loc 1 2184 9 is_stmt 0 view .LVU1108
 3610 0028 2368     		ldr	r3, [r4]
 3611 002a 9A68     		ldr	r2, [r3, #8]
2184:Drivers/STM32H7xx_HAL_Driver/Src/stm32h7xx_hal_qspi.c ****     {
 3612              		.loc 1 2184 8 view .LVU1109
 3613 002c 12F0200F 		tst	r2, #32
 3614 0030 12D1     		bne	.L197
2212:Drivers/STM32H7xx_HAL_Driver/Src/stm32h7xx_hal_qspi.c ****     }
 3615              		.loc 1 2212 7 is_stmt 1 view .LVU1110
2212:Drivers/STM32H7xx_HAL_Driver/Src/stm32h7xx_hal_qspi.c ****     }
 3616              		.loc 1 2212 20 is_stmt 0 view .LVU1111
 3617 0032 0123     		movs	r3, #1
 3618 0034 84F84130 		strb	r3, [r4, #65]
 3619              	.LVL256:
 3620              	.L191:
2216:Drivers/STM32H7xx_HAL_Driver/Src/stm32h7xx_hal_qspi.c **** }
 3621              		.loc 1 2216 3 is_stmt 1 view .LVU1112
2217:Drivers/STM32H7xx_HAL_Driver/Src/stm32h7xx_hal_qspi.c **** 
 3622              		.loc 1 2217 1 is_stmt 0 view .LVU1113
 3623 0038 03B0     		add	sp, sp, #12
 3624              	.LCFI49:
ARM GAS  C:\Users\12491\AppData\Local\Temp\ccCAIkbk.s 			page 129


 3625              		.cfi_remember_state
 3626              		.cfi_def_cfa_offset 12
 3627              		@ sp needed
 3628 003a 30BD     		pop	{r4, r5, pc}
 3629              	.LVL257:
 3630              	.L196:
 3631              	.LCFI50:
 3632              		.cfi_restore_state
2174:Drivers/STM32H7xx_HAL_Driver/Src/stm32h7xx_hal_qspi.c **** 
 3633              		.loc 1 2174 7 is_stmt 1 view .LVU1114
 3634 003c 1A68     		ldr	r2, [r3]
 3635 003e 22F00402 		bic	r2, r2, #4
 3636 0042 1A60     		str	r2, [r3]
2177:Drivers/STM32H7xx_HAL_Driver/Src/stm32h7xx_hal_qspi.c ****       if(status != HAL_OK)
 3637              		.loc 1 2177 7 view .LVU1115
2177:Drivers/STM32H7xx_HAL_Driver/Src/stm32h7xx_hal_qspi.c ****       if(status != HAL_OK)
 3638              		.loc 1 2177 16 is_stmt 0 view .LVU1116
 3639 0044 E06B     		ldr	r0, [r4, #60]
 3640 0046 FFF7FEFF 		bl	HAL_MDMA_Abort
 3641              	.LVL258:
2178:Drivers/STM32H7xx_HAL_Driver/Src/stm32h7xx_hal_qspi.c ****       {
 3642              		.loc 1 2178 7 is_stmt 1 view .LVU1117
2178:Drivers/STM32H7xx_HAL_Driver/Src/stm32h7xx_hal_qspi.c ****       {
 3643              		.loc 1 2178 9 is_stmt 0 view .LVU1118
 3644 004a 0028     		cmp	r0, #0
 3645 004c ECD0     		beq	.L192
2180:Drivers/STM32H7xx_HAL_Driver/Src/stm32h7xx_hal_qspi.c ****       }
 3646              		.loc 1 2180 9 is_stmt 1 view .LVU1119
2180:Drivers/STM32H7xx_HAL_Driver/Src/stm32h7xx_hal_qspi.c ****       }
 3647              		.loc 1 2180 14 is_stmt 0 view .LVU1120
 3648 004e 636C     		ldr	r3, [r4, #68]
2180:Drivers/STM32H7xx_HAL_Driver/Src/stm32h7xx_hal_qspi.c ****       }
 3649              		.loc 1 2180 26 view .LVU1121
 3650 0050 43F00403 		orr	r3, r3, #4
 3651 0054 6364     		str	r3, [r4, #68]
 3652 0056 E7E7     		b	.L192
 3653              	.L197:
2187:Drivers/STM32H7xx_HAL_Driver/Src/stm32h7xx_hal_qspi.c ****       
 3654              		.loc 1 2187 7 is_stmt 1 view .LVU1122
 3655 0058 1A68     		ldr	r2, [r3]
 3656 005a 42F00202 		orr	r2, r2, #2
 3657 005e 1A60     		str	r2, [r3]
2190:Drivers/STM32H7xx_HAL_Driver/Src/stm32h7xx_hal_qspi.c ****       
 3658              		.loc 1 2190 7 view .LVU1123
2190:Drivers/STM32H7xx_HAL_Driver/Src/stm32h7xx_hal_qspi.c ****       
 3659              		.loc 1 2190 16 is_stmt 0 view .LVU1124
 3660 0060 A36C     		ldr	r3, [r4, #72]
 3661 0062 0093     		str	r3, [sp]
 3662 0064 2B46     		mov	r3, r5
 3663 0066 0122     		movs	r2, #1
 3664 0068 0221     		movs	r1, #2
 3665 006a 2046     		mov	r0, r4
 3666              	.LVL259:
2190:Drivers/STM32H7xx_HAL_Driver/Src/stm32h7xx_hal_qspi.c ****       
 3667              		.loc 1 2190 16 view .LVU1125
 3668 006c FFF7FEFF 		bl	QSPI_WaitFlagStateUntilTimeout
 3669              	.LVL260:
ARM GAS  C:\Users\12491\AppData\Local\Temp\ccCAIkbk.s 			page 130


2192:Drivers/STM32H7xx_HAL_Driver/Src/stm32h7xx_hal_qspi.c ****       {
 3670              		.loc 1 2192 7 is_stmt 1 view .LVU1126
2192:Drivers/STM32H7xx_HAL_Driver/Src/stm32h7xx_hal_qspi.c ****       {
 3671              		.loc 1 2192 10 is_stmt 0 view .LVU1127
 3672 0070 0028     		cmp	r0, #0
 3673 0072 E1D1     		bne	.L191
2194:Drivers/STM32H7xx_HAL_Driver/Src/stm32h7xx_hal_qspi.c ****         
 3674              		.loc 1 2194 9 is_stmt 1 view .LVU1128
 3675 0074 2368     		ldr	r3, [r4]
 3676 0076 0222     		movs	r2, #2
 3677 0078 DA60     		str	r2, [r3, #12]
2197:Drivers/STM32H7xx_HAL_Driver/Src/stm32h7xx_hal_qspi.c ****       }
 3678              		.loc 1 2197 9 view .LVU1129
2197:Drivers/STM32H7xx_HAL_Driver/Src/stm32h7xx_hal_qspi.c ****       }
 3679              		.loc 1 2197 18 is_stmt 0 view .LVU1130
 3680 007a A36C     		ldr	r3, [r4, #72]
 3681 007c 0093     		str	r3, [sp]
 3682 007e 2B46     		mov	r3, r5
 3683 0080 0022     		movs	r2, #0
 3684 0082 2021     		movs	r1, #32
 3685 0084 2046     		mov	r0, r4
 3686              	.LVL261:
2197:Drivers/STM32H7xx_HAL_Driver/Src/stm32h7xx_hal_qspi.c ****       }
 3687              		.loc 1 2197 18 view .LVU1131
 3688 0086 FFF7FEFF 		bl	QSPI_WaitFlagStateUntilTimeout
 3689              	.LVL262:
2200:Drivers/STM32H7xx_HAL_Driver/Src/stm32h7xx_hal_qspi.c ****       {
 3690              		.loc 1 2200 7 is_stmt 1 view .LVU1132
2200:Drivers/STM32H7xx_HAL_Driver/Src/stm32h7xx_hal_qspi.c ****       {
 3691              		.loc 1 2200 10 is_stmt 0 view .LVU1133
 3692 008a 0028     		cmp	r0, #0
 3693 008c D4D1     		bne	.L191
2203:Drivers/STM32H7xx_HAL_Driver/Src/stm32h7xx_hal_qspi.c ****         
 3694              		.loc 1 2203 9 is_stmt 1 view .LVU1134
 3695 008e 2268     		ldr	r2, [r4]
 3696 0090 5369     		ldr	r3, [r2, #20]
 3697 0092 23F04063 		bic	r3, r3, #201326592
 3698 0096 5361     		str	r3, [r2, #20]
2206:Drivers/STM32H7xx_HAL_Driver/Src/stm32h7xx_hal_qspi.c ****       }
 3699              		.loc 1 2206 9 view .LVU1135
2206:Drivers/STM32H7xx_HAL_Driver/Src/stm32h7xx_hal_qspi.c ****       }
 3700              		.loc 1 2206 22 is_stmt 0 view .LVU1136
 3701 0098 0123     		movs	r3, #1
 3702 009a 84F84130 		strb	r3, [r4, #65]
 3703 009e CBE7     		b	.L191
 3704              		.cfi_endproc
 3705              	.LFE170:
 3707              		.section	.text.HAL_QSPI_Abort_IT,"ax",%progbits
 3708              		.align	1
 3709              		.global	HAL_QSPI_Abort_IT
 3710              		.syntax unified
 3711              		.thumb
 3712              		.thumb_func
 3714              	HAL_QSPI_Abort_IT:
 3715              	.LVL263:
 3716              	.LFB171:
2225:Drivers/STM32H7xx_HAL_Driver/Src/stm32h7xx_hal_qspi.c ****   HAL_StatusTypeDef status = HAL_OK;
ARM GAS  C:\Users\12491\AppData\Local\Temp\ccCAIkbk.s 			page 131


 3717              		.loc 1 2225 1 is_stmt 1 view -0
 3718              		.cfi_startproc
 3719              		@ args = 0, pretend = 0, frame = 0
 3720              		@ frame_needed = 0, uses_anonymous_args = 0
2226:Drivers/STM32H7xx_HAL_Driver/Src/stm32h7xx_hal_qspi.c **** 
 3721              		.loc 1 2226 3 view .LVU1138
2229:Drivers/STM32H7xx_HAL_Driver/Src/stm32h7xx_hal_qspi.c ****   {
 3722              		.loc 1 2229 3 view .LVU1139
2229:Drivers/STM32H7xx_HAL_Driver/Src/stm32h7xx_hal_qspi.c ****   {
 3723              		.loc 1 2229 23 is_stmt 0 view .LVU1140
 3724 0000 90F84130 		ldrb	r3, [r0, #65]	@ zero_extendqisi2
2229:Drivers/STM32H7xx_HAL_Driver/Src/stm32h7xx_hal_qspi.c ****   {
 3725              		.loc 1 2229 6 view .LVU1141
 3726 0004 13F0020F 		tst	r3, #2
 3727 0008 3AD0     		beq	.L203
2225:Drivers/STM32H7xx_HAL_Driver/Src/stm32h7xx_hal_qspi.c ****   HAL_StatusTypeDef status = HAL_OK;
 3728              		.loc 1 2225 1 view .LVU1142
 3729 000a 10B5     		push	{r4, lr}
 3730              	.LCFI51:
 3731              		.cfi_def_cfa_offset 8
 3732              		.cfi_offset 4, -8
 3733              		.cfi_offset 14, -4
 3734 000c 0446     		mov	r4, r0
2232:Drivers/STM32H7xx_HAL_Driver/Src/stm32h7xx_hal_qspi.c **** 
 3735              		.loc 1 2232 5 is_stmt 1 view .LVU1143
2232:Drivers/STM32H7xx_HAL_Driver/Src/stm32h7xx_hal_qspi.c **** 
 3736              		.loc 1 2232 5 view .LVU1144
 3737 000e 0023     		movs	r3, #0
 3738 0010 80F84030 		strb	r3, [r0, #64]
2232:Drivers/STM32H7xx_HAL_Driver/Src/stm32h7xx_hal_qspi.c **** 
 3739              		.loc 1 2232 5 view .LVU1145
2235:Drivers/STM32H7xx_HAL_Driver/Src/stm32h7xx_hal_qspi.c **** 
 3740              		.loc 1 2235 5 view .LVU1146
2235:Drivers/STM32H7xx_HAL_Driver/Src/stm32h7xx_hal_qspi.c **** 
 3741              		.loc 1 2235 18 is_stmt 0 view .LVU1147
 3742 0014 0823     		movs	r3, #8
 3743 0016 80F84130 		strb	r3, [r0, #65]
2238:Drivers/STM32H7xx_HAL_Driver/Src/stm32h7xx_hal_qspi.c **** 
 3744              		.loc 1 2238 5 is_stmt 1 view .LVU1148
 3745 001a 0268     		ldr	r2, [r0]
 3746 001c 1368     		ldr	r3, [r2]
 3747 001e 23F4F813 		bic	r3, r3, #2031616
 3748 0022 1360     		str	r3, [r2]
2240:Drivers/STM32H7xx_HAL_Driver/Src/stm32h7xx_hal_qspi.c ****     {
 3749              		.loc 1 2240 5 view .LVU1149
2240:Drivers/STM32H7xx_HAL_Driver/Src/stm32h7xx_hal_qspi.c ****     {
 3750              		.loc 1 2240 15 is_stmt 0 view .LVU1150
 3751 0024 0368     		ldr	r3, [r0]
2240:Drivers/STM32H7xx_HAL_Driver/Src/stm32h7xx_hal_qspi.c ****     {
 3752              		.loc 1 2240 25 view .LVU1151
 3753 0026 1A68     		ldr	r2, [r3]
2240:Drivers/STM32H7xx_HAL_Driver/Src/stm32h7xx_hal_qspi.c ****     {
 3754              		.loc 1 2240 8 view .LVU1152
 3755 0028 12F0040F 		tst	r2, #4
 3756 002c 11D1     		bne	.L206
2263:Drivers/STM32H7xx_HAL_Driver/Src/stm32h7xx_hal_qspi.c ****       {
 3757              		.loc 1 2263 7 is_stmt 1 view .LVU1153
ARM GAS  C:\Users\12491\AppData\Local\Temp\ccCAIkbk.s 			page 132


2263:Drivers/STM32H7xx_HAL_Driver/Src/stm32h7xx_hal_qspi.c ****       {
 3758              		.loc 1 2263 11 is_stmt 0 view .LVU1154
 3759 002e 9A68     		ldr	r2, [r3, #8]
2263:Drivers/STM32H7xx_HAL_Driver/Src/stm32h7xx_hal_qspi.c ****       {
 3760              		.loc 1 2263 10 view .LVU1155
 3761 0030 12F0200F 		tst	r2, #32
 3762 0034 20D0     		beq	.L201
2266:Drivers/STM32H7xx_HAL_Driver/Src/stm32h7xx_hal_qspi.c ****         
 3763              		.loc 1 2266 9 is_stmt 1 view .LVU1156
 3764 0036 0222     		movs	r2, #2
 3765 0038 DA60     		str	r2, [r3, #12]
2269:Drivers/STM32H7xx_HAL_Driver/Src/stm32h7xx_hal_qspi.c ****         
 3766              		.loc 1 2269 9 view .LVU1157
 3767 003a 0268     		ldr	r2, [r0]
 3768 003c 1368     		ldr	r3, [r2]
 3769 003e 43F40033 		orr	r3, r3, #131072
 3770 0042 1360     		str	r3, [r2]
2272:Drivers/STM32H7xx_HAL_Driver/Src/stm32h7xx_hal_qspi.c ****       }    
 3771              		.loc 1 2272 9 view .LVU1158
 3772 0044 0268     		ldr	r2, [r0]
 3773 0046 1368     		ldr	r3, [r2]
 3774 0048 43F00203 		orr	r3, r3, #2
 3775 004c 1360     		str	r3, [r2]
 3776              	.LVL264:
 3777              	.L199:
2281:Drivers/STM32H7xx_HAL_Driver/Src/stm32h7xx_hal_qspi.c **** }
 3778              		.loc 1 2281 3 view .LVU1159
2282:Drivers/STM32H7xx_HAL_Driver/Src/stm32h7xx_hal_qspi.c **** 
 3779              		.loc 1 2282 1 is_stmt 0 view .LVU1160
 3780 004e 0020     		movs	r0, #0
 3781 0050 10BD     		pop	{r4, pc}
 3782              	.LVL265:
 3783              	.L206:
2244:Drivers/STM32H7xx_HAL_Driver/Src/stm32h7xx_hal_qspi.c **** 
 3784              		.loc 1 2244 7 is_stmt 1 view .LVU1161
 3785 0052 1A68     		ldr	r2, [r3]
 3786 0054 22F00402 		bic	r2, r2, #4
 3787 0058 1A60     		str	r2, [r3]
2247:Drivers/STM32H7xx_HAL_Driver/Src/stm32h7xx_hal_qspi.c ****       if (HAL_MDMA_Abort_IT(hqspi->hmdma) != HAL_OK)
 3788              		.loc 1 2247 7 view .LVU1162
2247:Drivers/STM32H7xx_HAL_Driver/Src/stm32h7xx_hal_qspi.c ****       if (HAL_MDMA_Abort_IT(hqspi->hmdma) != HAL_OK)
 3789              		.loc 1 2247 12 is_stmt 0 view .LVU1163
 3790 005a C36B     		ldr	r3, [r0, #60]
2247:Drivers/STM32H7xx_HAL_Driver/Src/stm32h7xx_hal_qspi.c ****       if (HAL_MDMA_Abort_IT(hqspi->hmdma) != HAL_OK)
 3791              		.loc 1 2247 39 view .LVU1164
 3792 005c 094A     		ldr	r2, .L207
 3793 005e 9A65     		str	r2, [r3, #88]
2248:Drivers/STM32H7xx_HAL_Driver/Src/stm32h7xx_hal_qspi.c ****       {
 3794              		.loc 1 2248 7 is_stmt 1 view .LVU1165
2248:Drivers/STM32H7xx_HAL_Driver/Src/stm32h7xx_hal_qspi.c ****       {
 3795              		.loc 1 2248 11 is_stmt 0 view .LVU1166
 3796 0060 C06B     		ldr	r0, [r0, #60]
 3797              	.LVL266:
2248:Drivers/STM32H7xx_HAL_Driver/Src/stm32h7xx_hal_qspi.c ****       {
 3798              		.loc 1 2248 11 view .LVU1167
 3799 0062 FFF7FEFF 		bl	HAL_MDMA_Abort_IT
 3800              	.LVL267:
ARM GAS  C:\Users\12491\AppData\Local\Temp\ccCAIkbk.s 			page 133


2248:Drivers/STM32H7xx_HAL_Driver/Src/stm32h7xx_hal_qspi.c ****       {
 3801              		.loc 1 2248 10 discriminator 1 view .LVU1168
 3802 0066 0028     		cmp	r0, #0
 3803 0068 F1D0     		beq	.L199
2251:Drivers/STM32H7xx_HAL_Driver/Src/stm32h7xx_hal_qspi.c **** 
 3804              		.loc 1 2251 9 is_stmt 1 view .LVU1169
2251:Drivers/STM32H7xx_HAL_Driver/Src/stm32h7xx_hal_qspi.c **** 
 3805              		.loc 1 2251 22 is_stmt 0 view .LVU1170
 3806 006a 0123     		movs	r3, #1
 3807 006c 84F84130 		strb	r3, [r4, #65]
2257:Drivers/STM32H7xx_HAL_Driver/Src/stm32h7xx_hal_qspi.c **** #endif
 3808              		.loc 1 2257 9 is_stmt 1 view .LVU1171
 3809 0070 2046     		mov	r0, r4
 3810 0072 FFF7FEFF 		bl	HAL_QSPI_AbortCpltCallback
 3811              	.LVL268:
 3812 0076 EAE7     		b	.L199
 3813              	.LVL269:
 3814              	.L201:
2277:Drivers/STM32H7xx_HAL_Driver/Src/stm32h7xx_hal_qspi.c ****       }
 3815              		.loc 1 2277 9 view .LVU1172
2277:Drivers/STM32H7xx_HAL_Driver/Src/stm32h7xx_hal_qspi.c ****       }
 3816              		.loc 1 2277 22 is_stmt 0 view .LVU1173
 3817 0078 0123     		movs	r3, #1
 3818 007a 80F84130 		strb	r3, [r0, #65]
 3819 007e E6E7     		b	.L199
 3820              	.L203:
 3821              	.LCFI52:
 3822              		.cfi_def_cfa_offset 0
 3823              		.cfi_restore 4
 3824              		.cfi_restore 14
2281:Drivers/STM32H7xx_HAL_Driver/Src/stm32h7xx_hal_qspi.c **** }
 3825              		.loc 1 2281 3 is_stmt 1 view .LVU1174
2282:Drivers/STM32H7xx_HAL_Driver/Src/stm32h7xx_hal_qspi.c **** 
 3826              		.loc 1 2282 1 is_stmt 0 view .LVU1175
 3827 0080 0020     		movs	r0, #0
 3828              	.LVL270:
2282:Drivers/STM32H7xx_HAL_Driver/Src/stm32h7xx_hal_qspi.c **** 
 3829              		.loc 1 2282 1 view .LVU1176
 3830 0082 7047     		bx	lr
 3831              	.L208:
 3832              		.align	2
 3833              	.L207:
 3834 0084 00000000 		.word	QSPI_DMAAbortCplt
 3835              		.cfi_endproc
 3836              	.LFE171:
 3838              		.section	.text.QSPI_DMAError,"ax",%progbits
 3839              		.align	1
 3840              		.syntax unified
 3841              		.thumb
 3842              		.thumb_func
 3844              	QSPI_DMAError:
 3845              	.LVL271:
 3846              	.LFB178:
2419:Drivers/STM32H7xx_HAL_Driver/Src/stm32h7xx_hal_qspi.c ****   QSPI_HandleTypeDef* hqspi = ( QSPI_HandleTypeDef* )(hmdma->Parent);
 3847              		.loc 1 2419 1 is_stmt 1 view -0
 3848              		.cfi_startproc
 3849              		@ args = 0, pretend = 0, frame = 0
ARM GAS  C:\Users\12491\AppData\Local\Temp\ccCAIkbk.s 			page 134


 3850              		@ frame_needed = 0, uses_anonymous_args = 0
2419:Drivers/STM32H7xx_HAL_Driver/Src/stm32h7xx_hal_qspi.c ****   QSPI_HandleTypeDef* hqspi = ( QSPI_HandleTypeDef* )(hmdma->Parent);
 3851              		.loc 1 2419 1 is_stmt 0 view .LVU1178
 3852 0000 08B5     		push	{r3, lr}
 3853              	.LCFI53:
 3854              		.cfi_def_cfa_offset 8
 3855              		.cfi_offset 3, -8
 3856              		.cfi_offset 14, -4
2420:Drivers/STM32H7xx_HAL_Driver/Src/stm32h7xx_hal_qspi.c **** 
 3857              		.loc 1 2420 3 is_stmt 1 view .LVU1179
2420:Drivers/STM32H7xx_HAL_Driver/Src/stm32h7xx_hal_qspi.c **** 
 3858              		.loc 1 2420 23 is_stmt 0 view .LVU1180
 3859 0002 006C     		ldr	r0, [r0, #64]
 3860              	.LVL272:
2422:Drivers/STM32H7xx_HAL_Driver/Src/stm32h7xx_hal_qspi.c ****   hqspi->TxXferCount = 0U;
 3861              		.loc 1 2422 3 is_stmt 1 view .LVU1181
2422:Drivers/STM32H7xx_HAL_Driver/Src/stm32h7xx_hal_qspi.c ****   hqspi->TxXferCount = 0U;
 3862              		.loc 1 2422 22 is_stmt 0 view .LVU1182
 3863 0004 0023     		movs	r3, #0
 3864 0006 8363     		str	r3, [r0, #56]
2423:Drivers/STM32H7xx_HAL_Driver/Src/stm32h7xx_hal_qspi.c ****   hqspi->ErrorCode   |= HAL_QSPI_ERROR_DMA;
 3865              		.loc 1 2423 3 is_stmt 1 view .LVU1183
2423:Drivers/STM32H7xx_HAL_Driver/Src/stm32h7xx_hal_qspi.c ****   hqspi->ErrorCode   |= HAL_QSPI_ERROR_DMA;
 3866              		.loc 1 2423 22 is_stmt 0 view .LVU1184
 3867 0008 C362     		str	r3, [r0, #44]
2424:Drivers/STM32H7xx_HAL_Driver/Src/stm32h7xx_hal_qspi.c **** 
 3868              		.loc 1 2424 3 is_stmt 1 view .LVU1185
2424:Drivers/STM32H7xx_HAL_Driver/Src/stm32h7xx_hal_qspi.c **** 
 3869              		.loc 1 2424 8 is_stmt 0 view .LVU1186
 3870 000a 436C     		ldr	r3, [r0, #68]
2424:Drivers/STM32H7xx_HAL_Driver/Src/stm32h7xx_hal_qspi.c **** 
 3871              		.loc 1 2424 22 view .LVU1187
 3872 000c 43F00403 		orr	r3, r3, #4
 3873 0010 4364     		str	r3, [r0, #68]
2428:Drivers/STM32H7xx_HAL_Driver/Src/stm32h7xx_hal_qspi.c **** 
 3874              		.loc 1 2428 3 is_stmt 1 view .LVU1188
 3875 0012 0268     		ldr	r2, [r0]
 3876 0014 1368     		ldr	r3, [r2]
 3877 0016 23F00403 		bic	r3, r3, #4
 3878 001a 1360     		str	r3, [r2]
2431:Drivers/STM32H7xx_HAL_Driver/Src/stm32h7xx_hal_qspi.c **** 
 3879              		.loc 1 2431 3 view .LVU1189
2431:Drivers/STM32H7xx_HAL_Driver/Src/stm32h7xx_hal_qspi.c **** 
 3880              		.loc 1 2431 9 is_stmt 0 view .LVU1190
 3881 001c FFF7FEFF 		bl	HAL_QSPI_Abort_IT
 3882              	.LVL273:
2433:Drivers/STM32H7xx_HAL_Driver/Src/stm32h7xx_hal_qspi.c **** 
 3883              		.loc 1 2433 1 view .LVU1191
 3884 0020 08BD     		pop	{r3, pc}
 3885              		.cfi_endproc
 3886              	.LFE178:
 3888              		.section	.text.HAL_QSPI_SetTimeout,"ax",%progbits
 3889              		.align	1
 3890              		.global	HAL_QSPI_SetTimeout
 3891              		.syntax unified
 3892              		.thumb
 3893              		.thumb_func
ARM GAS  C:\Users\12491\AppData\Local\Temp\ccCAIkbk.s 			page 135


 3895              	HAL_QSPI_SetTimeout:
 3896              	.LVL274:
 3897              	.LFB172:
2290:Drivers/STM32H7xx_HAL_Driver/Src/stm32h7xx_hal_qspi.c ****   hqspi->Timeout = Timeout;
 3898              		.loc 1 2290 1 is_stmt 1 view -0
 3899              		.cfi_startproc
 3900              		@ args = 0, pretend = 0, frame = 0
 3901              		@ frame_needed = 0, uses_anonymous_args = 0
 3902              		@ link register save eliminated.
2291:Drivers/STM32H7xx_HAL_Driver/Src/stm32h7xx_hal_qspi.c **** }
 3903              		.loc 1 2291 3 view .LVU1193
2291:Drivers/STM32H7xx_HAL_Driver/Src/stm32h7xx_hal_qspi.c **** }
 3904              		.loc 1 2291 18 is_stmt 0 view .LVU1194
 3905 0000 8164     		str	r1, [r0, #72]
2292:Drivers/STM32H7xx_HAL_Driver/Src/stm32h7xx_hal_qspi.c **** 
 3906              		.loc 1 2292 1 view .LVU1195
 3907 0002 7047     		bx	lr
 3908              		.cfi_endproc
 3909              	.LFE172:
 3911              		.section	.text.HAL_QSPI_Init,"ax",%progbits
 3912              		.align	1
 3913              		.global	HAL_QSPI_Init
 3914              		.syntax unified
 3915              		.thumb
 3916              		.thumb_func
 3918              	HAL_QSPI_Init:
 3919              	.LVL275:
 3920              	.LFB144:
 307:Drivers/STM32H7xx_HAL_Driver/Src/stm32h7xx_hal_qspi.c ****   HAL_StatusTypeDef status;
 3921              		.loc 1 307 1 is_stmt 1 view -0
 3922              		.cfi_startproc
 3923              		@ args = 0, pretend = 0, frame = 0
 3924              		@ frame_needed = 0, uses_anonymous_args = 0
 307:Drivers/STM32H7xx_HAL_Driver/Src/stm32h7xx_hal_qspi.c ****   HAL_StatusTypeDef status;
 3925              		.loc 1 307 1 is_stmt 0 view .LVU1197
 3926 0000 70B5     		push	{r4, r5, r6, lr}
 3927              	.LCFI54:
 3928              		.cfi_def_cfa_offset 16
 3929              		.cfi_offset 4, -16
 3930              		.cfi_offset 5, -12
 3931              		.cfi_offset 6, -8
 3932              		.cfi_offset 14, -4
 3933 0002 82B0     		sub	sp, sp, #8
 3934              	.LCFI55:
 3935              		.cfi_def_cfa_offset 24
 3936 0004 0446     		mov	r4, r0
 308:Drivers/STM32H7xx_HAL_Driver/Src/stm32h7xx_hal_qspi.c ****   uint32_t tickstart = HAL_GetTick();
 3937              		.loc 1 308 3 is_stmt 1 view .LVU1198
 309:Drivers/STM32H7xx_HAL_Driver/Src/stm32h7xx_hal_qspi.c **** 
 3938              		.loc 1 309 3 view .LVU1199
 309:Drivers/STM32H7xx_HAL_Driver/Src/stm32h7xx_hal_qspi.c **** 
 3939              		.loc 1 309 24 is_stmt 0 view .LVU1200
 3940 0006 FFF7FEFF 		bl	HAL_GetTick
 3941              	.LVL276:
 312:Drivers/STM32H7xx_HAL_Driver/Src/stm32h7xx_hal_qspi.c ****   {
 3942              		.loc 1 312 3 is_stmt 1 view .LVU1201
 312:Drivers/STM32H7xx_HAL_Driver/Src/stm32h7xx_hal_qspi.c ****   {
ARM GAS  C:\Users\12491\AppData\Local\Temp\ccCAIkbk.s 			page 136


 3943              		.loc 1 312 5 is_stmt 0 view .LVU1202
 3944 000a 002C     		cmp	r4, #0
 3945 000c 45D0     		beq	.L215
 3946 000e 0646     		mov	r6, r0
 318:Drivers/STM32H7xx_HAL_Driver/Src/stm32h7xx_hal_qspi.c ****   assert_param(IS_QSPI_CLOCK_PRESCALER(hqspi->Init.ClockPrescaler));
 3947              		.loc 1 318 3 is_stmt 1 view .LVU1203
 319:Drivers/STM32H7xx_HAL_Driver/Src/stm32h7xx_hal_qspi.c ****   assert_param(IS_QSPI_FIFO_THRESHOLD(hqspi->Init.FifoThreshold));
 3948              		.loc 1 319 3 view .LVU1204
 320:Drivers/STM32H7xx_HAL_Driver/Src/stm32h7xx_hal_qspi.c ****   assert_param(IS_QSPI_SSHIFT(hqspi->Init.SampleShifting));
 3949              		.loc 1 320 3 view .LVU1205
 321:Drivers/STM32H7xx_HAL_Driver/Src/stm32h7xx_hal_qspi.c ****   assert_param(IS_QSPI_FLASH_SIZE(hqspi->Init.FlashSize));
 3950              		.loc 1 321 3 view .LVU1206
 322:Drivers/STM32H7xx_HAL_Driver/Src/stm32h7xx_hal_qspi.c ****   assert_param(IS_QSPI_CS_HIGH_TIME(hqspi->Init.ChipSelectHighTime));
 3951              		.loc 1 322 3 view .LVU1207
 323:Drivers/STM32H7xx_HAL_Driver/Src/stm32h7xx_hal_qspi.c ****   assert_param(IS_QSPI_CLOCK_MODE(hqspi->Init.ClockMode));
 3952              		.loc 1 323 3 view .LVU1208
 324:Drivers/STM32H7xx_HAL_Driver/Src/stm32h7xx_hal_qspi.c ****   assert_param(IS_QSPI_DUAL_FLASH_MODE(hqspi->Init.DualFlash));
 3953              		.loc 1 324 3 view .LVU1209
 325:Drivers/STM32H7xx_HAL_Driver/Src/stm32h7xx_hal_qspi.c **** 
 3954              		.loc 1 325 3 view .LVU1210
 327:Drivers/STM32H7xx_HAL_Driver/Src/stm32h7xx_hal_qspi.c ****   {
 3955              		.loc 1 327 3 view .LVU1211
 329:Drivers/STM32H7xx_HAL_Driver/Src/stm32h7xx_hal_qspi.c ****   }
 3956              		.loc 1 329 5 view .LVU1212
 332:Drivers/STM32H7xx_HAL_Driver/Src/stm32h7xx_hal_qspi.c ****   {
 3957              		.loc 1 332 3 view .LVU1213
 332:Drivers/STM32H7xx_HAL_Driver/Src/stm32h7xx_hal_qspi.c ****   {
 3958              		.loc 1 332 11 is_stmt 0 view .LVU1214
 3959 0010 94F84130 		ldrb	r3, [r4, #65]	@ zero_extendqisi2
 332:Drivers/STM32H7xx_HAL_Driver/Src/stm32h7xx_hal_qspi.c ****   {
 3960              		.loc 1 332 5 view .LVU1215
 3961 0014 002B     		cmp	r3, #0
 3962 0016 37D0     		beq	.L217
 3963              	.LVL277:
 3964              	.L214:
 363:Drivers/STM32H7xx_HAL_Driver/Src/stm32h7xx_hal_qspi.c ****              ((hqspi->Init.FifoThreshold - 1U) << QUADSPI_CR_FTHRES_Pos));
 3965              		.loc 1 363 3 is_stmt 1 view .LVU1216
 3966 0018 2568     		ldr	r5, [r4]
 3967 001a 2A68     		ldr	r2, [r5]
 3968 001c 22F4F852 		bic	r2, r2, #7936
 3969 0020 A168     		ldr	r1, [r4, #8]
 3970 0022 0139     		subs	r1, r1, #1
 3971 0024 42EA0122 		orr	r2, r2, r1, lsl #8
 3972 0028 2A60     		str	r2, [r5]
 367:Drivers/STM32H7xx_HAL_Driver/Src/stm32h7xx_hal_qspi.c **** 
 3973              		.loc 1 367 3 view .LVU1217
 367:Drivers/STM32H7xx_HAL_Driver/Src/stm32h7xx_hal_qspi.c **** 
 3974              		.loc 1 367 12 is_stmt 0 view .LVU1218
 3975 002a A36C     		ldr	r3, [r4, #72]
 3976 002c 0093     		str	r3, [sp]
 3977 002e 3346     		mov	r3, r6
 3978 0030 0022     		movs	r2, #0
 3979 0032 2021     		movs	r1, #32
 3980 0034 2046     		mov	r0, r4
 3981 0036 FFF7FEFF 		bl	QSPI_WaitFlagStateUntilTimeout
 3982              	.LVL278:
 369:Drivers/STM32H7xx_HAL_Driver/Src/stm32h7xx_hal_qspi.c ****   {
ARM GAS  C:\Users\12491\AppData\Local\Temp\ccCAIkbk.s 			page 137


 3983              		.loc 1 369 3 is_stmt 1 view .LVU1219
 369:Drivers/STM32H7xx_HAL_Driver/Src/stm32h7xx_hal_qspi.c ****   {
 3984              		.loc 1 369 5 is_stmt 0 view .LVU1220
 3985 003a 18BB     		cbnz	r0, .L213
 372:Drivers/STM32H7xx_HAL_Driver/Src/stm32h7xx_hal_qspi.c ****                ((hqspi->Init.ClockPrescaler << QUADSPI_CR_PRESCALER_Pos) |
 3986              		.loc 1 372 5 is_stmt 1 view .LVU1221
 3987 003c 2168     		ldr	r1, [r4]
 3988 003e 0B68     		ldr	r3, [r1]
 3989 0040 174A     		ldr	r2, .L218
 3990 0042 1A40     		ands	r2, r2, r3
 3991 0044 6568     		ldr	r5, [r4, #4]
 3992 0046 E368     		ldr	r3, [r4, #12]
 3993 0048 43EA0563 		orr	r3, r3, r5, lsl #24
 3994 004c E569     		ldr	r5, [r4, #28]
 3995 004e 2B43     		orrs	r3, r3, r5
 3996 0050 256A     		ldr	r5, [r4, #32]
 3997 0052 2B43     		orrs	r3, r3, r5
 3998 0054 1A43     		orrs	r2, r2, r3
 3999 0056 0A60     		str	r2, [r1]
 377:Drivers/STM32H7xx_HAL_Driver/Src/stm32h7xx_hal_qspi.c ****                ((hqspi->Init.FlashSize << QUADSPI_DCR_FSIZE_Pos) |
 4000              		.loc 1 377 5 view .LVU1222
 4001 0058 2168     		ldr	r1, [r4]
 4002 005a 4A68     		ldr	r2, [r1, #4]
 4003 005c 114B     		ldr	r3, .L218+4
 4004 005e 1340     		ands	r3, r3, r2
 4005 0060 2569     		ldr	r5, [r4, #16]
 4006 0062 6269     		ldr	r2, [r4, #20]
 4007 0064 42EA0542 		orr	r2, r2, r5, lsl #16
 4008 0068 A569     		ldr	r5, [r4, #24]
 4009 006a 2A43     		orrs	r2, r2, r5
 4010 006c 1343     		orrs	r3, r3, r2
 4011 006e 4B60     		str	r3, [r1, #4]
 382:Drivers/STM32H7xx_HAL_Driver/Src/stm32h7xx_hal_qspi.c **** 
 4012              		.loc 1 382 5 view .LVU1223
 4013 0070 2268     		ldr	r2, [r4]
 4014 0072 1368     		ldr	r3, [r2]
 4015 0074 43F00103 		orr	r3, r3, #1
 4016 0078 1360     		str	r3, [r2]
 385:Drivers/STM32H7xx_HAL_Driver/Src/stm32h7xx_hal_qspi.c **** 
 4017              		.loc 1 385 5 view .LVU1224
 385:Drivers/STM32H7xx_HAL_Driver/Src/stm32h7xx_hal_qspi.c **** 
 4018              		.loc 1 385 22 is_stmt 0 view .LVU1225
 4019 007a 0023     		movs	r3, #0
 4020 007c 6364     		str	r3, [r4, #68]
 388:Drivers/STM32H7xx_HAL_Driver/Src/stm32h7xx_hal_qspi.c ****   }
 4021              		.loc 1 388 5 is_stmt 1 view .LVU1226
 388:Drivers/STM32H7xx_HAL_Driver/Src/stm32h7xx_hal_qspi.c ****   }
 4022              		.loc 1 388 18 is_stmt 0 view .LVU1227
 4023 007e 0123     		movs	r3, #1
 4024 0080 84F84130 		strb	r3, [r4, #65]
 4025              	.LVL279:
 4026              	.L213:
 393:Drivers/STM32H7xx_HAL_Driver/Src/stm32h7xx_hal_qspi.c **** 
 4027              		.loc 1 393 1 view .LVU1228
 4028 0084 02B0     		add	sp, sp, #8
 4029              	.LCFI56:
 4030              		.cfi_remember_state
ARM GAS  C:\Users\12491\AppData\Local\Temp\ccCAIkbk.s 			page 138


 4031              		.cfi_def_cfa_offset 16
 4032              		@ sp needed
 4033 0086 70BD     		pop	{r4, r5, r6, pc}
 4034              	.LVL280:
 4035              	.L217:
 4036              	.LCFI57:
 4037              		.cfi_restore_state
 355:Drivers/STM32H7xx_HAL_Driver/Src/stm32h7xx_hal_qspi.c **** #endif
 4038              		.loc 1 355 5 is_stmt 1 view .LVU1229
 4039 0088 2046     		mov	r0, r4
 4040              	.LVL281:
 355:Drivers/STM32H7xx_HAL_Driver/Src/stm32h7xx_hal_qspi.c **** #endif
 4041              		.loc 1 355 5 is_stmt 0 view .LVU1230
 4042 008a FFF7FEFF 		bl	HAL_QSPI_MspInit
 4043              	.LVL282:
 359:Drivers/STM32H7xx_HAL_Driver/Src/stm32h7xx_hal_qspi.c ****   }
 4044              		.loc 1 359 5 is_stmt 1 view .LVU1231
 4045 008e 41F28831 		movw	r1, #5000
 4046 0092 2046     		mov	r0, r4
 4047 0094 FFF7FEFF 		bl	HAL_QSPI_SetTimeout
 4048              	.LVL283:
 4049 0098 BEE7     		b	.L214
 4050              	.LVL284:
 4051              	.L215:
 314:Drivers/STM32H7xx_HAL_Driver/Src/stm32h7xx_hal_qspi.c ****   }
 4052              		.loc 1 314 12 is_stmt 0 view .LVU1232
 4053 009a 0120     		movs	r0, #1
 4054              	.LVL285:
 314:Drivers/STM32H7xx_HAL_Driver/Src/stm32h7xx_hal_qspi.c ****   }
 4055              		.loc 1 314 12 view .LVU1233
 4056 009c F2E7     		b	.L213
 4057              	.L219:
 4058 009e 00BF     		.align	2
 4059              	.L218:
 4060 00a0 2FFFFF00 		.word	16777007
 4061 00a4 FEF8E0FF 		.word	-2033410
 4062              		.cfi_endproc
 4063              	.LFE144:
 4065              		.section	.text.HAL_QSPI_SetFifoThreshold,"ax",%progbits
 4066              		.align	1
 4067              		.global	HAL_QSPI_SetFifoThreshold
 4068              		.syntax unified
 4069              		.thumb
 4070              		.thumb_func
 4072              	HAL_QSPI_SetFifoThreshold:
 4073              	.LVL286:
 4074              	.LFB173:
2300:Drivers/STM32H7xx_HAL_Driver/Src/stm32h7xx_hal_qspi.c ****   HAL_StatusTypeDef status = HAL_OK;
 4075              		.loc 1 2300 1 is_stmt 1 view -0
 4076              		.cfi_startproc
 4077              		@ args = 0, pretend = 0, frame = 0
 4078              		@ frame_needed = 0, uses_anonymous_args = 0
 4079              		@ link register save eliminated.
2300:Drivers/STM32H7xx_HAL_Driver/Src/stm32h7xx_hal_qspi.c ****   HAL_StatusTypeDef status = HAL_OK;
 4080              		.loc 1 2300 1 is_stmt 0 view .LVU1235
 4081 0000 0346     		mov	r3, r0
2301:Drivers/STM32H7xx_HAL_Driver/Src/stm32h7xx_hal_qspi.c **** 
ARM GAS  C:\Users\12491\AppData\Local\Temp\ccCAIkbk.s 			page 139


 4082              		.loc 1 2301 3 is_stmt 1 view .LVU1236
 4083              	.LVL287:
2304:Drivers/STM32H7xx_HAL_Driver/Src/stm32h7xx_hal_qspi.c **** 
 4084              		.loc 1 2304 3 view .LVU1237
2304:Drivers/STM32H7xx_HAL_Driver/Src/stm32h7xx_hal_qspi.c **** 
 4085              		.loc 1 2304 3 view .LVU1238
 4086 0002 90F84020 		ldrb	r2, [r0, #64]	@ zero_extendqisi2
 4087 0006 D2B2     		uxtb	r2, r2
 4088 0008 012A     		cmp	r2, #1
 4089 000a 17D0     		beq	.L223
2304:Drivers/STM32H7xx_HAL_Driver/Src/stm32h7xx_hal_qspi.c **** 
 4090              		.loc 1 2304 3 discriminator 2 view .LVU1239
 4091 000c 0122     		movs	r2, #1
 4092 000e 80F84020 		strb	r2, [r0, #64]
2304:Drivers/STM32H7xx_HAL_Driver/Src/stm32h7xx_hal_qspi.c **** 
 4093              		.loc 1 2304 3 discriminator 2 view .LVU1240
2306:Drivers/STM32H7xx_HAL_Driver/Src/stm32h7xx_hal_qspi.c ****   {
 4094              		.loc 1 2306 3 view .LVU1241
2306:Drivers/STM32H7xx_HAL_Driver/Src/stm32h7xx_hal_qspi.c ****   {
 4095              		.loc 1 2306 11 is_stmt 0 view .LVU1242
 4096 0012 90F84120 		ldrb	r2, [r0, #65]	@ zero_extendqisi2
 4097 0016 D2B2     		uxtb	r2, r2
2306:Drivers/STM32H7xx_HAL_Driver/Src/stm32h7xx_hal_qspi.c ****   {
 4098              		.loc 1 2306 5 view .LVU1243
 4099 0018 012A     		cmp	r2, #1
 4100 001a 04D0     		beq	.L225
2317:Drivers/STM32H7xx_HAL_Driver/Src/stm32h7xx_hal_qspi.c ****   }
 4101              		.loc 1 2317 12 view .LVU1244
 4102 001c 0220     		movs	r0, #2
 4103              	.LVL288:
 4104              	.L222:
2321:Drivers/STM32H7xx_HAL_Driver/Src/stm32h7xx_hal_qspi.c **** 
 4105              		.loc 1 2321 3 is_stmt 1 view .LVU1245
2321:Drivers/STM32H7xx_HAL_Driver/Src/stm32h7xx_hal_qspi.c **** 
 4106              		.loc 1 2321 3 view .LVU1246
 4107 001e 0022     		movs	r2, #0
 4108 0020 83F84020 		strb	r2, [r3, #64]
2321:Drivers/STM32H7xx_HAL_Driver/Src/stm32h7xx_hal_qspi.c **** 
 4109              		.loc 1 2321 3 view .LVU1247
2324:Drivers/STM32H7xx_HAL_Driver/Src/stm32h7xx_hal_qspi.c **** }
 4110              		.loc 1 2324 3 view .LVU1248
2324:Drivers/STM32H7xx_HAL_Driver/Src/stm32h7xx_hal_qspi.c **** }
 4111              		.loc 1 2324 10 is_stmt 0 view .LVU1249
 4112 0024 7047     		bx	lr
 4113              	.LVL289:
 4114              	.L225:
2309:Drivers/STM32H7xx_HAL_Driver/Src/stm32h7xx_hal_qspi.c **** 
 4115              		.loc 1 2309 5 is_stmt 1 view .LVU1250
2309:Drivers/STM32H7xx_HAL_Driver/Src/stm32h7xx_hal_qspi.c **** 
 4116              		.loc 1 2309 31 is_stmt 0 view .LVU1251
 4117 0026 8160     		str	r1, [r0, #8]
2312:Drivers/STM32H7xx_HAL_Driver/Src/stm32h7xx_hal_qspi.c ****                ((hqspi->Init.FifoThreshold - 1U) << QUADSPI_CR_FTHRES_Pos));
 4118              		.loc 1 2312 5 is_stmt 1 view .LVU1252
 4119 0028 0068     		ldr	r0, [r0]
 4120              	.LVL290:
2312:Drivers/STM32H7xx_HAL_Driver/Src/stm32h7xx_hal_qspi.c ****                ((hqspi->Init.FifoThreshold - 1U) << QUADSPI_CR_FTHRES_Pos));
 4121              		.loc 1 2312 5 is_stmt 0 view .LVU1253
ARM GAS  C:\Users\12491\AppData\Local\Temp\ccCAIkbk.s 			page 140


 4122 002a 0268     		ldr	r2, [r0]
 4123 002c 22F4F852 		bic	r2, r2, #7936
 4124 0030 0139     		subs	r1, r1, #1
 4125              	.LVL291:
2312:Drivers/STM32H7xx_HAL_Driver/Src/stm32h7xx_hal_qspi.c ****                ((hqspi->Init.FifoThreshold - 1U) << QUADSPI_CR_FTHRES_Pos));
 4126              		.loc 1 2312 5 view .LVU1254
 4127 0032 42EA0122 		orr	r2, r2, r1, lsl #8
 4128 0036 0260     		str	r2, [r0]
 4129              	.LVL292:
2301:Drivers/STM32H7xx_HAL_Driver/Src/stm32h7xx_hal_qspi.c **** 
 4130              		.loc 1 2301 21 view .LVU1255
 4131 0038 0020     		movs	r0, #0
 4132 003a F0E7     		b	.L222
 4133              	.LVL293:
 4134              	.L223:
2304:Drivers/STM32H7xx_HAL_Driver/Src/stm32h7xx_hal_qspi.c **** 
 4135              		.loc 1 2304 3 discriminator 1 view .LVU1256
 4136 003c 0220     		movs	r0, #2
 4137              	.LVL294:
2325:Drivers/STM32H7xx_HAL_Driver/Src/stm32h7xx_hal_qspi.c **** 
 4138              		.loc 1 2325 1 view .LVU1257
 4139 003e 7047     		bx	lr
 4140              		.cfi_endproc
 4141              	.LFE173:
 4143              		.section	.text.HAL_QSPI_GetFifoThreshold,"ax",%progbits
 4144              		.align	1
 4145              		.global	HAL_QSPI_GetFifoThreshold
 4146              		.syntax unified
 4147              		.thumb
 4148              		.thumb_func
 4150              	HAL_QSPI_GetFifoThreshold:
 4151              	.LVL295:
 4152              	.LFB174:
2332:Drivers/STM32H7xx_HAL_Driver/Src/stm32h7xx_hal_qspi.c ****   return ((READ_BIT(hqspi->Instance->CR, QUADSPI_CR_FTHRES) >> QUADSPI_CR_FTHRES_Pos) + 1U);
 4153              		.loc 1 2332 1 is_stmt 1 view -0
 4154              		.cfi_startproc
 4155              		@ args = 0, pretend = 0, frame = 0
 4156              		@ frame_needed = 0, uses_anonymous_args = 0
 4157              		@ link register save eliminated.
2333:Drivers/STM32H7xx_HAL_Driver/Src/stm32h7xx_hal_qspi.c **** }
 4158              		.loc 1 2333 3 view .LVU1259
2333:Drivers/STM32H7xx_HAL_Driver/Src/stm32h7xx_hal_qspi.c **** }
 4159              		.loc 1 2333 12 is_stmt 0 view .LVU1260
 4160 0000 0368     		ldr	r3, [r0]
 4161 0002 1868     		ldr	r0, [r3]
 4162              	.LVL296:
2333:Drivers/STM32H7xx_HAL_Driver/Src/stm32h7xx_hal_qspi.c **** }
 4163              		.loc 1 2333 61 view .LVU1261
 4164 0004 C0F30420 		ubfx	r0, r0, #8, #5
2334:Drivers/STM32H7xx_HAL_Driver/Src/stm32h7xx_hal_qspi.c **** 
 4165              		.loc 1 2334 1 view .LVU1262
 4166 0008 0130     		adds	r0, r0, #1
 4167 000a 7047     		bx	lr
 4168              		.cfi_endproc
 4169              	.LFE174:
 4171              		.section	.text.HAL_QSPI_SetFlashID,"ax",%progbits
 4172              		.align	1
ARM GAS  C:\Users\12491\AppData\Local\Temp\ccCAIkbk.s 			page 141


 4173              		.global	HAL_QSPI_SetFlashID
 4174              		.syntax unified
 4175              		.thumb
 4176              		.thumb_func
 4178              	HAL_QSPI_SetFlashID:
 4179              	.LVL297:
 4180              	.LFB175:
2344:Drivers/STM32H7xx_HAL_Driver/Src/stm32h7xx_hal_qspi.c ****   HAL_StatusTypeDef status = HAL_OK;
 4181              		.loc 1 2344 1 is_stmt 1 view -0
 4182              		.cfi_startproc
 4183              		@ args = 0, pretend = 0, frame = 0
 4184              		@ frame_needed = 0, uses_anonymous_args = 0
 4185              		@ link register save eliminated.
2344:Drivers/STM32H7xx_HAL_Driver/Src/stm32h7xx_hal_qspi.c ****   HAL_StatusTypeDef status = HAL_OK;
 4186              		.loc 1 2344 1 is_stmt 0 view .LVU1264
 4187 0000 0346     		mov	r3, r0
2345:Drivers/STM32H7xx_HAL_Driver/Src/stm32h7xx_hal_qspi.c **** 
 4188              		.loc 1 2345 3 is_stmt 1 view .LVU1265
 4189              	.LVL298:
2348:Drivers/STM32H7xx_HAL_Driver/Src/stm32h7xx_hal_qspi.c **** 
 4190              		.loc 1 2348 3 view .LVU1266
2351:Drivers/STM32H7xx_HAL_Driver/Src/stm32h7xx_hal_qspi.c **** 
 4191              		.loc 1 2351 3 view .LVU1267
2351:Drivers/STM32H7xx_HAL_Driver/Src/stm32h7xx_hal_qspi.c **** 
 4192              		.loc 1 2351 3 view .LVU1268
 4193 0002 90F84020 		ldrb	r2, [r0, #64]	@ zero_extendqisi2
 4194 0006 D2B2     		uxtb	r2, r2
 4195 0008 012A     		cmp	r2, #1
 4196 000a 15D0     		beq	.L230
2351:Drivers/STM32H7xx_HAL_Driver/Src/stm32h7xx_hal_qspi.c **** 
 4197              		.loc 1 2351 3 discriminator 2 view .LVU1269
 4198 000c 0122     		movs	r2, #1
 4199 000e 80F84020 		strb	r2, [r0, #64]
2351:Drivers/STM32H7xx_HAL_Driver/Src/stm32h7xx_hal_qspi.c **** 
 4200              		.loc 1 2351 3 discriminator 2 view .LVU1270
2353:Drivers/STM32H7xx_HAL_Driver/Src/stm32h7xx_hal_qspi.c ****   {
 4201              		.loc 1 2353 3 view .LVU1271
2353:Drivers/STM32H7xx_HAL_Driver/Src/stm32h7xx_hal_qspi.c ****   {
 4202              		.loc 1 2353 11 is_stmt 0 view .LVU1272
 4203 0012 90F84120 		ldrb	r2, [r0, #65]	@ zero_extendqisi2
 4204 0016 D2B2     		uxtb	r2, r2
2353:Drivers/STM32H7xx_HAL_Driver/Src/stm32h7xx_hal_qspi.c ****   {
 4205              		.loc 1 2353 5 view .LVU1273
 4206 0018 012A     		cmp	r2, #1
 4207 001a 04D0     		beq	.L232
2363:Drivers/STM32H7xx_HAL_Driver/Src/stm32h7xx_hal_qspi.c ****   }
 4208              		.loc 1 2363 12 view .LVU1274
 4209 001c 0220     		movs	r0, #2
 4210              	.LVL299:
 4211              	.L229:
2367:Drivers/STM32H7xx_HAL_Driver/Src/stm32h7xx_hal_qspi.c **** 
 4212              		.loc 1 2367 3 is_stmt 1 view .LVU1275
2367:Drivers/STM32H7xx_HAL_Driver/Src/stm32h7xx_hal_qspi.c **** 
 4213              		.loc 1 2367 3 view .LVU1276
 4214 001e 0022     		movs	r2, #0
 4215 0020 83F84020 		strb	r2, [r3, #64]
2367:Drivers/STM32H7xx_HAL_Driver/Src/stm32h7xx_hal_qspi.c **** 
ARM GAS  C:\Users\12491\AppData\Local\Temp\ccCAIkbk.s 			page 142


 4216              		.loc 1 2367 3 view .LVU1277
2370:Drivers/STM32H7xx_HAL_Driver/Src/stm32h7xx_hal_qspi.c **** }
 4217              		.loc 1 2370 3 view .LVU1278
2370:Drivers/STM32H7xx_HAL_Driver/Src/stm32h7xx_hal_qspi.c **** }
 4218              		.loc 1 2370 10 is_stmt 0 view .LVU1279
 4219 0024 7047     		bx	lr
 4220              	.LVL300:
 4221              	.L232:
2356:Drivers/STM32H7xx_HAL_Driver/Src/stm32h7xx_hal_qspi.c **** 
 4222              		.loc 1 2356 5 is_stmt 1 view .LVU1280
2356:Drivers/STM32H7xx_HAL_Driver/Src/stm32h7xx_hal_qspi.c **** 
 4223              		.loc 1 2356 25 is_stmt 0 view .LVU1281
 4224 0026 C161     		str	r1, [r0, #28]
2359:Drivers/STM32H7xx_HAL_Driver/Src/stm32h7xx_hal_qspi.c ****   }
 4225              		.loc 1 2359 5 is_stmt 1 view .LVU1282
 4226 0028 0068     		ldr	r0, [r0]
 4227              	.LVL301:
2359:Drivers/STM32H7xx_HAL_Driver/Src/stm32h7xx_hal_qspi.c ****   }
 4228              		.loc 1 2359 5 is_stmt 0 view .LVU1283
 4229 002a 0268     		ldr	r2, [r0]
 4230 002c 22F08002 		bic	r2, r2, #128
 4231 0030 0A43     		orrs	r2, r2, r1
 4232 0032 0260     		str	r2, [r0]
2345:Drivers/STM32H7xx_HAL_Driver/Src/stm32h7xx_hal_qspi.c **** 
 4233              		.loc 1 2345 21 view .LVU1284
 4234 0034 0020     		movs	r0, #0
 4235 0036 F2E7     		b	.L229
 4236              	.LVL302:
 4237              	.L230:
2351:Drivers/STM32H7xx_HAL_Driver/Src/stm32h7xx_hal_qspi.c **** 
 4238              		.loc 1 2351 3 discriminator 1 view .LVU1285
 4239 0038 0220     		movs	r0, #2
 4240              	.LVL303:
2371:Drivers/STM32H7xx_HAL_Driver/Src/stm32h7xx_hal_qspi.c **** 
 4241              		.loc 1 2371 1 view .LVU1286
 4242 003a 7047     		bx	lr
 4243              		.cfi_endproc
 4244              	.LFE175:
 4246              		.text
 4247              	.Letext0:
 4248              		.file 2 "C:\\Program Files\\STMicroelectronics\\STM32Cube\\STM32CubeCLT_1.20.0\\GNU-tools-for-STM3
 4249              		.file 3 "C:\\Program Files\\STMicroelectronics\\STM32Cube\\STM32CubeCLT_1.20.0\\GNU-tools-for-STM3
 4250              		.file 4 "Drivers/CMSIS/Device/ST/STM32H7xx/Include/stm32h743xx.h"
 4251              		.file 5 "Drivers/CMSIS/Device/ST/STM32H7xx/Include/stm32h7xx.h"
 4252              		.file 6 "Drivers/STM32H7xx_HAL_Driver/Inc/stm32h7xx_hal_def.h"
 4253              		.file 7 "Drivers/STM32H7xx_HAL_Driver/Inc/stm32h7xx_hal_mdma.h"
 4254              		.file 8 "Drivers/STM32H7xx_HAL_Driver/Inc/stm32h7xx_hal_qspi.h"
 4255              		.file 9 "Drivers/STM32H7xx_HAL_Driver/Inc/stm32h7xx_hal.h"
ARM GAS  C:\Users\12491\AppData\Local\Temp\ccCAIkbk.s 			page 143


DEFINED SYMBOLS
                            *ABS*:00000000 stm32h7xx_hal_qspi.c
C:\Users\12491\AppData\Local\Temp\ccCAIkbk.s:20     .text.QSPI_DMARxCplt:00000000 $t
C:\Users\12491\AppData\Local\Temp\ccCAIkbk.s:25     .text.QSPI_DMARxCplt:00000000 QSPI_DMARxCplt
C:\Users\12491\AppData\Local\Temp\ccCAIkbk.s:54     .text.QSPI_DMATxCplt:00000000 $t
C:\Users\12491\AppData\Local\Temp\ccCAIkbk.s:59     .text.QSPI_DMATxCplt:00000000 QSPI_DMATxCplt
C:\Users\12491\AppData\Local\Temp\ccCAIkbk.s:88     .text.QSPI_Config:00000000 $t
C:\Users\12491\AppData\Local\Temp\ccCAIkbk.s:93     .text.QSPI_Config:00000000 QSPI_Config
C:\Users\12491\AppData\Local\Temp\ccCAIkbk.s:442    .text.QSPI_WaitFlagStateUntilTimeout:00000000 $t
C:\Users\12491\AppData\Local\Temp\ccCAIkbk.s:447    .text.QSPI_WaitFlagStateUntilTimeout:00000000 QSPI_WaitFlagStateUntilTimeout
C:\Users\12491\AppData\Local\Temp\ccCAIkbk.s:527    .text.HAL_QSPI_MspInit:00000000 $t
C:\Users\12491\AppData\Local\Temp\ccCAIkbk.s:533    .text.HAL_QSPI_MspInit:00000000 HAL_QSPI_MspInit
C:\Users\12491\AppData\Local\Temp\ccCAIkbk.s:548    .text.HAL_QSPI_MspDeInit:00000000 $t
C:\Users\12491\AppData\Local\Temp\ccCAIkbk.s:554    .text.HAL_QSPI_MspDeInit:00000000 HAL_QSPI_MspDeInit
C:\Users\12491\AppData\Local\Temp\ccCAIkbk.s:569    .text.HAL_QSPI_DeInit:00000000 $t
C:\Users\12491\AppData\Local\Temp\ccCAIkbk.s:575    .text.HAL_QSPI_DeInit:00000000 HAL_QSPI_DeInit
C:\Users\12491\AppData\Local\Temp\ccCAIkbk.s:625    .text.HAL_QSPI_Command:00000000 $t
C:\Users\12491\AppData\Local\Temp\ccCAIkbk.s:631    .text.HAL_QSPI_Command:00000000 HAL_QSPI_Command
C:\Users\12491\AppData\Local\Temp\ccCAIkbk.s:789    .text.HAL_QSPI_Command_IT:00000000 $t
C:\Users\12491\AppData\Local\Temp\ccCAIkbk.s:795    .text.HAL_QSPI_Command_IT:00000000 HAL_QSPI_Command_IT
C:\Users\12491\AppData\Local\Temp\ccCAIkbk.s:955    .text.HAL_QSPI_Transmit:00000000 $t
C:\Users\12491\AppData\Local\Temp\ccCAIkbk.s:961    .text.HAL_QSPI_Transmit:00000000 HAL_QSPI_Transmit
C:\Users\12491\AppData\Local\Temp\ccCAIkbk.s:1166   .text.HAL_QSPI_Receive:00000000 $t
C:\Users\12491\AppData\Local\Temp\ccCAIkbk.s:1172   .text.HAL_QSPI_Receive:00000000 HAL_QSPI_Receive
C:\Users\12491\AppData\Local\Temp\ccCAIkbk.s:1384   .text.HAL_QSPI_Transmit_IT:00000000 $t
C:\Users\12491\AppData\Local\Temp\ccCAIkbk.s:1390   .text.HAL_QSPI_Transmit_IT:00000000 HAL_QSPI_Transmit_IT
C:\Users\12491\AppData\Local\Temp\ccCAIkbk.s:1511   .text.HAL_QSPI_Receive_IT:00000000 $t
C:\Users\12491\AppData\Local\Temp\ccCAIkbk.s:1517   .text.HAL_QSPI_Receive_IT:00000000 HAL_QSPI_Receive_IT
C:\Users\12491\AppData\Local\Temp\ccCAIkbk.s:1664   .text.HAL_QSPI_Transmit_DMA:00000000 $t
C:\Users\12491\AppData\Local\Temp\ccCAIkbk.s:1670   .text.HAL_QSPI_Transmit_DMA:00000000 HAL_QSPI_Transmit_DMA
C:\Users\12491\AppData\Local\Temp\ccCAIkbk.s:1938   .text.HAL_QSPI_Transmit_DMA:00000130 $d
C:\Users\12491\AppData\Local\Temp\ccCAIkbk.s:3844   .text.QSPI_DMAError:00000000 QSPI_DMAError
C:\Users\12491\AppData\Local\Temp\ccCAIkbk.s:1946   .text.HAL_QSPI_Receive_DMA:00000000 $t
C:\Users\12491\AppData\Local\Temp\ccCAIkbk.s:1952   .text.HAL_QSPI_Receive_DMA:00000000 HAL_QSPI_Receive_DMA
C:\Users\12491\AppData\Local\Temp\ccCAIkbk.s:2235   .text.HAL_QSPI_Receive_DMA:00000140 $d
C:\Users\12491\AppData\Local\Temp\ccCAIkbk.s:2243   .text.HAL_QSPI_AutoPolling:00000000 $t
C:\Users\12491\AppData\Local\Temp\ccCAIkbk.s:2249   .text.HAL_QSPI_AutoPolling:00000000 HAL_QSPI_AutoPolling
C:\Users\12491\AppData\Local\Temp\ccCAIkbk.s:2424   .text.HAL_QSPI_AutoPolling_IT:00000000 $t
C:\Users\12491\AppData\Local\Temp\ccCAIkbk.s:2430   .text.HAL_QSPI_AutoPolling_IT:00000000 HAL_QSPI_AutoPolling_IT
C:\Users\12491\AppData\Local\Temp\ccCAIkbk.s:2601   .text.HAL_QSPI_MemoryMapped:00000000 $t
C:\Users\12491\AppData\Local\Temp\ccCAIkbk.s:2607   .text.HAL_QSPI_MemoryMapped:00000000 HAL_QSPI_MemoryMapped
C:\Users\12491\AppData\Local\Temp\ccCAIkbk.s:2763   .text.HAL_QSPI_ErrorCallback:00000000 $t
C:\Users\12491\AppData\Local\Temp\ccCAIkbk.s:2769   .text.HAL_QSPI_ErrorCallback:00000000 HAL_QSPI_ErrorCallback
C:\Users\12491\AppData\Local\Temp\ccCAIkbk.s:2784   .text.QSPI_DMAAbortCplt:00000000 $t
C:\Users\12491\AppData\Local\Temp\ccCAIkbk.s:2789   .text.QSPI_DMAAbortCplt:00000000 QSPI_DMAAbortCplt
C:\Users\12491\AppData\Local\Temp\ccCAIkbk.s:2853   .text.HAL_QSPI_AbortCpltCallback:00000000 $t
C:\Users\12491\AppData\Local\Temp\ccCAIkbk.s:2859   .text.HAL_QSPI_AbortCpltCallback:00000000 HAL_QSPI_AbortCpltCallback
C:\Users\12491\AppData\Local\Temp\ccCAIkbk.s:2874   .text.HAL_QSPI_CmdCpltCallback:00000000 $t
C:\Users\12491\AppData\Local\Temp\ccCAIkbk.s:2880   .text.HAL_QSPI_CmdCpltCallback:00000000 HAL_QSPI_CmdCpltCallback
C:\Users\12491\AppData\Local\Temp\ccCAIkbk.s:2895   .text.HAL_QSPI_RxCpltCallback:00000000 $t
C:\Users\12491\AppData\Local\Temp\ccCAIkbk.s:2901   .text.HAL_QSPI_RxCpltCallback:00000000 HAL_QSPI_RxCpltCallback
C:\Users\12491\AppData\Local\Temp\ccCAIkbk.s:2916   .text.HAL_QSPI_TxCpltCallback:00000000 $t
C:\Users\12491\AppData\Local\Temp\ccCAIkbk.s:2922   .text.HAL_QSPI_TxCpltCallback:00000000 HAL_QSPI_TxCpltCallback
C:\Users\12491\AppData\Local\Temp\ccCAIkbk.s:2937   .text.HAL_QSPI_FifoThresholdCallback:00000000 $t
C:\Users\12491\AppData\Local\Temp\ccCAIkbk.s:2943   .text.HAL_QSPI_FifoThresholdCallback:00000000 HAL_QSPI_FifoThresholdCallback
C:\Users\12491\AppData\Local\Temp\ccCAIkbk.s:2958   .text.HAL_QSPI_StatusMatchCallback:00000000 $t
C:\Users\12491\AppData\Local\Temp\ccCAIkbk.s:2964   .text.HAL_QSPI_StatusMatchCallback:00000000 HAL_QSPI_StatusMatchCallback
ARM GAS  C:\Users\12491\AppData\Local\Temp\ccCAIkbk.s 			page 144


C:\Users\12491\AppData\Local\Temp\ccCAIkbk.s:2979   .text.HAL_QSPI_TimeOutCallback:00000000 $t
C:\Users\12491\AppData\Local\Temp\ccCAIkbk.s:2985   .text.HAL_QSPI_TimeOutCallback:00000000 HAL_QSPI_TimeOutCallback
C:\Users\12491\AppData\Local\Temp\ccCAIkbk.s:3000   .text.HAL_QSPI_IRQHandler:00000000 $t
C:\Users\12491\AppData\Local\Temp\ccCAIkbk.s:3006   .text.HAL_QSPI_IRQHandler:00000000 HAL_QSPI_IRQHandler
C:\Users\12491\AppData\Local\Temp\ccCAIkbk.s:3497   .text.HAL_QSPI_IRQHandler:0000023c $d
C:\Users\12491\AppData\Local\Temp\ccCAIkbk.s:3502   .text.HAL_QSPI_GetState:00000000 $t
C:\Users\12491\AppData\Local\Temp\ccCAIkbk.s:3508   .text.HAL_QSPI_GetState:00000000 HAL_QSPI_GetState
C:\Users\12491\AppData\Local\Temp\ccCAIkbk.s:3526   .text.HAL_QSPI_GetError:00000000 $t
C:\Users\12491\AppData\Local\Temp\ccCAIkbk.s:3532   .text.HAL_QSPI_GetError:00000000 HAL_QSPI_GetError
C:\Users\12491\AppData\Local\Temp\ccCAIkbk.s:3550   .text.HAL_QSPI_Abort:00000000 $t
C:\Users\12491\AppData\Local\Temp\ccCAIkbk.s:3556   .text.HAL_QSPI_Abort:00000000 HAL_QSPI_Abort
C:\Users\12491\AppData\Local\Temp\ccCAIkbk.s:3708   .text.HAL_QSPI_Abort_IT:00000000 $t
C:\Users\12491\AppData\Local\Temp\ccCAIkbk.s:3714   .text.HAL_QSPI_Abort_IT:00000000 HAL_QSPI_Abort_IT
C:\Users\12491\AppData\Local\Temp\ccCAIkbk.s:3834   .text.HAL_QSPI_Abort_IT:00000084 $d
C:\Users\12491\AppData\Local\Temp\ccCAIkbk.s:3839   .text.QSPI_DMAError:00000000 $t
C:\Users\12491\AppData\Local\Temp\ccCAIkbk.s:3889   .text.HAL_QSPI_SetTimeout:00000000 $t
C:\Users\12491\AppData\Local\Temp\ccCAIkbk.s:3895   .text.HAL_QSPI_SetTimeout:00000000 HAL_QSPI_SetTimeout
C:\Users\12491\AppData\Local\Temp\ccCAIkbk.s:3912   .text.HAL_QSPI_Init:00000000 $t
C:\Users\12491\AppData\Local\Temp\ccCAIkbk.s:3918   .text.HAL_QSPI_Init:00000000 HAL_QSPI_Init
C:\Users\12491\AppData\Local\Temp\ccCAIkbk.s:4060   .text.HAL_QSPI_Init:000000a0 $d
C:\Users\12491\AppData\Local\Temp\ccCAIkbk.s:4066   .text.HAL_QSPI_SetFifoThreshold:00000000 $t
C:\Users\12491\AppData\Local\Temp\ccCAIkbk.s:4072   .text.HAL_QSPI_SetFifoThreshold:00000000 HAL_QSPI_SetFifoThreshold
C:\Users\12491\AppData\Local\Temp\ccCAIkbk.s:4144   .text.HAL_QSPI_GetFifoThreshold:00000000 $t
C:\Users\12491\AppData\Local\Temp\ccCAIkbk.s:4150   .text.HAL_QSPI_GetFifoThreshold:00000000 HAL_QSPI_GetFifoThreshold
C:\Users\12491\AppData\Local\Temp\ccCAIkbk.s:4172   .text.HAL_QSPI_SetFlashID:00000000 $t
C:\Users\12491\AppData\Local\Temp\ccCAIkbk.s:4178   .text.HAL_QSPI_SetFlashID:00000000 HAL_QSPI_SetFlashID

UNDEFINED SYMBOLS
HAL_GetTick
HAL_MDMA_Start_IT
HAL_MDMA_Abort_IT
HAL_MDMA_Abort
